node,product_id,seller_id,category,rating,review_count,degree,weighted_degree,max_overlap,mean_jaccard,max_jaccard,clustering_coeff,core_number,pagerank,community_id,community_density,seller_concentration,hazard_code,is_known_eu_sanction,is_true_dangerous,product_hazard_index,risk_tier,anomaly_prediction,is_suspicious,anomaly_score
prod_20004341,20004341,1000425,Automotive,4.17,2080,1844,6550,331,0.0016,0.094,0.0003,46,0.03184,714,0.0141,0.006,NONE,False,False,1.0,CRITICAL_HAZARD,-1,True,-0.3023
prod_20002210,20002210,1000444,Tools & Home Improvement,4.17,1771,1732,5667,331,0.0017,0.094,0.0003,46,0.027627,282,0.013,0.007,NONE,False,False,0.9286,CRITICAL_HAZARD,-1,True,-0.3019
prod_20002810,20002810,1000282,Home & Garden,4.17,629,986,2104,102,0.0029,0.0391,0.0004,46,0.010214,501,0.0146,0.015,NONE,False,False,0.5649,HIGH_RISK,-1,True,-0.2977
prod_20001615,20001615,1000385,Phones & Telecommunications,4.21,465,765,1512,82,0.0035,0.0333,0.0005,46,0.007392,714,0.0141,0.006,NONE,False,False,0.4821,HIGH_RISK,-1,True,-0.2821
prod_20002842,20002842,1000469,Consumer Electronics,4.17,429,733,1412,64,0.0037,0.0295,0.0005,46,0.006851,714,0.0141,0.006,NONE,False,False,0.4753,HIGH_RISK,-1,True,-0.2797
prod_20002902,20002902,1000087,Sports & Entertainment,4.16,342,664,1198,66,0.0042,0.028,0.0005,46,0.005859,714,0.0141,0.006,NONE,False,False,0.4324,HIGH_RISK,-1,True,-0.279
prod_20002481,20002481,1000048,Consumer Electronics,4.22,371,681,1305,60,0.0041,0.0251,0.0005,46,0.006298,714,0.0141,0.006,NONE,False,False,0.4581,HIGH_RISK,-1,True,-0.2776
prod_20004645,20004645,1000384,Home & Garden,4.11,283,521,899,46,0.0047,0.0244,0.0006,46,0.004311,282,0.013,0.007,UNCERTIFIED_MED,True,True,0.4382,HIGH_RISK,-1,True,-0.2547
prod_20001965,20001965,1000210,Phones & Telecommunications,4.11,267,529,869,46,0.0047,0.02,0.0005,46,0.004249,282,0.013,0.007,NONE,False,False,0.3624,HIGH_RISK,-1,True,-0.254
prod_20002894,20002894,1000125,Computer & Office,4.17,285,567,945,48,0.0045,0.0219,0.0005,46,0.004667,282,0.013,0.007,NONE,False,False,0.3759,HIGH_RISK,-1,True,-0.2523
prod_20002647,20002647,1000434,Home & Garden,4.13,248,500,816,48,0.0049,0.0211,0.0006,46,0.004012,714,0.0141,0.006,NONE,False,False,0.353,HIGH_RISK,-1,True,-0.2493
prod_20003571,20003571,1000040,Home & Garden,4.1,250,499,820,37,0.005,0.0197,0.0006,46,0.003942,714,0.0141,0.006,NONE,False,False,0.3589,HIGH_RISK,-1,True,-0.2485
prod_20001361,20001361,1000493,Automotive,4.15,248,497,819,39,0.005,0.021,0.0006,46,0.004016,282,0.013,0.007,NONE,False,False,0.3547,HIGH_RISK,-1,True,-0.2457
prod_20001153,20001153,1000340,Consumer Electronics,4.21,221,478,730,35,0.0052,0.0179,0.0005,46,0.003544,282,0.013,0.007,NONE,False,False,0.3489,MODERATE_RISK,-1,True,-0.2429
prod_20004715,20004715,1000155,Computer & Office,4.09,222,442,700,34,0.0053,0.0184,0.0006,46,0.003438,714,0.0141,0.006,NONE,False,False,0.356,HIGH_RISK,-1,True,-0.239
prod_20002781,20002781,1000284,Automotive,4.11,204,435,678,34,0.0057,0.0175,0.0006,46,0.003333,282,0.013,0.007,NONE,False,False,0.3244,MODERATE_RISK,-1,True,-0.2387
prod_20003109,20003109,1000437,Phones & Telecommunications,4.18,180,405,627,32,0.0061,0.0222,0.0007,46,0.003071,923,0.0278,0.022,NONE,False,False,0.3074,MODERATE_RISK,-1,True,-0.2381
prod_20003253,20003253,1000356,Jewelry & Accessories,4.08,201,417,648,33,0.0056,0.0188,0.0006,46,0.003189,714,0.0141,0.006,ELEC_SHOCK,False,True,0.3401,MODERATE_RISK,-1,True,-0.2346
prod_20002600,20002600,1000249,Sports & Entertainment,4.13,231,423,723,41,0.0053,0.0181,0.0007,46,0.003516,714,0.0141,0.006,NONE,False,False,0.3415,MODERATE_RISK,-1,True,-0.2335
prod_20004141,20004141,1000477,Automotive,4.14,215,407,686,48,0.0055,0.0243,0.0007,46,0.003294,714,0.0141,0.006,NONE,False,False,0.3349,MODERATE_RISK,-1,True,-0.2316
prod_20002589,20002589,1000154,Jewelry & Accessories,4.17,211,435,672,41,0.0053,0.0206,0.0006,46,0.003372,714,0.0141,0.006,NONE,False,False,0.3254,MODERATE_RISK,-1,True,-0.2316
prod_20004456,20004456,1000335,Consumer Electronics,4.15,221,451,714,31,0.0053,0.0194,0.0006,46,0.003501,714,0.0141,0.006,NONE,False,False,0.3431,MODERATE_RISK,-1,True,-0.2313
prod_20002046,20002046,1000008,Jewelry & Accessories,2.0,1,4,4,1,0.3763,1.0,0.004,4,7.3e-05,732,0.6667,0.25,NONE,False,False,0.041,LOW_RISK,-1,True,-0.2311
prod_20002559,20002559,1000039,Consumer Electronics,4.18,212,426,698,41,0.0055,0.0211,0.0007,46,0.003326,714,0.0141,0.006,NONE,False,False,0.3309,MODERATE_RISK,-1,True,-0.23
prod_20002692,20002692,1000364,Sports & Entertainment,4.15,179,421,634,39,0.006,0.0244,0.0006,46,0.003116,714,0.0141,0.006,NONE,False,False,0.3173,MODERATE_RISK,-1,True,-0.2287
prod_20002543,20002543,1000262,Home & Garden,4.17,201,401,654,37,0.0058,0.0181,0.0007,46,0.003173,714,0.0141,0.006,NONE,False,False,0.3271,MODERATE_RISK,-1,True,-0.2225
prod_20001853,20001853,1000033,Jewelry & Accessories,4.14,178,404,614,26,0.0061,0.0191,0.0007,46,0.002971,282,0.013,0.007,NONE,False,False,0.3659,HIGH_RISK,-1,True,-0.2192
prod_20001946,20001946,1000328,Automotive,3.0,1,4,4,1,0.3763,1.0,0.004,4,7.3e-05,732,0.6667,0.25,NONE,False,False,0.0586,LOW_RISK,-1,True,-0.2189
prod_20002617,20002617,1000409,Computer & Office,4.27,195,378,608,33,0.0059,0.0233,0.0007,46,0.002971,714,0.0141,0.006,CHOKE_CHILD,True,True,0.4008,HIGH_RISK,-1,True,-0.2187
prod_20002353,20002353,1000058,Tools & Home Improvement,4.04,166,351,534,25,0.0064,0.0192,0.0007,46,0.002561,282,0.013,0.007,NONE,False,False,0.2938,MODERATE_RISK,-1,True,-0.2124
prod_20003810,20003810,1000387,Sports & Entertainment,4.27,153,353,507,25,0.0066,0.0192,0.0006,46,0.002521,282,0.013,0.007,NONE,False,False,0.2727,MODERATE_RISK,-1,True,-0.2115
prod_20003290,20003290,1000294,Home & Garden,1.0,1,9,9,1,0.2121,1.0,0.0031,9,8.5e-05,541,0.15,0.08,NONE,False,False,0.0543,LOW_RISK,-1,True,-0.2078
prod_20001425,20001425,1000110,Automotive,4.26,152,346,527,31,0.0069,0.0181,0.0007,46,0.002581,714,0.0141,0.006,NONE,False,False,0.2918,MODERATE_RISK,-1,True,-0.2055
prod_20000947,20000947,1000083,Automotive,4.05,150,341,498,28,0.0067,0.0182,0.0007,46,0.002461,714,0.0141,0.006,NONE,False,False,0.2783,MODERATE_RISK,-1,True,-0.2048
prod_20002217,20002217,1000283,Jewelry & Accessories,4.1,144,325,498,26,0.0071,0.0211,0.0008,46,0.002466,714,0.0141,0.006,NONE,False,False,0.2845,MODERATE_RISK,-1,True,-0.2047
prod_20004384,20004384,1000332,Computer & Office,4.14,152,358,506,21,0.0066,0.0187,0.0006,46,0.002465,714,0.0141,0.006,NONE,False,False,0.2825,MODERATE_RISK,-1,True,-0.2015
prod_20002542,20002542,1000340,Phones & Telecommunications,4.2,147,315,461,23,0.0069,0.0194,0.0007,46,0.002281,282,0.013,0.007,NONE,False,False,0.2681,MODERATE_RISK,-1,True,-0.1943
prod_20004244,20004244,1000387,Computer & Office,4.19,135,296,447,31,0.0072,0.0186,0.0008,46,0.002194,714,0.0141,0.006,NONE,False,False,0.257,MODERATE_RISK,-1,True,-0.1918
prod_20002041,20002041,1000072,Sports & Entertainment,4.21,160,365,538,18,0.0067,0.0204,0.0006,46,0.002652,714,0.0141,0.006,NONE,False,False,0.3416,MODERATE_RISK,-1,True,-0.1893
prod_20003161,20003161,1000320,Phones & Telecommunications,4.3,130,296,443,24,0.0076,0.0225,0.0008,46,0.002166,714,0.0141,0.006,NONE,False,False,0.2616,MODERATE_RISK,-1,True,-0.188
prod_20004127,20004127,1000196,Automotive,4.17,129,312,458,25,0.0076,0.0214,0.0008,46,0.002223,714,0.0141,0.006,NONE,False,False,0.2666,MODERATE_RISK,-1,True,-0.1868
prod_20000841,20000841,1000340,Computer & Office,4.04,119,266,386,23,0.008,0.0201,0.0008,46,0.001911,282,0.013,0.007,NONE,False,False,0.2511,MODERATE_RISK,-1,True,-0.1848
prod_20004209,20004209,1000125,Sports & Entertainment,4.18,118,287,406,22,0.0078,0.0211,0.0008,46,0.002001,282,0.013,0.007,NONE,False,False,0.2573,MODERATE_RISK,-1,True,-0.1823
prod_20004073,20004073,1000241,Automotive,4.12,123,291,408,19,0.0077,0.0203,0.0007,46,0.002018,282,0.013,0.007,NONE,False,False,0.2649,MODERATE_RISK,-1,True,-0.1807
prod_20002569,20002569,1000300,Jewelry & Accessories,4.19,115,276,387,21,0.0081,0.0242,0.0007,46,0.001875,714,0.0141,0.006,NONE,False,False,0.2484,MODERATE_RISK,-1,True,-0.1705
prod_20004103,20004103,1000447,Home & Garden,1.0,1,3,3,1,0.3494,1.0,0.0033,3,6.3e-05,282,0.013,0.007,NONE,False,False,0.0585,LOW_RISK,-1,True,-0.1704
prod_20001309,20001309,1000267,Sports & Entertainment,4.13,119,252,371,29,0.0079,0.0233,0.0009,46,0.001801,714,0.0141,0.006,NONE,False,False,0.238,MODERATE_RISK,-1,True,-0.1684
prod_20000888,20000888,1000095,Jewelry & Accessories,4.0,1,9,9,1,0.2121,1.0,0.0031,9,8.5e-05,541,0.15,0.08,NONE,False,False,0.0575,LOW_RISK,-1,True,-0.1665
prod_20001659,20001659,1000474,Consumer Electronics,3.0,1,3,3,1,0.1878,0.5,0.003,3,5.7e-05,732,0.6667,0.25,NONE,False,False,0.0505,LOW_RISK,-1,True,-0.1633
prod_20001142,20001142,1000074,Consumer Electronics,4.12,108,243,344,20,0.0085,0.0268,0.0008,46,0.001698,282,0.013,0.007,NONE,False,False,0.2391,MODERATE_RISK,-1,True,-0.1618
prod_20004554,20004554,1000198,Jewelry & Accessories,2.0,1,3,3,1,0.4526,1.0,0.003,3,7.2e-05,714,0.0141,0.006,NONE,False,False,0.057,LOW_RISK,-1,True,-0.1614
prod_20002291,20002291,1000069,Jewelry & Accessories,4.0,2,7,7,1,0.2236,0.5,0.0026,4,0.000101,732,0.6667,0.25,NONE,False,False,0.0493,LOW_RISK,-1,True,-0.1592
prod_20004472,20004472,1000373,Phones & Telecommunications,3.78,93,212,284,14,0.009,0.0194,0.0008,46,0.001399,501,0.0146,0.015,NONE,False,False,0.2118,MODERATE_RISK,-1,True,-0.1563
prod_20001149,20001149,1000416,Jewelry & Accessories,4.17,106,270,360,18,0.0084,0.0219,0.0007,46,0.001758,714,0.0141,0.006,NONE,False,False,0.2503,MODERATE_RISK,-1,True,-0.1547
prod_20004017,20004017,1000462,Sports & Entertainment,2.0,1,3,3,1,0.3494,1.0,0.0033,3,6.3e-05,282,0.013,0.007,NONE,False,False,0.0409,LOW_RISK,-1,True,-0.1541
prod_20001500,20001500,1000405,Consumer Electronics,4.39,92,213,277,13,0.0089,0.0207,0.0008,46,0.001412,923,0.0278,0.022,NONE,False,False,0.2082,MODERATE_RISK,-1,True,-0.1535
prod_20001235,20001235,1000145,Phones & Telecommunications,4.0,1,2,2,1,0.2525,0.5,0.003,2,5.6e-05,541,0.15,0.08,NONE,False,False,0.0474,LOW_RISK,-1,True,-0.149
prod_20000977,20000977,1000371,Home & Garden,3.0,1,3,3,1,0.5208,1.0,0.003,3,8.6e-05,501,0.0146,0.015,CHOKE_CHILD,True,True,0.301,MODERATE_RISK,-1,True,-0.1477
prod_20002959,20002959,1000224,Jewelry & Accessories,5.0,1,3,3,1,0.4643,1.0,0.003,3,7.6e-05,923,0.0278,0.022,NONE,False,False,0.0695,LOW_RISK,-1,True,-0.1474
prod_20002418,20002418,1000273,Tools & Home Improvement,4.0,1,3,3,1,0.4643,1.0,0.003,3,7.6e-05,923,0.0278,0.022,NONE,False,False,0.055,LOW_RISK,-1,True,-0.1472
prod_20004130,20004130,1000441,Sports & Entertainment,4.15,101,228,325,19,0.009,0.0254,0.0008,46,0.001606,714,0.0141,0.006,NONE,False,False,0.2316,MODERATE_RISK,-1,True,-0.1468
prod_20003138,20003138,1000364,Sports & Entertainment,4.23,108,246,341,18,0.0082,0.0182,0.0008,46,0.001667,714,0.0141,0.006,NONE,False,False,0.2233,MODERATE_RISK,-1,True,-0.1461
prod_20003071,20003071,1000010,Phones & Telecommunications,4.16,87,223,300,21,0.0092,0.0229,0.0009,46,0.001488,714,0.0141,0.006,NONE,False,False,0.221,MODERATE_RISK,-1,True,-0.1445
prod_20004552,20004552,1000334,Computer & Office,2.0,1,2,2,1,0.375,0.5,0.003,2,5.8e-05,923,0.0278,0.022,NONE,False,False,0.1334,LOW_RISK,-1,True,-0.1434
prod_20001779,20001779,1000170,Tools & Home Improvement,4.09,90,231,315,18,0.0092,0.02,0.0009,46,0.001534,714,0.0141,0.006,NONE,False,False,0.2293,MODERATE_RISK,-1,True,-0.142
prod_20004610,20004610,1000256,Consumer Electronics,4.03,90,243,326,14,0.0093,0.0263,0.0008,46,0.001596,714,0.0141,0.006,NONE,False,False,0.226,MODERATE_RISK,-1,True,-0.1416
prod_20002519,20002519,1000393,Jewelry & Accessories,4.22,110,225,301,19,0.008,0.0168,0.0008,46,0.0015,714,0.0141,0.006,NONE,False,False,0.2186,MODERATE_RISK,-1,True,-0.1414
prod_20000869,20000869,1000304,Jewelry & Accessories,3.99,86,230,282,16,0.0093,0.0204,0.0007,46,0.001454,714,0.0141,0.006,NONE,False,False,0.2105,MODERATE_RISK,-1,True,-0.1407
prod_20001044,20001044,1000082,Consumer Electronics,4.35,92,242,299,16,0.0089,0.02,0.0006,46,0.001541,714,0.0141,0.006,NONE,False,False,0.2262,MODERATE_RISK,-1,True,-0.1398
prod_20003527,20003527,1000184,Phones & Telecommunications,4.27,100,210,302,19,0.0086,0.0187,0.0009,46,0.001496,714,0.0141,0.006,NONE,False,False,0.2147,MODERATE_RISK,-1,True,-0.1395
prod_20004340,20004340,1000376,Sports & Entertainment,4.14,91,228,303,15,0.0091,0.0211,0.0008,46,0.00151,282,0.013,0.007,NONE,False,False,0.2151,MODERATE_RISK,-1,True,-0.1377
prod_20003661,20003661,1000142,Jewelry & Accessories,4.04,96,237,315,15,0.0087,0.0194,0.0008,46,0.001535,714,0.0141,0.006,NONE,False,False,0.2299,MODERATE_RISK,-1,True,-0.1377
prod_20001673,20001673,1000123,Computer & Office,4.15,97,240,328,17,0.0089,0.0273,0.0008,46,0.001582,714,0.0141,0.006,NONE,False,False,0.2309,MODERATE_RISK,-1,True,-0.1371
prod_20004555,20004555,1000133,Sports & Entertainment,5.0,1,3,3,1,0.2217,0.5,0.003,3,5.9e-05,541,0.15,0.08,NONE,False,False,0.0652,LOW_RISK,-1,True,-0.1363
prod_20000766,20000766,1000425,Tools & Home Improvement,4.09,93,212,284,18,0.0087,0.0252,0.0009,46,0.001445,714,0.0141,0.006,NONE,False,False,0.2216,MODERATE_RISK,-1,True,-0.1359
prod_20004539,20004539,1000065,Tools & Home Improvement,3.0,1,3,3,1,0.4526,1.0,0.003,3,7.2e-05,714,0.0141,0.006,NONE,False,False,0.0423,LOW_RISK,-1,True,-0.1356
prod_20000764,20000764,1000149,Automotive,5.0,1,3,3,1,0.5208,1.0,0.003,3,8.6e-05,501,0.0146,0.015,NONE,False,False,0.0634,LOW_RISK,-1,True,-0.1338
prod_20001794,20001794,1000028,Automotive,4.2,94,218,283,16,0.0089,0.0206,0.0008,46,0.001447,282,0.013,0.007,NONE,False,False,0.2114,MODERATE_RISK,-1,True,-0.1329
prod_20001700,20001700,1000380,Home & Garden,4.21,87,210,281,17,0.0093,0.0217,0.0009,46,0.00137,282,0.013,0.007,NONE,False,False,0.218,MODERATE_RISK,-1,True,-0.1328
prod_20002305,20002305,1000073,Sports & Entertainment,5.0,1,2,2,1,0.5072,1.0,0.003,2,7.2e-05,714,0.0141,0.006,ELEC_SHOCK,True,True,0.2485,MODERATE_RISK,-1,True,-0.1321
prod_20001836,20001836,1000014,Jewelry & Accessories,5.0,1,2,2,1,0.5072,1.0,0.003,2,7.2e-05,714,0.0141,0.006,NONE,False,False,0.059,LOW_RISK,-1,True,-0.1321
prod_20000961,20000961,1000238,Automotive,4.05,106,238,320,12,0.0083,0.0216,0.0008,46,0.001589,714,0.0141,0.006,NONE,False,False,0.222,MODERATE_RISK,-1,True,-0.132
prod_20004778,20004778,1000312,Computer & Office,2.0,1,7,7,1,0.149,1.0,0.0057,7,6.9e-05,714,0.0141,0.006,NONE,False,False,0.0878,LOW_RISK,-1,True,-0.1294
prod_20001926,20001926,1000472,Automotive,3.93,60,164,214,10,0.012,0.0395,0.001,46,0.001085,923,0.0278,0.022,NONE,False,False,0.1859,MODERATE_RISK,-1,True,-0.129
prod_20001969,20001969,1000317,Phones & Telecommunications,4.16,86,217,295,15,0.0096,0.0248,0.0009,46,0.001416,714,0.0141,0.006,NONE,False,False,0.2099,MODERATE_RISK,-1,True,-0.1252
prod_20002615,20002615,1000364,Sports & Entertainment,4.0,70,176,237,15,0.0105,0.0227,0.0011,46,0.001144,282,0.013,0.007,NONE,False,False,0.2021,MODERATE_RISK,-1,True,-0.1237
prod_20003991,20003991,1000309,Phones & Telecommunications,4.0,68,169,231,17,0.011,0.0244,0.0011,46,0.001158,282,0.013,0.007,NONE,False,False,0.2044,MODERATE_RISK,-1,True,-0.1232
prod_20002086,20002086,1000234,Home & Garden,4.11,83,193,248,16,0.0097,0.0222,0.0008,46,0.001257,282,0.013,0.007,NONE,False,False,0.2006,MODERATE_RISK,-1,True,-0.1232
prod_20002175,20002175,1000499,Computer & Office,4.23,81,209,267,15,0.0097,0.022,0.0008,46,0.001325,282,0.013,0.007,NONE,False,False,0.2093,MODERATE_RISK,-1,True,-0.1224
prod_20003879,20003879,1000150,Home & Garden,5.0,1,5,5,1,0.3124,1.0,0.0032,5,7.1e-05,923,0.0278,0.022,NONE,False,False,0.0605,LOW_RISK,-1,True,-0.1206
prod_20002298,20002298,1000283,Sports & Entertainment,5.0,1,5,5,1,0.3124,1.0,0.0032,5,7.1e-05,923,0.0278,0.022,NONE,False,False,0.0642,LOW_RISK,-1,True,-0.1206
prod_20004943,20004943,1000499,Jewelry & Accessories,4.16,80,207,280,15,0.0101,0.0243,0.0009,46,0.001385,714,0.0141,0.006,NONE,False,False,0.2216,MODERATE_RISK,-1,True,-0.1179
prod_20004003,20004003,1000245,Automotive,4.06,65,190,244,17,0.0116,0.0238,0.0008,46,0.001211,714,0.0141,0.006,NONE,False,False,0.2036,MODERATE_RISK,-1,True,-0.1167
prod_20002243,20002243,1000165,Tools & Home Improvement,4.02,87,201,262,13,0.009,0.0225,0.001,46,0.001272,714,0.0141,0.006,NONE,False,False,0.2102,MODERATE_RISK,-1,True,-0.1164
prod_20002869,20002869,1000300,Computer & Office,4.37,75,182,225,11,0.0101,0.0235,0.0008,46,0.001163,501,0.0146,0.015,NONE,False,False,0.2022,MODERATE_RISK,-1,True,-0.1162
prod_20001692,20001692,1000352,Jewelry & Accessories,5.0,1,3,3,1,0.3848,1.0,0.003,3,6.5e-05,282,0.013,0.007,NONE,False,False,0.0445,LOW_RISK,-1,True,-0.1158
prod_20002975,20002975,1000458,Automotive,3.0,2,5,5,1,0.1313,0.5,0.0028,4,7.2e-05,541,0.15,0.08,NONE,False,False,0.0589,LOW_RISK,-1,True,-0.1158
prod_20004515,20004515,1000497,Home & Garden,3.92,73,179,222,12,0.0108,0.0238,0.0007,46,0.001139,282,0.013,0.007,CHEM_TOXIC,True,True,0.2961,MODERATE_RISK,-1,True,-0.1152
prod_20001080,20001080,1000447,Tools & Home Improvement,4.0,1,3,3,1,0.3848,1.0,0.003,3,6.5e-05,282,0.013,0.007,NONE,False,False,0.0585,LOW_RISK,-1,True,-0.115
prod_20004743,20004743,1000097,Phones & Telecommunications,4.5,2,4,4,1,0.1691,0.5,0.0019,3,7.6e-05,541,0.15,0.08,NONE,False,False,0.028,LOW_RISK,-1,True,-0.115
prod_20002020,20002020,1000018,Tools & Home Improvement,3.79,78,176,240,12,0.01,0.0247,0.001,46,0.001204,714,0.0141,0.006,CHEM_TOXIC,True,True,0.3125,MODERATE_RISK,-1,True,-0.1145
prod_20003184,20003184,1000211,Home & Garden,3.88,73,199,255,11,0.0106,0.0215,0.0008,46,0.001245,714,0.0141,0.006,UNCERTIFIED_MED,True,True,0.3251,MODERATE_RISK,-1,True,-0.1145
prod_20001923,20001923,1000375,Tools & Home Improvement,5.0,1,4,4,1,0.3345,1.0,0.0042,4,7e-05,282,0.013,0.007,NONE,False,False,0.0574,LOW_RISK,-1,True,-0.1124
prod_20001104,20001104,1000286,Jewelry & Accessories,5.0,1,4,4,1,0.3345,1.0,0.0042,4,7e-05,282,0.013,0.007,NONE,False,False,0.0495,LOW_RISK,-1,True,-0.1124
prod_20003468,20003468,1000362,Automotive,4.29,92,218,277,11,0.0089,0.0217,0.0008,46,0.001421,714,0.0141,0.006,NONE,False,False,0.2367,MODERATE_RISK,-1,True,-0.112
prod_20004247,20004247,1000450,Tools & Home Improvement,1.0,1,0,0,0,0.0,0.0,0.0,0,3.6e-05,706,0.0,1.0,ELEC_SHOCK,False,True,0.121,LOW_RISK,-1,True,-0.1115
prod_20004816,20004816,1000463,Jewelry & Accessories,4.0,1,3,3,1,0.3455,1.0,0.0033,3,6.2e-05,282,0.013,0.007,NONE,False,False,0.0278,LOW_RISK,-1,True,-0.1107
prod_20002515,20002515,1000456,Home & Garden,5.0,1,3,3,1,0.3455,1.0,0.0033,3,6.2e-05,282,0.013,0.007,NONE,False,False,0.0503,LOW_RISK,-1,True,-0.1103
prod_20004834,20004834,1000332,Home & Garden,5.0,1,3,3,1,0.3481,1.0,0.003,3,6.2e-05,282,0.013,0.007,NONE,False,False,0.0806,LOW_RISK,-1,True,-0.11
prod_20001307,20001307,1000193,Sports & Entertainment,5.0,1,3,3,1,0.3481,1.0,0.003,3,6.2e-05,282,0.013,0.007,CHOKE_CHILD,True,True,0.2353,MODERATE_RISK,-1,True,-0.11
prod_20000967,20000967,1000032,Tools & Home Improvement,2.67,3,20,20,1,0.089,0.3333,0.0014,15,0.00014,541,0.15,0.08,NONE,False,False,0.0748,LOW_RISK,-1,True,-0.1094
prod_20004026,20004026,1000362,Automotive,4.42,71,194,243,14,0.0104,0.0254,0.0009,46,0.001205,714,0.0141,0.006,NONE,False,False,0.2373,MODERATE_RISK,-1,True,-0.1078
prod_20003825,20003825,1000040,Tools & Home Improvement,4.14,81,180,239,13,0.0099,0.0227,0.0009,46,0.001194,282,0.013,0.007,NONE,False,False,0.1939,MODERATE_RISK,-1,True,-0.1078
prod_20004895,20004895,1000156,Sports & Entertainment,4.22,67,187,234,13,0.011,0.0267,0.0008,46,0.001199,282,0.013,0.007,NONE,False,False,0.1892,MODERATE_RISK,-1,True,-0.1077
prod_20000921,20000921,1000202,Tools & Home Improvement,4.04,81,195,251,11,0.0098,0.023,0.0009,46,0.001203,714,0.0141,0.006,NONE,False,False,0.2077,MODERATE_RISK,-1,True,-0.1074
prod_20004043,20004043,1000164,Phones & Telecommunications,4.28,74,177,235,13,0.0103,0.0244,0.0009,46,0.001171,282,0.013,0.007,NONE,False,False,0.1949,MODERATE_RISK,-1,True,-0.1074
prod_20004249,20004249,1000060,Automotive,4.24,79,183,242,14,0.0099,0.025,0.0009,46,0.001218,714,0.0141,0.006,NONE,False,False,0.2042,MODERATE_RISK,-1,True,-0.1066
prod_20004557,20004557,1000264,Phones & Telecommunications,4.01,67,172,216,13,0.0113,0.0274,0.0008,46,0.001077,282,0.013,0.007,UNCERTIFIED_MED,False,True,0.1842,MODERATE_RISK,-1,True,-0.1066
prod_20003331,20003331,1000138,Phones & Telecommunications,5.0,1,4,4,1,0.254,1.0,0.0048,4,6.1e-05,714,0.0141,0.006,NONE,False,False,0.0449,LOW_RISK,-1,True,-0.1058
prod_20002252,20002252,1000407,Phones & Telecommunications,5.0,1,4,4,1,0.254,1.0,0.0048,4,6.1e-05,714,0.0141,0.006,NONE,False,False,0.0473,LOW_RISK,-1,True,-0.1058
prod_20002097,20002097,1000302,Jewelry & Accessories,4.1,60,175,205,11,0.0119,0.0323,0.0007,46,0.001092,282,0.013,0.007,NONE,False,False,0.1848,MODERATE_RISK,-1,True,-0.1028
prod_20003052,20003052,1000061,Home & Garden,4.23,75,207,270,9,0.0104,0.0211,0.0009,46,0.00132,714,0.0141,0.006,NONE,False,False,0.2031,MODERATE_RISK,-1,True,-0.1007
prod_20002104,20002104,1000375,Consumer Electronics,3.95,74,172,218,8,0.0104,0.0312,0.0009,46,0.001096,282,0.013,0.007,NONE,False,False,0.1842,MODERATE_RISK,-1,True,-0.1001
prod_20002789,20002789,1000243,Consumer Electronics,4.33,66,185,241,13,0.0113,0.0235,0.0009,46,0.001214,714,0.0141,0.006,NONE,False,False,0.2285,MODERATE_RISK,-1,True,-0.0999
prod_20001066,20001066,1000427,Sports & Entertainment,2.0,1,0,0,0,0.0,0.0,0.0,0,3.6e-05,131,0.0,1.0,NONE,False,False,0.0399,LOW_RISK,-1,True,-0.0992
prod_20002421,20002421,1000349,Home & Garden,3.97,68,183,225,9,0.0108,0.0235,0.0008,46,0.00116,714,0.0141,0.006,NONE,False,False,0.187,MODERATE_RISK,-1,True,-0.0991
prod_20003890,20003890,1000375,Automotive,3.0,1,2,2,1,0.1073,0.2,0.003,2,4.8e-05,541,0.15,0.08,NONE,False,False,0.0684,LOW_RISK,-1,True,-0.0985
prod_20001535,20001535,1000460,Consumer Electronics,2.0,1,2,2,1,0.0662,0.125,0.003,2,4.6e-05,541,0.15,0.08,NONE,False,False,0.0409,LOW_RISK,-1,True,-0.0975
prod_20001464,20001464,1000276,Computer & Office,4.17,69,185,237,10,0.0113,0.039,0.0008,46,0.001203,282,0.013,0.007,NONE,False,False,0.1918,MODERATE_RISK,-1,True,-0.0974
prod_20002489,20002489,1000257,Jewelry & Accessories,4.14,70,207,264,8,0.0109,0.0333,0.0009,46,0.001278,714,0.0141,0.006,NONE,False,False,0.2133,MODERATE_RISK,-1,True,-0.0968
prod_20003617,20003617,1000300,Consumer Electronics,4.11,70,176,224,10,0.0104,0.0244,0.001,46,0.001082,282,0.013,0.007,NONE,False,False,0.1912,MODERATE_RISK,-1,True,-0.0959
prod_20003638,20003638,1000242,Automotive,4.12,73,168,214,12,0.0099,0.026,0.001,46,0.001042,282,0.013,0.007,NONE,False,False,0.188,MODERATE_RISK,-1,True,-0.095
prod_20004606,20004606,1000409,Consumer Electronics,4.36,25,73,81,3,0.019,0.0426,0.0013,41,0.000433,541,0.15,0.08,UNCERTIFIED_MED,True,True,0.2816,MODERATE_RISK,-1,True,-0.0935
prod_20002943,20002943,1000100,Tools & Home Improvement,4.17,24,70,82,3,0.0229,0.0426,0.001,36,0.000447,541,0.15,0.08,NONE,False,False,0.1223,LOW_RISK,-1,True,-0.0921
prod_20004624,20004624,1000163,Tools & Home Improvement,3.93,54,140,169,11,0.0128,0.0286,0.0009,46,0.000885,282,0.013,0.007,NONE,False,False,0.1611,MODERATE_RISK,-1,True,-0.0902
prod_20002148,20002148,1000077,Home & Garden,4.4,57,156,199,12,0.0123,0.0333,0.001,46,0.000993,282,0.013,0.007,CHOKE_CHILD,False,True,0.2177,MODERATE_RISK,-1,True,-0.09
prod_20000794,20000794,1000202,Jewelry & Accessories,4.0,1,7,7,1,0.149,1.0,0.0057,7,6.9e-05,714,0.0141,0.006,NONE,False,False,0.0518,LOW_RISK,-1,True,-0.0882
prod_20002616,20002616,1000426,Tools & Home Improvement,4.05,55,143,175,14,0.0125,0.0312,0.0009,45,0.000868,714,0.0141,0.006,NONE,False,False,0.1675,MODERATE_RISK,-1,True,-0.0873
prod_20001379,20001379,1000426,Automotive,4.0,1,3,3,1,0.3389,0.5,0.003,3,7.1e-05,923,0.0278,0.022,NONE,False,False,0.0522,LOW_RISK,-1,True,-0.0871
prod_20004243,20004243,1000165,Sports & Entertainment,3.0,1,0,0,0,0.0,0.0,0.0,0,3.6e-05,422,0.0,1.0,NONE,False,False,0.0368,LOW_RISK,-1,True,-0.0863
prod_20004195,20004195,1000408,Consumer Electronics,3.0,0,0,0,0,0.0,0.0,0.0,0,3.6e-05,902,0.0,1.0,ELEC_SHOCK,False,True,0.0699,LOW_RISK,-1,True,-0.0863
prod_20002505,20002505,1000361,Jewelry & Accessories,4.12,69,171,225,10,0.0108,0.0241,0.001,46,0.00116,714,0.0141,0.006,CHEM_TOXIC,True,True,0.3049,MODERATE_RISK,-1,True,-0.0861
prod_20001970,20001970,1000480,Home & Garden,3.0,1,2,2,1,0.0011,0.0016,0.0141,2,4.4e-05,501,0.0146,0.015,NONE,False,False,0.053,LOW_RISK,-1,True,-0.086
prod_20004124,20004124,1000391,Jewelry & Accessories,4.02,50,143,178,12,0.0136,0.0213,0.0009,46,0.000907,282,0.013,0.007,NONE,False,False,0.1869,MODERATE_RISK,-1,True,-0.0858
prod_20003850,20003850,1000285,Home & Garden,3.12,0,0,0,0,0.0,0.0,0.0,0,3.6e-05,529,0.0,1.0,CHEM_TOXIC,True,True,0.2331,MODERATE_RISK,-1,True,-0.0848
prod_20002889,20002889,1000323,Tools & Home Improvement,4.0,1,1,1,1,0.3333,0.3333,0.0,1,5e-05,501,0.0146,0.015,NONE,False,False,0.0435,LOW_RISK,-1,True,-0.0838
prod_20002146,20002146,1000084,Automotive,4.23,69,176,226,8,0.011,0.0267,0.0009,46,0.001204,714,0.0141,0.006,CHEM_TOXIC,True,True,0.3184,MODERATE_RISK,-1,True,-0.0836
prod_20001356,20001356,1000180,Sports & Entertainment,5.0,1,3,3,1,0.3167,0.5,0.003,3,6.3e-05,923,0.0278,0.022,NONE,False,False,0.038,LOW_RISK,-1,True,-0.0835
prod_20002493,20002493,1000133,Phones & Telecommunications,4.3,64,151,187,12,0.0108,0.0274,0.001,46,0.000974,282,0.013,0.007,NONE,False,False,0.1787,MODERATE_RISK,-1,True,-0.0834
prod_20003002,20003002,1000313,Computer & Office,3.83,54,139,169,7,0.012,0.023,0.0011,46,0.000854,282,0.013,0.007,NONE,False,False,0.1655,MODERATE_RISK,-1,True,-0.0832
prod_20004999,20004999,1000042,Consumer Electronics,4.2,66,167,209,9,0.0109,0.0286,0.0009,46,0.001042,282,0.013,0.007,NONE,False,False,0.2012,MODERATE_RISK,-1,True,-0.0829
prod_20001966,20001966,1000053,Jewelry & Accessories,4.37,59,160,196,12,0.012,0.026,0.0008,46,0.001013,714,0.0141,0.006,NONE,False,False,0.1998,MODERATE_RISK,-1,True,-0.0826
prod_20003962,20003962,1000043,Automotive,3.87,46,137,172,12,0.0143,0.0339,0.001,46,0.000907,714,0.0141,0.006,NONE,False,False,0.1627,MODERATE_RISK,-1,True,-0.0823
prod_20003481,20003481,1000112,Automotive,4.19,52,148,182,14,0.013,0.0351,0.0009,46,0.000894,714,0.0141,0.006,NONE,False,False,0.1944,MODERATE_RISK,-1,True,-0.0813
prod_20003658,20003658,1000033,Tools & Home Improvement,4.17,65,164,208,11,0.0112,0.0286,0.0009,46,0.001047,714,0.0141,0.006,NONE,False,False,0.2781,MODERATE_RISK,-1,True,-0.0813
prod_20002806,20002806,1000361,Home & Garden,4.02,43,120,154,12,0.0145,0.0233,0.0011,45,0.000795,282,0.013,0.007,NONE,False,False,0.1884,MODERATE_RISK,-1,True,-0.0806
prod_20003256,20003256,1000333,Consumer Electronics,5.0,1,7,7,1,0.0589,0.2,0.0051,7,6.9e-05,541,0.15,0.08,NONE,False,False,0.0869,LOW_RISK,-1,True,-0.0802
prod_20003401,20003401,1000064,Computer & Office,3.34,0,0,0,0,0.0,0.0,0.0,0,3.6e-05,568,0.0,1.0,NONE,False,False,0.0484,LOW_RISK,-1,True,-0.0801
prod_20002958,20002958,1000394,Sports & Entertainment,4.2,50,139,179,14,0.0133,0.0286,0.001,46,0.000863,714,0.0141,0.006,CHEM_TOXIC,False,True,0.2066,MODERATE_RISK,-1,True,-0.0792
prod_20003897,20003897,1000161,Phones & Telecommunications,4.36,47,119,159,14,0.0138,0.0339,0.0012,46,0.000811,714,0.0141,0.006,NONE,False,False,0.1607,MODERATE_RISK,-1,True,-0.079
prod_20002248,20002248,1000144,Tools & Home Improvement,4.05,55,144,181,9,0.0124,0.0263,0.001,46,0.000896,282,0.013,0.007,CHOKE_CHILD,False,True,0.1657,MODERATE_RISK,-1,True,-0.0788
prod_20003637,20003637,1000395,Jewelry & Accessories,4.41,44,135,160,14,0.0137,0.0222,0.001,46,0.000783,714,0.0141,0.006,NONE,False,False,0.1657,MODERATE_RISK,-1,True,-0.0781
prod_20003824,20003824,1000162,Tools & Home Improvement,3.74,54,140,172,9,0.0126,0.0333,0.001,46,0.000863,714,0.0141,0.006,NONE,False,False,0.1651,MODERATE_RISK,-1,True,-0.0776
prod_20002876,20002876,1000289,Tools & Home Improvement,4.0,1,1,1,1,0.3333,0.3333,0.0,1,4.7e-05,714,0.0141,0.006,NONE,False,False,0.095,LOW_RISK,-1,True,-0.0767
prod_20004896,20004896,1000191,Automotive,4.0,50,128,169,10,0.0139,0.0323,0.001,46,0.000883,282,0.013,0.007,NONE,False,False,0.1633,MODERATE_RISK,-1,True,-0.0765
prod_20004830,20004830,1000038,Phones & Telecommunications,4.0,1,1,1,1,0.3333,0.3333,0.0,1,5e-05,714,0.0141,0.006,NONE,False,False,0.0666,LOW_RISK,-1,True,-0.0764
prod_20001695,20001695,1000436,Sports & Entertainment,4.0,1,5,5,1,0.1007,0.3333,0.0033,5,6.1e-05,541,0.15,0.08,NONE,False,False,0.0574,LOW_RISK,-1,True,-0.0761
prod_20003240,20003240,1000438,Jewelry & Accessories,4.21,61,153,196,11,0.0122,0.029,0.0009,46,0.000996,714,0.0141,0.006,NONE,False,False,0.1687,MODERATE_RISK,-1,True,-0.0757
prod_20002452,20002452,1000351,Tools & Home Improvement,4.09,46,115,148,10,0.0137,0.037,0.0011,46,0.00073,501,0.0146,0.015,NONE,False,False,0.1446,LOW_RISK,-1,True,-0.0757
prod_20003762,20003762,1000491,Phones & Telecommunications,4.04,55,142,179,8,0.0125,0.029,0.001,46,0.0009,282,0.013,0.007,UNCERTIFIED_MED,False,True,0.19,MODERATE_RISK,-1,True,-0.0755
prod_20001483,20001483,1000216,Home & Garden,3.45,0,0,0,0,0.0,0.0,0.0,0,3.6e-05,473,0.0,1.0,NONE,False,False,0.0459,LOW_RISK,-1,True,-0.0755
prod_20002579,20002579,1000494,Jewelry & Accessories,3.92,37,106,132,12,0.0155,0.0312,0.0011,46,0.000667,282,0.013,0.007,NONE,False,False,0.1474,LOW_RISK,-1,True,-0.0753
prod_20001974,20001974,1000336,Computer & Office,3.91,54,145,167,8,0.0124,0.0328,0.0008,46,0.000848,714,0.0141,0.006,CHEM_TOXIC,False,True,0.202,MODERATE_RISK,-1,True,-0.0751
prod_20002426,20002426,1000469,Home & Garden,4.27,56,151,195,9,0.0125,0.029,0.001,46,0.000975,282,0.013,0.007,NONE,False,False,0.1775,MODERATE_RISK,-1,True,-0.075
prod_20003315,20003315,1000190,Computer & Office,4.45,47,155,187,5,0.0146,0.0462,0.0009,46,0.000987,282,0.013,0.007,NONE,False,False,0.1738,MODERATE_RISK,-1,True,-0.0747
prod_20001419,20001419,1000076,Jewelry & Accessories,4.0,54,134,164,8,0.0125,0.0238,0.0009,46,0.000834,282,0.013,0.007,CHOKE_CHILD,False,True,0.1658,MODERATE_RISK,-1,True,-0.0742
prod_20004248,20004248,1000177,Automotive,3.88,51,139,177,10,0.0135,0.026,0.0009,46,0.000919,714,0.0141,0.006,NONE,False,False,0.1661,MODERATE_RISK,-1,True,-0.0741
prod_20001711,20001711,1000020,Sports & Entertainment,4.2,61,147,194,9,0.0114,0.0241,0.0011,46,0.000955,282,0.013,0.007,CHEM_TOXIC,False,True,0.1763,MODERATE_RISK,-1,True,-0.074
prod_20004819,20004819,1000235,Tools & Home Improvement,4.22,54,149,191,9,0.0126,0.0333,0.0011,46,0.000936,282,0.013,0.007,NONE,False,False,0.1951,MODERATE_RISK,-1,True,-0.0734
prod_20001967,20001967,1000112,Automotive,4.04,49,139,174,8,0.0134,0.0312,0.001,46,0.000889,282,0.013,0.007,NONE,False,False,0.1869,MODERATE_RISK,-1,True,-0.0733
prod_20004670,20004670,1000241,Home & Garden,3.0,1,2,2,1,0.3,0.5,0.003,2,5.6e-05,282,0.013,0.007,NONE,False,False,0.0567,LOW_RISK,-1,True,-0.0728
prod_20001388,20001388,1000105,Home & Garden,4.25,51,138,173,8,0.0123,0.0286,0.0012,46,0.000865,282,0.013,0.007,NONE,False,False,0.1631,MODERATE_RISK,-1,True,-0.0724
prod_20003768,20003768,1000290,Consumer Electronics,3.53,0,0,0,0,0.0,0.0,0.0,0,3.6e-05,767,0.0,1.0,NONE,False,False,0.056,LOW_RISK,-1,True,-0.0718
prod_20001178,20001178,1000184,Automotive,5.0,1,7,7,1,0.2092,1.0,0.0034,7,7.4e-05,501,0.0146,0.015,NONE,False,False,0.0581,LOW_RISK,-1,True,-0.0717
prod_20004253,20004253,1000385,Phones & Telecommunications,4.06,49,130,168,11,0.0137,0.0312,0.0011,46,0.000855,714,0.0141,0.006,NONE,False,False,0.1658,MODERATE_RISK,-1,True,-0.0717
prod_20003915,20003915,1000423,Tools & Home Improvement,4.12,57,144,172,8,0.012,0.0345,0.0009,46,0.000881,282,0.013,0.007,NONE,False,False,0.1635,MODERATE_RISK,-1,True,-0.0717
prod_20001375,20001375,1000195,Home & Garden,5.0,1,7,7,1,0.2092,1.0,0.0034,7,7.4e-05,501,0.0146,0.015,NONE,False,False,0.0428,LOW_RISK,-1,True,-0.0717
prod_20001646,20001646,1000247,Computer & Office,3.8,41,134,159,9,0.0142,0.0357,0.0011,46,0.000776,714,0.0141,0.006,NONE,False,False,0.1605,MODERATE_RISK,-1,True,-0.0713
prod_20003749,20003749,1000122,Home & Garden,4.32,53,121,159,9,0.0128,0.0317,0.0012,46,0.000789,282,0.013,0.007,NONE,False,False,0.1639,MODERATE_RISK,-1,True,-0.0709
prod_20003788,20003788,1000216,Automotive,4.22,50,133,165,12,0.0134,0.0357,0.001,46,0.000862,714,0.0141,0.006,NONE,False,False,0.1624,MODERATE_RISK,-1,True,-0.0705
prod_20000983,20000983,1000413,Computer & Office,3.9,42,106,133,10,0.0142,0.0444,0.0013,46,0.000685,282,0.013,0.007,CHEM_TOXIC,True,True,0.2746,MODERATE_RISK,-1,True,-0.0702
prod_20004993,20004993,1000445,Jewelry & Accessories,4.12,40,101,129,11,0.0137,0.025,0.0014,45,0.000635,282,0.013,0.007,NONE,False,False,0.179,MODERATE_RISK,-1,True,-0.0699
prod_20003517,20003517,1000278,Automotive,4.27,48,140,171,10,0.0138,0.0364,0.0009,46,0.000848,282,0.013,0.007,NONE,False,False,0.1621,MODERATE_RISK,-1,True,-0.0698
prod_20003996,20003996,1000207,Jewelry & Accessories,4.29,48,140,174,12,0.0131,0.0323,0.0011,46,0.000842,714,0.0141,0.006,NONE,False,False,0.158,MODERATE_RISK,-1,True,-0.0692
prod_20001780,20001780,1000412,Home & Garden,4.12,16,58,64,4,0.0279,0.0588,0.0012,32,0.000337,920,0.1602,0.045,NONE,False,False,0.1,LOW_RISK,-1,True,-0.0692
prod_20001197,20001197,1000351,Computer & Office,4.0,1,2,2,1,0.0011,0.0016,0.0141,2,4.4e-05,501,0.0146,0.015,NONE,False,False,0.0441,LOW_RISK,-1,True,-0.0684
prod_20001983,20001983,1000132,Automotive,4.0,1,2,2,1,0.0011,0.0016,0.0141,2,4.4e-05,501,0.0146,0.015,NONE,False,False,0.04,LOW_RISK,-1,True,-0.0684
prod_20001395,20001395,1000459,Automotive,4.1,50,151,191,10,0.0141,0.037,0.0009,46,0.000941,714,0.0141,0.006,NONE,False,False,0.1824,MODERATE_RISK,-1,True,-0.0677
prod_20004123,20004123,1000120,Jewelry & Accessories,2.0,1,1,1,1,0.2,0.2,0.0,1,4.4e-05,282,0.013,0.007,NONE,False,False,0.044,LOW_RISK,-1,True,-0.0676
prod_20001611,20001611,1000156,Consumer Electronics,3.54,0,0,0,0,0.0,0.0,0.0,0,3.6e-05,628,0.0,1.0,NONE,False,False,0.0267,LOW_RISK,-1,True,-0.0675
prod_20004263,20004263,1000470,Phones & Telecommunications,3.54,0,0,0,0,0.0,0.0,0.0,0,3.6e-05,356,0.0,1.0,NONE,False,False,0.0364,LOW_RISK,-1,True,-0.0675
prod_20004591,20004591,1000457,Automotive,3.55,0,0,0,0,0.0,0.0,0.0,0,3.6e-05,867,0.0,1.0,NONE,False,False,0.0495,LOW_RISK,-1,True,-0.0673
prod_20004742,20004742,1000142,Phones & Telecommunications,3.5,2,5,5,1,0.0833,0.25,0.003,5,6.1e-05,541,0.15,0.08,NONE,False,False,0.0501,LOW_RISK,-1,True,-0.0671
prod_20001281,20001281,1000405,Jewelry & Accessories,3.0,1,2,2,1,0.0773,0.1111,0.003,2,4.7e-05,920,0.1602,0.045,NONE,False,False,0.0562,LOW_RISK,-1,True,-0.0669
prod_20001140,20001140,1000413,Consumer Electronics,4.34,47,111,143,13,0.014,0.0333,0.0011,44,0.000718,714,0.0141,0.006,UNCERTIFIED_MED,False,True,0.1629,MODERATE_RISK,-1,True,-0.0659
prod_20003095,20003095,1000303,Home & Garden,5.0,1,7,7,1,0.1985,1.0,0.0035,7,7.2e-05,282,0.013,0.007,NONE,False,False,0.0566,LOW_RISK,-1,True,-0.0657
prod_20001275,20001275,1000134,Computer & Office,5.0,1,7,7,1,0.1985,1.0,0.0035,7,7.2e-05,282,0.013,0.007,NONE,False,False,0.0731,LOW_RISK,-1,True,-0.0657
prod_20004872,20004872,1000184,Jewelry & Accessories,4.22,51,139,178,9,0.0125,0.0309,0.0012,46,0.000869,714,0.0141,0.006,NONE,False,False,0.1777,MODERATE_RISK,-1,True,-0.0652
prod_20004588,20004588,1000089,Phones & Telecommunications,3.9,42,124,141,4,0.0148,0.04,0.001,46,0.000749,282,0.013,0.007,NONE,False,False,0.153,MODERATE_RISK,-1,True,-0.0649
prod_20002091,20002091,1000234,Sports & Entertainment,4.34,41,109,139,12,0.0143,0.0328,0.0013,45,0.0007,714,0.0141,0.006,NONE,False,False,0.1552,MODERATE_RISK,-1,True,-0.0647
prod_20001740,20001740,1000001,Automotive,4.29,55,150,185,9,0.0128,0.0303,0.0009,46,0.000935,714,0.0141,0.006,NONE,False,False,0.1685,MODERATE_RISK,-1,True,-0.0644
prod_20002006,20002006,1000273,Tools & Home Improvement,4.04,50,131,162,6,0.0127,0.0339,0.0012,46,0.000786,714,0.0141,0.006,NONE,False,False,0.1581,MODERATE_RISK,-1,True,-0.0641
prod_20001129,20001129,1000231,Computer & Office,4.0,1,3,3,1,0.094,0.2,0.003,3,5.3e-05,541,0.15,0.08,NONE,False,False,0.0637,LOW_RISK,-1,True,-0.0629
prod_20004268,20004268,1000411,Phones & Telecommunications,4.2,45,128,155,6,0.0139,0.0417,0.0011,46,0.000802,282,0.013,0.007,NONE,False,False,0.1617,MODERATE_RISK,-1,True,-0.0622
prod_20004703,20004703,1000018,Computer & Office,4.25,40,119,144,9,0.0157,0.0385,0.0009,46,0.00077,282,0.013,0.007,CHOKE_CHILD,False,True,0.1787,MODERATE_RISK,-1,True,-0.0616
prod_20002769,20002769,1000191,Computer & Office,4.16,58,137,173,8,0.0122,0.0429,0.001,46,0.000885,714,0.0141,0.006,NONE,False,False,0.1644,MODERATE_RISK,-1,True,-0.0614
prod_20003131,20003131,1000244,Consumer Electronics,3.81,42,117,146,8,0.0146,0.0282,0.0011,46,0.000759,714,0.0141,0.006,NONE,False,False,0.1545,MODERATE_RISK,-1,True,-0.0614
prod_20001098,20001098,1000285,Consumer Electronics,4.27,55,124,159,8,0.0121,0.0299,0.0012,46,0.000807,714,0.0141,0.006,NONE,False,False,0.1836,MODERATE_RISK,-1,True,-0.0611
prod_20002613,20002613,1000436,Jewelry & Accessories,4.54,39,92,118,11,0.0144,0.0364,0.0014,46,0.000595,714,0.0141,0.006,NONE,False,False,0.1429,LOW_RISK,-1,True,-0.0609
prod_20003994,20003994,1000426,Jewelry & Accessories,4.0,1,2,2,1,0.3333,0.5,0.003,2,5.6e-05,714,0.0141,0.006,NONE,False,False,0.0498,LOW_RISK,-1,True,-0.0608
prod_20002350,20002350,1000338,Home & Garden,4.18,51,143,169,9,0.0133,0.0351,0.0009,46,0.000874,714,0.0141,0.006,NONE,False,False,0.1792,MODERATE_RISK,-1,True,-0.0607
prod_20004028,20004028,1000489,Tools & Home Improvement,4.0,40,113,138,8,0.0141,0.0244,0.0013,46,0.00067,282,0.013,0.007,NONE,False,False,0.1497,LOW_RISK,-1,True,-0.0606
prod_20002438,20002438,1000367,Sports & Entertainment,4.24,42,125,149,7,0.0149,0.0357,0.001,45,0.00077,282,0.013,0.007,NONE,False,False,0.1599,MODERATE_RISK,-1,True,-0.0601
prod_20002965,20002965,1000351,Sports & Entertainment,3.62,0,0,0,0,0.0,0.0,0.0,0,3.6e-05,723,0.0,1.0,NONE,False,False,0.0411,LOW_RISK,-1,True,-0.0601
prod_20002155,20002155,1000330,Tools & Home Improvement,4.26,47,137,160,9,0.0141,0.0333,0.0008,46,0.000841,714,0.0141,0.006,NONE,False,False,0.1719,MODERATE_RISK,-1,True,-0.0598
prod_20003046,20003046,1000342,Phones & Telecommunications,4.16,57,135,165,7,0.0116,0.025,0.0011,46,0.000854,714,0.0141,0.006,NONE,False,False,0.1994,MODERATE_RISK,-1,True,-0.0589
prod_20000920,20000920,1000073,Sports & Entertainment,4.22,41,122,143,9,0.0155,0.0455,0.0008,46,0.000752,714,0.0141,0.006,CHOKE_CHILD,True,True,0.2955,MODERATE_RISK,-1,True,-0.0583
prod_20002058,20002058,1000423,Automotive,3.64,0,0,0,0,0.0,0.0,0.0,0,3.6e-05,662,0.0,1.0,NONE,False,False,0.0413,LOW_RISK,-1,True,-0.0582
prod_20001689,20001689,1000290,Home & Garden,4.5,40,118,143,9,0.0158,0.0435,0.0009,45,0.000734,714,0.0141,0.006,NONE,False,False,0.1534,MODERATE_RISK,-1,True,-0.0579
prod_20003808,20003808,1000142,Phones & Telecommunications,3.65,0,0,0,0,0.0,0.0,0.0,0,3.6e-05,227,0.0,1.0,NONE,False,False,0.0439,LOW_RISK,-1,True,-0.0577
prod_20003353,20003353,1000492,Sports & Entertainment,3.95,43,109,134,7,0.0132,0.0253,0.0013,46,0.000651,714,0.0141,0.006,NONE,False,False,0.1504,MODERATE_RISK,-1,True,-0.0572
prod_20001023,20001023,1000067,Home & Garden,4.36,33,92,120,8,0.0169,0.0351,0.0014,42,0.000614,501,0.0146,0.015,NONE,False,False,0.1423,LOW_RISK,-1,True,-0.0571
prod_20002102,20002102,1000459,Consumer Electronics,2.0,1,2,2,1,0.0103,0.02,0.0065,2,4.4e-05,282,0.013,0.007,NONE,False,False,0.0445,LOW_RISK,-1,True,-0.0567
prod_20004446,20004446,1000323,Jewelry & Accessories,4.08,48,122,147,8,0.0133,0.0208,0.001,45,0.000742,714,0.0141,0.006,NONE,False,False,0.1509,MODERATE_RISK,-1,True,-0.0565
prod_20002406,20002406,1000343,Phones & Telecommunications,4.15,46,124,160,9,0.0144,0.0385,0.0011,46,0.000798,714,0.0141,0.006,NONE,False,False,0.1602,MODERATE_RISK,-1,True,-0.0564
prod_20003459,20003459,1000350,Phones & Telecommunications,4.46,39,109,135,7,0.015,0.0256,0.0012,46,0.000676,282,0.013,0.007,NONE,False,False,0.1502,MODERATE_RISK,-1,True,-0.0558
prod_20002914,20002914,1000404,Phones & Telecommunications,3.6,5,20,20,1,0.04,0.2,0.0023,17,0.000132,541,0.15,0.08,NONE,False,False,0.0678,LOW_RISK,-1,True,-0.0558
prod_20003694,20003694,1000356,Computer & Office,4.0,1,2,2,1,0.0014,0.0023,0.0121,2,4.4e-05,714,0.0141,0.006,ELEC_SHOCK,True,True,0.2452,MODERATE_RISK,-1,True,-0.0558
prod_20001948,20001948,1000204,Jewelry & Accessories,5.0,1,2,2,1,0.2738,0.5,0.003,2,5.8e-05,501,0.0146,0.015,CHEM_TOXIC,False,True,0.1246,LOW_RISK,-1,True,-0.0553
prod_20002697,20002697,1000286,Sports & Entertainment,5.0,3,11,11,1,0.0886,0.3333,0.0012,9,9.7e-05,541,0.15,0.08,NONE,False,False,0.0619,LOW_RISK,-1,True,-0.0551
prod_20003840,20003840,1000357,Computer & Office,4.14,44,115,143,9,0.0131,0.0267,0.0013,46,0.000683,714,0.0141,0.006,NONE,False,False,0.1539,MODERATE_RISK,-1,True,-0.0545
prod_20001102,20001102,1000186,Consumer Electronics,4.54,39,105,132,10,0.0154,0.0357,0.0011,45,0.000679,714,0.0141,0.006,NONE,False,False,0.15,MODERATE_RISK,-1,True,-0.0541
prod_20004196,20004196,1000241,Jewelry & Accessories,3.67,0,0,0,0,0.0,0.0,0.0,0,3.6e-05,333,0.0,1.0,NONE,False,False,0.0537,LOW_RISK,-1,True,-0.0536
prod_20002318,20002318,1000254,Home & Garden,3.67,0,0,0,0,0.0,0.0,0.0,0,3.6e-05,750,0.0,1.0,NONE,False,False,0.0477,LOW_RISK,-1,True,-0.0536
prod_20003147,20003147,1000137,Home & Garden,4.0,2,9,10,2,0.0906,0.25,0.0031,9,8.4e-05,920,0.1602,0.045,NONE,False,False,0.0703,LOW_RISK,-1,True,-0.0534
prod_20001214,20001214,1000273,Home & Garden,3.68,0,0,0,0,0.0,0.0,0.0,0,3.6e-05,512,0.0,1.0,NONE,False,False,0.0483,LOW_RISK,-1,True,-0.0533
prod_20004151,20004151,1000137,Automotive,3.93,41,113,137,8,0.0145,0.0244,0.0011,43,0.000684,714,0.0141,0.006,NONE,False,False,0.1575,MODERATE_RISK,-1,True,-0.0532
prod_20001829,20001829,1000286,Phones & Telecommunications,5.0,1,7,7,1,0.0512,0.1667,0.0047,7,6.8e-05,920,0.1602,0.045,NONE,False,False,0.0531,LOW_RISK,-1,True,-0.053
prod_20000942,20000942,1000203,Phones & Telecommunications,4.11,28,89,109,8,0.0186,0.0345,0.0012,41,0.000546,501,0.0146,0.015,NONE,False,False,0.133,LOW_RISK,-1,True,-0.053
prod_20002118,20002118,1000324,Consumer Electronics,4.27,41,125,153,7,0.0152,0.0244,0.0011,46,0.000771,714,0.0141,0.006,NONE,False,False,0.1607,MODERATE_RISK,-1,True,-0.0525
prod_20002703,20002703,1000364,Jewelry & Accessories,4.0,1,1,1,1,0.25,0.25,0.0,1,4.3e-05,714,0.0141,0.006,NONE,False,False,0.0495,LOW_RISK,-1,True,-0.0522
prod_20000954,20000954,1000004,Jewelry & Accessories,4.0,1,1,1,1,0.25,0.25,0.0,1,4.8e-05,282,0.013,0.007,NONE,False,False,0.0952,LOW_RISK,-1,True,-0.052
prod_20001072,20001072,1000312,Sports & Entertainment,4.12,42,114,132,7,0.0137,0.0444,0.0011,46,0.000661,282,0.013,0.007,NONE,False,False,0.1625,MODERATE_RISK,-1,True,-0.0518
prod_20004998,20004998,1000341,Automotive,3.69,0,0,0,0,0.0,0.0,0.0,0,3.6e-05,190,0.0,1.0,NONE,False,False,0.0394,LOW_RISK,-1,True,-0.0518
prod_20002435,20002435,1000208,Consumer Electronics,3.69,0,0,0,0,0.0,0.0,0.0,0,3.6e-05,674,0.0,1.0,NONE,False,False,0.0346,LOW_RISK,-1,True,-0.0518
prod_20001585,20001585,1000392,Automotive,4.28,46,110,138,9,0.0135,0.0364,0.0012,45,0.000685,714,0.0141,0.006,NONE,False,False,0.1459,LOW_RISK,-1,True,-0.0518
prod_20003189,20003189,1000248,Sports & Entertainment,3.69,0,0,0,0,0.0,0.0,0.0,0,3.6e-05,302,0.0,1.0,NONE,False,False,0.0417,LOW_RISK,-1,True,-0.0518
prod_20004154,20004154,1000433,Computer & Office,3.0,2,3,4,2,0.0376,0.1111,0.0111,3,5.5e-05,282,0.013,0.007,CHOKE_CHILD,False,True,0.0397,LOW_RISK,-1,True,-0.0515
prod_20004255,20004255,1000049,Home & Garden,4.24,34,93,112,6,0.0162,0.0294,0.0012,44,0.000588,501,0.0146,0.015,NONE,False,False,0.1345,LOW_RISK,-1,True,-0.0514
prod_20001959,20001959,1000130,Sports & Entertainment,4.5,34,103,125,7,0.0163,0.0571,0.0012,45,0.000616,714,0.0141,0.006,NONE,False,False,0.141,LOW_RISK,-1,True,-0.0513
prod_20003549,20003549,1000214,Jewelry & Accessories,4.5,2,5,5,1,0.2112,0.5,0.0012,4,8.8e-05,923,0.0278,0.022,NONE,False,False,0.0544,LOW_RISK,-1,True,-0.0512
prod_20001318,20001318,1000480,Jewelry & Accessories,4.5,2,7,7,1,0.2136,0.5,0.0016,5,0.000108,923,0.0278,0.022,NONE,False,False,0.0619,LOW_RISK,-1,True,-0.0509
prod_20004566,20004566,1000217,Automotive,4.12,41,107,131,8,0.0148,0.0244,0.0011,45,0.000672,282,0.013,0.007,NONE,False,False,0.158,MODERATE_RISK,-1,True,-0.0507
prod_20001539,20001539,1000178,Tools & Home Improvement,4.0,1,4,4,1,0.1905,0.5,0.0038,4,5.9e-05,923,0.0278,0.022,NONE,False,False,0.0426,LOW_RISK,-1,True,-0.0507
prod_20003626,20003626,1000456,Sports & Entertainment,3.0,2,6,6,1,0.2105,0.5,0.0016,4,9.6e-05,282,0.013,0.007,NONE,False,False,0.0542,LOW_RISK,-1,True,-0.0507
prod_20002521,20002521,1000145,Phones & Telecommunications,4.15,39,110,135,9,0.0162,0.05,0.001,43,0.000708,714,0.0141,0.006,NONE,False,False,0.156,MODERATE_RISK,-1,True,-0.0506
prod_20002411,20002411,1000307,Phones & Telecommunications,4.0,1,3,3,1,0.3056,0.5,0.003,3,6.1e-05,501,0.0146,0.015,NONE,False,False,0.0421,LOW_RISK,-1,True,-0.0501
prod_20004956,20004956,1000081,Phones & Telecommunications,4.19,36,112,139,9,0.0169,0.0526,0.0011,46,0.000688,714,0.0141,0.006,NONE,False,False,0.1537,MODERATE_RISK,-1,True,-0.0499
prod_20000781,20000781,1000015,Sports & Entertainment,4.0,1,7,7,1,0.2,0.5,0.0032,7,8.1e-05,923,0.0278,0.022,NONE,False,False,0.065,LOW_RISK,-1,True,-0.0498
prod_20004020,20004020,1000368,Tools & Home Improvement,4.22,41,117,145,8,0.0151,0.0435,0.0011,45,0.000751,714,0.0141,0.006,NONE,False,False,0.1516,MODERATE_RISK,-1,True,-0.0496
prod_20004559,20004559,1000351,Phones & Telecommunications,4.0,1,2,2,1,0.002,0.0035,0.0108,2,4.4e-05,282,0.013,0.007,NONE,False,False,0.0446,LOW_RISK,-1,True,-0.0494
prod_20004938,20004938,1000233,Phones & Telecommunications,4.32,40,121,148,8,0.0151,0.0435,0.001,46,0.000732,714,0.0141,0.006,NONE,False,False,0.1539,MODERATE_RISK,-1,True,-0.0492
prod_20003224,20003224,1000339,Home & Garden,4.33,33,88,110,11,0.0175,0.0465,0.0011,41,0.000563,282,0.013,0.007,NONE,False,False,0.1265,LOW_RISK,-1,True,-0.0487
prod_20003900,20003900,1000242,Sports & Entertainment,4.19,48,108,133,6,0.0132,0.0299,0.0011,46,0.000677,282,0.013,0.007,NONE,False,False,0.1546,MODERATE_RISK,-1,True,-0.0485
prod_20003770,20003770,1000247,Consumer Electronics,3.7,0,0,0,0,0.0,0.0,0.0,0,3.6e-05,459,0.0,1.0,NONE,False,False,0.0459,LOW_RISK,-1,True,-0.0485
prod_20002741,20002741,1000424,Jewelry & Accessories,4.0,1,2,2,1,0.0023,0.004,0.011,2,4.4e-05,714,0.0141,0.006,NONE,False,False,0.0546,LOW_RISK,-1,True,-0.0484
prod_20001321,20001321,1000392,Home & Garden,4.12,33,95,105,3,0.0183,0.0526,0.0008,41,0.000587,501,0.0146,0.015,NONE,False,False,0.1403,LOW_RISK,-1,True,-0.0482
prod_20004621,20004621,1000215,Tools & Home Improvement,4.25,44,113,141,8,0.0139,0.0227,0.0012,46,0.00071,714,0.0141,0.006,ELEC_SHOCK,True,True,0.2726,MODERATE_RISK,-1,True,-0.0481
prod_20001163,20001163,1000376,Phones & Telecommunications,2.0,1,4,4,1,0.1352,0.5,0.0048,4,5.7e-05,714,0.0141,0.006,NONE,False,False,0.0509,LOW_RISK,-1,True,-0.048
prod_20003059,20003059,1000319,Tools & Home Improvement,4.29,42,113,130,6,0.0146,0.0282,0.001,45,0.000683,282,0.013,0.007,NONE,False,False,0.1428,LOW_RISK,-1,True,-0.0479
prod_20002201,20002201,1000145,Tools & Home Improvement,1.0,1,6,6,1,0.0692,0.3333,0.0041,6,6.5e-05,923,0.0278,0.022,NONE,False,False,0.0552,LOW_RISK,-1,True,-0.0473
prod_20004700,20004700,1000151,Jewelry & Accessories,3.71,0,0,0,0,0.0,0.0,0.0,0,3.6e-05,871,0.0,1.0,NONE,False,False,0.0464,LOW_RISK,-1,True,-0.0471
prod_20001744,20001744,1000111,Jewelry & Accessories,4.0,1,1,1,1,0.25,0.25,0.0,1,5.4e-05,714,0.0141,0.006,NONE,False,False,0.0561,LOW_RISK,-1,True,-0.0471
prod_20004659,20004659,1000210,Home & Garden,1.0,1,5,5,1,0.1216,0.5,0.004,5,6.2e-05,282,0.013,0.007,NONE,False,False,0.0588,LOW_RISK,-1,True,-0.047
prod_20002664,20002664,1000029,Automotive,3.65,31,93,110,6,0.0165,0.0444,0.0013,45,0.000547,714,0.0141,0.006,NONE,False,False,0.1374,LOW_RISK,-1,True,-0.047
prod_20001019,20001019,1000461,Jewelry & Accessories,5.0,1,2,2,1,0.2643,0.5,0.003,2,5.7e-05,714,0.0141,0.006,CHOKE_CHILD,False,True,0.1838,MODERATE_RISK,-1,True,-0.0469
prod_20001555,20001555,1000447,Consumer Electronics,5.0,1,4,4,1,0.1008,0.1667,0.0034,4,5.7e-05,920,0.1602,0.045,NONE,False,False,0.0595,LOW_RISK,-1,True,-0.0461
prod_20002433,20002433,1000107,Computer & Office,4.0,2,7,7,1,0.1948,0.5,0.0016,6,9.1e-05,923,0.0278,0.022,NONE,False,False,0.1032,LOW_RISK,-1,True,-0.046
prod_20004619,20004619,1000032,Automotive,4.0,1,3,3,1,0.198,0.5,0.003,3,5.6e-05,923,0.0278,0.022,NONE,False,False,0.0491,LOW_RISK,-1,True,-0.0459
prod_20003579,20003579,1000451,Consumer Electronics,4.5,34,94,113,8,0.0169,0.0294,0.0011,40,0.000603,282,0.013,0.007,NONE,False,False,0.1532,MODERATE_RISK,-1,True,-0.0457
prod_20003925,20003925,1000055,Automotive,3.94,35,98,108,5,0.0162,0.0476,0.0009,45,0.000626,714,0.0141,0.006,NONE,False,False,0.1724,MODERATE_RISK,-1,True,-0.0455
prod_20003787,20003787,1000249,Sports & Entertainment,5.0,2,5,5,1,0.1835,0.5,0.0012,4,8.6e-05,923,0.0278,0.022,NONE,False,False,0.0927,LOW_RISK,-1,True,-0.0455
prod_20004474,20004474,1000403,Consumer Electronics,3.73,0,0,0,0,0.0,0.0,0.0,0,3.6e-05,36,0.0,1.0,NONE,False,False,0.1188,LOW_RISK,-1,True,-0.0455
prod_20001817,20001817,1000198,Phones & Telecommunications,3.0,2,4,4,1,0.058,0.1,0.0015,4,5.6e-05,920,0.1602,0.045,NONE,False,False,0.0579,LOW_RISK,-1,True,-0.0453
prod_20003390,20003390,1000452,Home & Garden,4.2,5,15,16,2,0.0811,0.2,0.0016,12,0.000131,541,0.15,0.08,NONE,False,False,0.0664,LOW_RISK,-1,True,-0.045
prod_20001839,20001839,1000200,Computer & Office,3.95,37,109,128,4,0.0156,0.05,0.0011,46,0.000653,714,0.0141,0.006,NONE,False,False,0.1408,LOW_RISK,-1,True,-0.0449
prod_20002972,20002972,1000273,Sports & Entertainment,5.0,2,5,5,1,0.024,0.0556,0.0023,5,5.7e-05,541,0.15,0.08,NONE,False,False,0.0589,LOW_RISK,-1,True,-0.0446
prod_20004985,20004985,1000036,Tools & Home Improvement,3.86,36,95,106,6,0.0157,0.0278,0.001,41,0.000607,282,0.013,0.007,NONE,False,False,0.143,LOW_RISK,-1,True,-0.0443
prod_20003156,20003156,1000485,Phones & Telecommunications,4.42,40,112,125,5,0.0154,0.0303,0.0008,44,0.000647,714,0.0141,0.006,NONE,False,False,0.2353,MODERATE_RISK,-1,True,-0.0434
prod_20002619,20002619,1000383,Phones & Telecommunications,4.35,37,118,133,6,0.0158,0.027,0.0009,45,0.000686,714,0.0141,0.006,NONE,False,False,0.1476,LOW_RISK,-1,True,-0.0434
prod_20000857,20000857,1000224,Sports & Entertainment,4.0,34,96,116,8,0.0165,0.037,0.0011,42,0.000586,282,0.013,0.007,UNCERTIFIED_MED,True,True,0.2625,MODERATE_RISK,-1,True,-0.0434
prod_20000787,20000787,1000351,Phones & Telecommunications,4.28,32,87,109,9,0.0163,0.0513,0.0015,43,0.000532,714,0.0141,0.006,NONE,False,False,0.1393,LOW_RISK,-1,True,-0.0433
prod_20004434,20004434,1000191,Computer & Office,4.28,39,98,123,10,0.0157,0.0364,0.001,44,0.000605,714,0.0141,0.006,NONE,False,False,0.1416,LOW_RISK,-1,True,-0.043
prod_20001205,20001205,1000344,Phones & Telecommunications,3.75,0,0,0,0,0.0,0.0,0.0,0,3.6e-05,364,0.0,1.0,NONE,False,False,0.0379,LOW_RISK,-1,True,-0.0425
prod_20003048,20003048,1000085,Computer & Office,4.36,33,101,121,8,0.0169,0.0303,0.0011,42,0.000621,282,0.013,0.007,ELEC_SHOCK,False,True,0.1429,LOW_RISK,-1,True,-0.0425
prod_20002899,20002899,1000479,Home & Garden,3.75,0,0,0,0,0.0,0.0,0.0,0,3.6e-05,516,0.0,1.0,NONE,False,False,0.0517,LOW_RISK,-1,True,-0.0425
prod_20002264,20002264,1000217,Phones & Telecommunications,3.75,0,0,0,0,0.0,0.0,0.0,0,3.6e-05,205,0.0,1.0,NONE,False,False,0.0476,LOW_RISK,-1,True,-0.0425
prod_20002079,20002079,1000116,Phones & Telecommunications,3.74,0,0,0,0,0.0,0.0,0.0,0,3.6e-05,72,0.0,1.0,NONE,False,False,0.0327,LOW_RISK,-1,True,-0.0422
prod_20003934,20003934,1000056,Consumer Electronics,4.17,36,113,132,6,0.017,0.0513,0.001,45,0.000685,714,0.0141,0.006,NONE,False,False,0.1649,MODERATE_RISK,-1,True,-0.0422
prod_20003410,20003410,1000143,Phones & Telecommunications,5.0,1,2,2,1,0.0016,0.0027,0.0113,2,4.4e-05,282,0.013,0.007,NONE,False,False,0.09,LOW_RISK,-1,True,-0.0421
prod_20004354,20004354,1000394,Home & Garden,3.57,28,86,94,3,0.0192,0.0357,0.0009,40,0.000499,501,0.0146,0.015,NONE,False,False,0.1853,MODERATE_RISK,-1,True,-0.042
prod_20002633,20002633,1000393,Consumer Electronics,4.36,44,101,126,8,0.0139,0.0351,0.0012,43,0.000637,714,0.0141,0.006,NONE,False,False,0.1489,LOW_RISK,-1,True,-0.0419
prod_20000104,20000104,1000393,Automotive,4.95,19,53,70,4,0.0471,0.1538,0.0009,19,0.000466,730,0.1959,0.013,NONE,False,False,0.1289,LOW_RISK,-1,True,-0.0418
prod_20001661,20001661,1000250,Sports & Entertainment,3.0,1,3,3,1,0.1684,0.5,0.0047,3,5.5e-05,282,0.013,0.007,NONE,False,False,0.0439,LOW_RISK,-1,True,-0.0418
prod_20003351,20003351,1000380,Automotive,4.0,1,2,2,1,0.252,0.5,0.003,2,5.7e-05,282,0.013,0.007,NONE,False,False,0.0572,LOW_RISK,-1,True,-0.0417
prod_20000916,20000916,1000444,Tools & Home Improvement,4.34,35,96,118,7,0.0166,0.0455,0.0011,44,0.000586,282,0.013,0.007,NONE,False,False,0.1348,LOW_RISK,-1,True,-0.0415
prod_20002783,20002783,1000484,Tools & Home Improvement,3.5,2,7,7,1,0.1714,0.5,0.0032,7,8.1e-05,923,0.0278,0.022,NONE,False,False,0.0576,LOW_RISK,-1,True,-0.0413
prod_20003338,20003338,1000290,Automotive,2.0,1,4,4,1,0.0236,0.0476,0.0071,4,5.4e-05,282,0.013,0.007,NONE,False,False,0.0605,LOW_RISK,-1,True,-0.0412
prod_20000960,20000960,1000235,Automotive,4.03,36,93,111,7,0.0168,0.0364,0.0011,40,0.00059,282,0.013,0.007,NONE,False,False,0.1619,MODERATE_RISK,-1,True,-0.041
prod_20003497,20003497,1000311,Home & Garden,4.18,38,103,123,8,0.015,0.04,0.0012,44,0.000621,714,0.0141,0.006,NONE,False,False,0.1478,LOW_RISK,-1,True,-0.0409
prod_20000405,20000405,1000153,Automotive,5.0,20,57,73,3,0.044,0.1111,0.001,20,0.000472,270,0.1973,0.02,NONE,False,False,0.1459,LOW_RISK,-1,True,-0.0407
prod_20004620,20004620,1000364,Jewelry & Accessories,3.77,0,0,0,0,0.0,0.0,0.0,0,3.6e-05,624,0.0,1.0,NONE,False,False,0.0483,LOW_RISK,-1,True,-0.0399
prod_20002784,20002784,1000133,Jewelry & Accessories,4.24,41,123,142,4,0.0141,0.0323,0.0011,46,0.000714,714,0.0141,0.006,NONE,False,False,0.1643,MODERATE_RISK,-1,True,-0.0398
prod_20003942,20003942,1000144,Phones & Telecommunications,4.0,1,2,2,1,0.2121,0.3333,0.003,2,5e-05,923,0.0278,0.022,NONE,False,False,0.0228,LOW_RISK,-1,True,-0.0397
prod_20000468,20000468,1000423,Phones & Telecommunications,5.0,17,60,69,3,0.0447,0.1071,0.0008,19,0.000473,673,0.1911,0.02,NONE,False,False,0.1192,LOW_RISK,-1,True,-0.0396
prod_20004848,20004848,1000444,Computer & Office,4.5,2,5,5,1,0.2402,0.5,0.0012,3,9.7e-05,501,0.0146,0.015,NONE,False,False,0.0454,LOW_RISK,-1,True,-0.0392
prod_20004923,20004923,1000377,Consumer Electronics,4.0,1,3,3,1,0.0049,0.0135,0.0117,3,4.8e-05,282,0.013,0.007,UNCERTIFIED_MED,False,True,0.1544,MODERATE_RISK,-1,True,-0.0389
prod_20003098,20003098,1000084,Home & Garden,4.2,35,99,121,6,0.0162,0.0303,0.0012,45,0.000615,282,0.013,0.007,CHEM_TOXIC,False,True,0.1752,MODERATE_RISK,-1,True,-0.0386
prod_20001169,20001169,1000078,Tools & Home Improvement,4.22,32,92,107,6,0.0179,0.0444,0.001,41,0.000556,501,0.0146,0.015,NONE,False,False,0.1882,MODERATE_RISK,-1,True,-0.0386
prod_20003534,20003534,1000469,Jewelry & Accessories,3.78,0,0,0,0,0.0,0.0,0.0,0,3.6e-05,551,0.0,1.0,NONE,False,False,0.0594,LOW_RISK,-1,True,-0.0384
prod_20001003,20001003,1000402,Phones & Telecommunications,4.24,41,106,127,5,0.0146,0.037,0.0012,45,0.000641,714,0.0141,0.006,NONE,False,False,0.1437,LOW_RISK,-1,True,-0.0381
prod_20002139,20002139,1000256,Phones & Telecommunications,3.94,33,87,108,6,0.0161,0.0303,0.0014,43,0.000566,714,0.0141,0.006,NONE,False,False,0.1339,LOW_RISK,-1,True,-0.038
prod_20002080,20002080,1000377,Sports & Entertainment,4.0,1,3,3,1,0.2608,0.5,0.003,3,6.6e-05,501,0.0146,0.015,CHEM_TOXIC,False,True,0.1545,MODERATE_RISK,-1,True,-0.038
prod_20003420,20003420,1000442,Consumer Electronics,4.55,31,82,96,8,0.0177,0.0323,0.0012,39,0.000537,282,0.013,0.007,NONE,False,False,0.1261,LOW_RISK,-1,True,-0.0378
prod_20004089,20004089,1000396,Home & Garden,3.83,6,18,18,1,0.0365,0.0833,0.0014,18,0.000117,541,0.15,0.08,NONE,False,False,0.0689,LOW_RISK,-1,True,-0.0376
prod_20002439,20002439,1000422,Computer & Office,1.0,1,2,2,1,0.1714,0.2,0.003,2,4.9e-05,282,0.013,0.007,NONE,False,False,0.0211,LOW_RISK,-1,True,-0.0375
prod_20001957,20001957,1000312,Automotive,4.06,31,105,116,8,0.017,0.0323,0.0011,44,0.000594,714,0.0141,0.006,NONE,False,False,0.1642,MODERATE_RISK,-1,True,-0.0371
prod_20003304,20003304,1000153,Home & Garden,4.18,38,105,130,7,0.0172,0.0392,0.001,41,0.000686,714,0.0141,0.006,NONE,False,False,0.1654,MODERATE_RISK,-1,True,-0.037
prod_20002357,20002357,1000010,Jewelry & Accessories,3.74,19,60,67,5,0.0226,0.0476,0.0011,37,0.000349,923,0.0278,0.022,NONE,False,False,0.11,LOW_RISK,-1,True,-0.0365
prod_20001918,20001918,1000241,Phones & Telecommunications,4.5,4,20,20,1,0.0649,0.25,0.0012,16,0.000136,541,0.15,0.08,NONE,False,False,0.0778,LOW_RISK,-1,True,-0.0364
prod_20001298,20001298,1000496,Consumer Electronics,4.5,2,5,5,1,0.2215,0.5,0.0012,3,0.000102,501,0.0146,0.015,NONE,False,False,0.0996,LOW_RISK,-1,True,-0.0358
prod_20000813,20000813,1000183,Home & Garden,4.31,26,90,103,8,0.0195,0.0444,0.0011,43,0.000544,282,0.013,0.007,NONE,False,False,0.1246,LOW_RISK,-1,True,-0.0357
prod_20003797,20003797,1000414,Tools & Home Improvement,3.8,0,0,0,0,0.0,0.0,0.0,0,3.6e-05,124,0.0,1.0,NONE,False,False,0.0501,LOW_RISK,-1,True,-0.0355
prod_20003217,20003217,1000482,Phones & Telecommunications,3.77,22,71,79,3,0.0224,0.0625,0.0011,38,0.000412,923,0.0278,0.022,NONE,False,False,0.1297,LOW_RISK,-1,True,-0.0355
prod_20004095,20004095,1000218,Computer & Office,3.5,2,4,4,1,0.2112,0.5,0.0015,3,8e-05,282,0.013,0.007,NONE,False,False,0.0476,LOW_RISK,-1,True,-0.0355
prod_20001680,20001680,1000477,Computer & Office,4.18,33,110,130,6,0.0164,0.0294,0.0011,44,0.000639,714,0.0141,0.006,NONE,False,False,0.1414,LOW_RISK,-1,True,-0.0355
prod_20004192,20004192,1000490,Home & Garden,3.8,0,0,0,0,0.0,0.0,0.0,0,3.6e-05,872,0.0,1.0,NONE,False,False,0.061,LOW_RISK,-1,True,-0.0355
prod_20004041,20004041,1000390,Tools & Home Improvement,3.94,32,84,96,7,0.0181,0.0312,0.0009,38,0.000519,282,0.013,0.007,CHOKE_CHILD,False,True,0.1634,MODERATE_RISK,-1,True,-0.0347
prod_20003760,20003760,1000051,Jewelry & Accessories,3.81,0,0,0,0,0.0,0.0,0.0,0,3.6e-05,383,0.0,1.0,NONE,False,False,0.0467,LOW_RISK,-1,True,-0.0345
prod_20001346,20001346,1000019,Sports & Entertainment,3.81,0,0,0,0,0.0,0.0,0.0,0,3.6e-05,700,0.0,1.0,NONE,False,False,0.0875,LOW_RISK,-1,True,-0.0345
prod_20001821,20001821,1000266,Automotive,4.37,35,99,116,7,0.0159,0.0317,0.0012,44,0.000588,714,0.0141,0.006,NONE,False,False,0.1385,LOW_RISK,-1,True,-0.0345
prod_20004355,20004355,1000189,Jewelry & Accessories,3.81,0,0,0,0,0.0,0.0,0.0,0,3.6e-05,65,0.0,1.0,UNCERTIFIED_MED,False,True,0.0399,LOW_RISK,-1,True,-0.0345
prod_20004658,20004658,1000297,Sports & Entertainment,4.0,2,3,3,1,0.0875,0.1,0.001,3,5.3e-05,920,0.1602,0.045,NONE,False,False,0.0409,LOW_RISK,-1,True,-0.0344
prod_20003784,20003784,1000351,Automotive,5.0,1,2,2,1,0.0029,0.0051,0.0096,2,4.4e-05,282,0.013,0.007,NONE,False,False,0.045,LOW_RISK,-1,True,-0.0338
prod_20001174,20001174,1000034,Computer & Office,5.0,1,2,2,1,0.0027,0.005,0.0101,2,4.4e-05,714,0.0141,0.006,NONE,False,False,0.0772,LOW_RISK,-1,True,-0.0335
prod_20004326,20004326,1000466,Tools & Home Improvement,5.0,1,6,6,1,0.0595,0.1429,0.0032,6,6.5e-05,920,0.1602,0.045,NONE,False,False,0.0486,LOW_RISK,-1,True,-0.0335
prod_20001456,20001456,1000117,Home & Garden,5.0,1,2,2,1,0.0024,0.0043,0.0104,2,4.4e-05,714,0.0141,0.006,NONE,False,False,0.0396,LOW_RISK,-1,True,-0.0333
prod_20002010,20002010,1000338,Home & Garden,4.21,39,102,117,7,0.0155,0.0312,0.001,42,0.000635,714,0.0141,0.006,NONE,False,False,0.1488,LOW_RISK,-1,True,-0.0333
prod_20002546,20002546,1000387,Sports & Entertainment,4.16,32,97,114,7,0.0161,0.0435,0.0012,46,0.000558,714,0.0141,0.006,NONE,False,False,0.1327,LOW_RISK,-1,True,-0.0332
prod_20001925,20001925,1000085,Consumer Electronics,3.82,0,0,0,0,0.0,0.0,0.0,0,3.6e-05,460,0.0,1.0,NONE,False,False,0.0498,LOW_RISK,-1,True,-0.0329
prod_20003692,20003692,1000230,Phones & Telecommunications,3.82,0,0,0,0,0.0,0.0,0.0,0,3.6e-05,907,0.0,1.0,NONE,False,False,0.0442,LOW_RISK,-1,True,-0.0329
prod_20004447,20004447,1000088,Jewelry & Accessories,4.0,1,3,3,1,0.1722,0.5,0.003,3,5.3e-05,923,0.0278,0.022,NONE,False,False,0.0343,LOW_RISK,-1,True,-0.0329
prod_20001709,20001709,1000423,Consumer Electronics,4.21,33,94,107,7,0.0158,0.0294,0.0012,45,0.000571,714,0.0141,0.006,NONE,False,False,0.126,LOW_RISK,-1,True,-0.0327
prod_20003896,20003896,1000156,Home & Garden,4.19,36,90,102,8,0.0164,0.0278,0.0009,41,0.000534,714,0.0141,0.006,NONE,False,False,0.131,LOW_RISK,-1,True,-0.0324
prod_20000665,20000665,1000303,Home & Garden,4.95,19,60,72,2,0.0428,0.08,0.0008,19,0.000489,497,0.1926,0.013,NONE,False,False,0.1231,LOW_RISK,-1,True,-0.0321
prod_20001578,20001578,1000205,Tools & Home Improvement,4.15,34,98,109,7,0.0166,0.0417,0.0009,42,0.000565,282,0.013,0.007,NONE,False,False,0.1304,LOW_RISK,-1,True,-0.0321
prod_20004728,20004728,1000311,Phones & Telecommunications,4.44,27,91,110,7,0.02,0.0513,0.0011,41,0.000595,714,0.0141,0.006,NONE,False,False,0.1356,LOW_RISK,-1,True,-0.0315
prod_20002135,20002135,1000180,Automotive,4.0,2,4,4,1,0.202,0.5,0.0015,3,7.5e-05,501,0.0146,0.015,NONE,False,False,0.0476,LOW_RISK,-1,True,-0.0314
prod_20004159,20004159,1000029,Phones & Telecommunications,5.0,1,2,2,1,0.0037,0.0069,0.009,2,4.4e-05,714,0.0141,0.006,NONE,False,False,0.0437,LOW_RISK,-1,True,-0.0314
prod_20004823,20004823,1000202,Jewelry & Accessories,3.83,0,0,0,0,0.0,0.0,0.0,0,3.6e-05,433,0.0,1.0,NONE,False,False,0.0414,LOW_RISK,-1,True,-0.031
prod_20000823,20000823,1000485,Home & Garden,4.4,5,15,15,1,0.0539,0.2,0.0016,12,0.000133,541,0.15,0.08,CHEM_TOXIC,True,True,0.289,MODERATE_RISK,-1,True,-0.0306
prod_20002441,20002441,1000215,Tools & Home Improvement,3.84,0,0,0,0,0.0,0.0,0.0,0,3.6e-05,403,0.0,1.0,NONE,False,False,0.0605,LOW_RISK,-1,True,-0.0303
prod_20001008,20001008,1000102,Tools & Home Improvement,3.84,0,0,0,0,0.0,0.0,0.0,0,3.6e-05,919,0.0,1.0,NONE,False,False,0.049,LOW_RISK,-1,True,-0.0303
prod_20001198,20001198,1000235,Tools & Home Improvement,3.84,0,0,0,0,0.0,0.0,0.0,0,3.6e-05,576,0.0,1.0,UNCERTIFIED_MED,False,True,0.0969,LOW_RISK,-1,True,-0.0303
prod_20001595,20001595,1000019,Jewelry & Accessories,4.51,37,95,106,6,0.0157,0.0377,0.0009,41,0.000554,282,0.013,0.007,NONE,False,False,0.1559,MODERATE_RISK,-1,True,-0.0302
prod_20004108,20004108,1000066,Sports & Entertainment,4.33,3,6,6,1,0.0248,0.1,0.0031,6,6.2e-05,920,0.1602,0.045,NONE,False,False,0.0398,LOW_RISK,-1,True,-0.0302
prod_20003022,20003022,1000469,Computer & Office,4.0,1,1,1,1,0.2,0.2,0.0,1,4.4e-05,282,0.013,0.007,NONE,False,False,0.0603,LOW_RISK,-1,True,-0.0301
prod_20002788,20002788,1000068,Consumer Electronics,4.15,26,89,98,4,0.0206,0.0385,0.001,41,0.000528,501,0.0146,0.015,NONE,False,False,0.1646,MODERATE_RISK,-1,True,-0.0293
prod_20001728,20001728,1000185,Phones & Telecommunications,4.03,30,96,112,5,0.0185,0.05,0.0011,44,0.000572,714,0.0141,0.006,UNCERTIFIED_MED,True,True,0.2748,MODERATE_RISK,-1,True,-0.0292
prod_20000948,20000948,1000425,Phones & Telecommunications,3.0,1,8,8,1,0.0986,0.3333,0.0048,8,7.4e-05,923,0.0278,0.022,NONE,False,False,0.0542,LOW_RISK,-1,True,-0.0292
prod_20000359,20000359,1000228,Tools & Home Improvement,4.95,19,53,69,3,0.0454,0.1111,0.001,20,0.000448,270,0.1973,0.02,NONE,False,False,0.1405,LOW_RISK,-1,True,-0.0291
prod_20001717,20001717,1000264,Computer & Office,4.24,38,102,118,6,0.0151,0.0256,0.0011,44,0.000591,714,0.0141,0.006,NONE,False,False,0.1315,LOW_RISK,-1,True,-0.029
prod_20000449,20000449,1000469,Consumer Electronics,5.0,15,54,64,3,0.0486,0.1154,0.001,20,0.00042,270,0.1973,0.02,NONE,False,False,0.1497,LOW_RISK,-1,True,-0.0288
prod_20002686,20002686,1000297,Home & Garden,4.0,1,2,2,1,0.0036,0.0056,0.0069,2,4.4e-05,501,0.0146,0.015,NONE,False,False,0.0408,LOW_RISK,-1,True,-0.0287
prod_20003532,20003532,1000418,Automotive,4.0,1,1,1,1,0.2,0.2,0.0,1,4.5e-05,282,0.013,0.007,NONE,False,False,0.0818,LOW_RISK,-1,True,-0.0286
prod_20002200,20002200,1000197,Tools & Home Improvement,4.1,29,86,98,5,0.0169,0.0333,0.0012,43,0.000491,501,0.0146,0.015,NONE,False,False,0.1246,LOW_RISK,-1,True,-0.0283
prod_20001210,20001210,1000402,Automotive,5.0,3,9,9,1,0.0363,0.1,0.0014,9,7.6e-05,541,0.15,0.08,NONE,False,False,0.056,LOW_RISK,-1,True,-0.028
prod_20002571,20002571,1000494,Computer & Office,5.0,1,5,5,1,0.1675,0.5,0.003,5,7.4e-05,923,0.0278,0.022,NONE,False,False,0.0579,LOW_RISK,-1,True,-0.0279
prod_20000836,20000836,1000165,Computer & Office,4.21,33,82,100,5,0.0152,0.0303,0.0016,45,0.000541,282,0.013,0.007,NONE,False,False,0.1285,LOW_RISK,-1,True,-0.0277
prod_20004143,20004143,1000368,Automotive,4.0,31,84,99,5,0.017,0.0328,0.0012,42,0.000491,501,0.0146,0.015,NONE,False,False,0.147,LOW_RISK,-1,True,-0.0275
prod_20004633,20004633,1000345,Jewelry & Accessories,4.0,6,17,18,2,0.0517,0.1667,0.0019,15,0.000125,920,0.1602,0.045,NONE,False,False,0.0544,LOW_RISK,-1,True,-0.0271
prod_20004679,20004679,1000492,Phones & Telecommunications,4.0,5,19,19,1,0.0506,0.1667,0.0019,16,0.000128,920,0.1602,0.045,NONE,False,False,0.0756,LOW_RISK,-1,True,-0.027
prod_20001845,20001845,1000416,Jewelry & Accessories,3.83,6,16,18,2,0.0549,0.1667,0.0016,13,0.000134,920,0.1602,0.045,NONE,False,False,0.0767,LOW_RISK,-1,True,-0.0266
prod_20003555,20003555,1000001,Home & Garden,4.34,35,94,109,5,0.0154,0.0476,0.0013,44,0.000534,714,0.0141,0.006,NONE,False,False,0.1297,LOW_RISK,-1,True,-0.0266
prod_20002977,20002977,1000283,Computer & Office,4.18,38,98,112,5,0.0141,0.0263,0.0012,46,0.000568,714,0.0141,0.006,NONE,False,False,0.1497,LOW_RISK,-1,True,-0.0265
prod_20004317,20004317,1000312,Tools & Home Improvement,4.18,28,82,101,8,0.0185,0.0571,0.0013,41,0.00053,714,0.0141,0.006,NONE,False,False,0.1592,MODERATE_RISK,-1,True,-0.0262
prod_20001333,20001333,1000282,Jewelry & Accessories,4.04,26,68,82,8,0.0181,0.0357,0.0014,39,0.000407,501,0.0146,0.015,NONE,False,False,0.1141,LOW_RISK,-1,True,-0.0261
prod_20001574,20001574,1000383,Sports & Entertainment,2.0,1,4,4,1,0.139,0.5,0.0035,4,5.6e-05,282,0.013,0.007,NONE,False,False,0.0476,LOW_RISK,-1,True,-0.026
prod_20004771,20004771,1000109,Automotive,4.24,33,99,114,4,0.0174,0.0417,0.0009,42,0.000578,282,0.013,0.007,NONE,False,False,0.1286,LOW_RISK,-1,True,-0.026
prod_20000806,20000806,1000400,Tools & Home Improvement,4.0,1,3,3,1,0.2233,0.5,0.003,3,6.4e-05,501,0.0146,0.015,NONE,False,False,0.0465,LOW_RISK,-1,True,-0.0259
prod_20002623,20002623,1000482,Jewelry & Accessories,4.48,29,95,106,5,0.0169,0.0345,0.0012,45,0.000525,714,0.0141,0.006,NONE,False,False,0.131,LOW_RISK,-1,True,-0.0259
prod_20003039,20003039,1000026,Consumer Electronics,3.0,2,4,4,1,0.0081,0.0263,0.0076,4,5.2e-05,282,0.013,0.007,NONE,False,False,0.0434,LOW_RISK,-1,True,-0.0259
prod_20002314,20002314,1000243,Sports & Entertainment,3.85,0,0,0,0,0.0,0.0,0.0,0,3.6e-05,310,0.0,1.0,NONE,False,False,0.1001,LOW_RISK,-1,True,-0.0258
prod_20003577,20003577,1000400,Consumer Electronics,3.85,0,0,0,0,0.0,0.0,0.0,0,3.6e-05,384,0.0,1.0,NONE,False,False,0.0424,LOW_RISK,-1,True,-0.0258
prod_20002178,20002178,1000485,Jewelry & Accessories,3.85,0,0,0,0,0.0,0.0,0.0,0,3.6e-05,232,0.0,1.0,ELEC_SHOCK,True,True,0.2822,MODERATE_RISK,-1,True,-0.0258
prod_20004964,20004964,1000369,Automotive,4.3,33,94,111,4,0.0159,0.0286,0.0013,46,0.00055,714,0.0141,0.006,NONE,False,False,0.1388,LOW_RISK,-1,True,-0.0255
prod_20004142,20004142,1000237,Sports & Entertainment,4.23,31,98,109,3,0.0187,0.0435,0.0009,42,0.000572,282,0.013,0.007,NONE,False,False,0.1382,LOW_RISK,-1,True,-0.0253
prod_20004782,20004782,1000241,Automotive,4.39,23,76,91,6,0.0215,0.0488,0.0014,41,0.000489,501,0.0146,0.015,NONE,False,False,0.1328,LOW_RISK,-1,True,-0.0253
prod_20001671,20001671,1000373,Sports & Entertainment,4.12,25,91,103,6,0.021,0.04,0.001,41,0.000544,282,0.013,0.007,NONE,False,False,0.1292,LOW_RISK,-1,True,-0.0251
prod_20002807,20002807,1000100,Sports & Entertainment,4.88,8,23,27,3,0.0485,0.125,0.002,17,0.000207,541,0.15,0.08,NONE,False,False,0.0808,LOW_RISK,-1,True,-0.025
prod_20002760,20002760,1000260,Sports & Entertainment,4.0,1,1,1,1,0.2,0.2,0.0,1,4.5e-05,714,0.0141,0.006,NONE,False,False,0.0443,LOW_RISK,-1,True,-0.0248
prod_20003478,20003478,1000068,Sports & Entertainment,4.54,26,85,102,7,0.02,0.0385,0.0012,40,0.000522,714,0.0141,0.006,CHEM_TOXIC,False,True,0.1661,MODERATE_RISK,-1,True,-0.0248
prod_20001225,20001225,1000427,Automotive,3.86,0,0,0,0,0.0,0.0,0.0,0,3.6e-05,691,0.0,1.0,NONE,False,False,0.0399,LOW_RISK,-1,True,-0.0239
prod_20003080,20003080,1000142,Tools & Home Improvement,3.86,0,0,0,0,0.0,0.0,0.0,0,3.6e-05,97,0.0,1.0,NONE,False,False,0.0439,LOW_RISK,-1,True,-0.0239
prod_20001710,20001710,1000265,Sports & Entertainment,3.93,29,82,93,7,0.0176,0.0345,0.0011,41,0.000488,282,0.013,0.007,NONE,False,False,0.1202,LOW_RISK,-1,True,-0.0238
prod_20001770,20001770,1000269,Tools & Home Improvement,5.0,2,6,7,2,0.0914,0.5,0.0049,5,7.3e-05,714,0.0141,0.006,NONE,False,False,0.0339,LOW_RISK,-1,True,-0.0236
prod_20000091,20000091,1000115,Computer & Office,4.89,19,55,67,3,0.0427,0.1154,0.001,19,0.000445,730,0.1959,0.013,NONE,False,False,0.1189,LOW_RISK,-1,True,-0.0235
prod_20003227,20003227,1000074,Automotive,4.14,29,84,100,7,0.0184,0.0345,0.0012,42,0.000557,282,0.013,0.007,NONE,False,False,0.1457,LOW_RISK,-1,True,-0.0232
prod_20001018,20001018,1000454,Computer & Office,4.0,18,62,69,3,0.0222,0.0571,0.0015,38,0.000379,923,0.0278,0.022,NONE,False,False,0.1002,LOW_RISK,-1,True,-0.0232
prod_20000030,20000030,1000254,Sports & Entertainment,4.92,12,45,52,4,0.0546,0.1818,0.0009,19,0.000358,730,0.1959,0.013,NONE,False,False,0.1072,LOW_RISK,-1,True,-0.023
prod_20000144,20000144,1000403,Phones & Telecommunications,4.84,19,57,64,2,0.04,0.0741,0.0007,19,0.000437,730,0.1959,0.013,NONE,False,False,0.1661,MODERATE_RISK,-1,True,-0.0227
prod_20000885,20000885,1000250,Automotive,1.0,1,8,8,1,0.0405,0.2,0.0041,8,7.1e-05,923,0.0278,0.022,NONE,False,False,0.0529,LOW_RISK,-1,True,-0.0226
prod_20000437,20000437,1000160,Sports & Entertainment,4.89,19,50,62,3,0.0431,0.1111,0.001,20,0.000405,270,0.1973,0.02,NONE,False,False,0.1211,LOW_RISK,-1,True,-0.0226
prod_20000069,20000069,1000077,Consumer Electronics,4.76,17,59,69,2,0.0455,0.0909,0.0008,19,0.000469,730,0.1959,0.013,ELEC_SHOCK,False,True,0.1824,MODERATE_RISK,-1,True,-0.0225
prod_20003232,20003232,1000352,Phones & Telecommunications,4.12,8,22,24,2,0.0337,0.1,0.0019,18,0.00015,541,0.15,0.08,NONE,False,False,0.0702,LOW_RISK,-1,True,-0.022
prod_20001633,20001633,1000420,Jewelry & Accessories,3.97,31,93,101,5,0.0163,0.0323,0.0011,44,0.000532,714,0.0141,0.006,NONE,False,False,0.1327,LOW_RISK,-1,True,-0.0219
prod_20004324,20004324,1000429,Sports & Entertainment,3.87,0,0,0,0,0.0,0.0,0.0,0,3.6e-05,851,0.0,1.0,NONE,False,False,0.044,LOW_RISK,-1,True,-0.0219
prod_20004535,20004535,1000351,Sports & Entertainment,3.87,0,0,0,0,0.0,0.0,0.0,0,3.6e-05,149,0.0,1.0,NONE,False,False,0.0411,LOW_RISK,-1,True,-0.0219
prod_20003015,20003015,1000230,Computer & Office,3.67,9,24,24,1,0.0468,0.1111,0.001,18,0.000193,920,0.1602,0.045,NONE,False,False,0.0727,LOW_RISK,-1,True,-0.0219
prod_20001872,20001872,1000284,Phones & Telecommunications,3.87,0,0,0,0,0.0,0.0,0.0,0,3.6e-05,555,0.0,1.0,NONE,False,False,0.0523,LOW_RISK,-1,True,-0.0219
prod_20003097,20003097,1000371,Jewelry & Accessories,3.87,0,0,0,0,0.0,0.0,0.0,0,3.6e-05,201,0.0,1.0,CHOKE_CHILD,False,True,0.2112,MODERATE_RISK,-1,True,-0.0219
prod_20002718,20002718,1000250,Consumer Electronics,4.5,32,83,94,4,0.0169,0.0488,0.0012,40,0.000498,501,0.0146,0.015,NONE,False,False,0.1364,LOW_RISK,-1,True,-0.0216
prod_20003408,20003408,1000126,Computer & Office,3.88,24,82,89,2,0.0205,0.0645,0.0011,40,0.000462,501,0.0146,0.015,NONE,False,False,0.1199,LOW_RISK,-1,True,-0.0213
prod_20000152,20000152,1000150,Home & Garden,4.79,14,49,58,3,0.0501,0.125,0.0009,20,0.0004,816,0.1923,0.02,NONE,False,False,0.1121,LOW_RISK,-1,True,-0.0213
prod_20004428,20004428,1000061,Sports & Entertainment,4.25,36,95,108,4,0.0163,0.0278,0.001,41,0.000557,714,0.0141,0.006,NONE,False,False,0.1339,LOW_RISK,-1,True,-0.0211
prod_20004463,20004463,1000227,Consumer Electronics,4.0,2,2,2,1,0.007,0.0135,0.0069,2,4.4e-05,282,0.013,0.007,NONE,False,False,0.0571,LOW_RISK,-1,True,-0.0209
prod_20001190,20001190,1000042,Phones & Telecommunications,4.18,28,82,95,6,0.0175,0.0357,0.0013,44,0.000535,282,0.013,0.007,NONE,False,False,0.1485,LOW_RISK,-1,True,-0.0206
prod_20000519,20000519,1000085,Sports & Entertainment,4.94,17,51,64,3,0.0481,0.1,0.0009,19,0.000439,673,0.1911,0.02,NONE,False,False,0.1309,LOW_RISK,-1,True,-0.0206
prod_20002858,20002858,1000064,Automotive,4.0,1,1,1,1,0.1667,0.1667,0.0,1,4.3e-05,501,0.0146,0.015,NONE,False,False,0.0494,LOW_RISK,-1,True,-0.0205
prod_20000532,20000532,1000495,Tools & Home Improvement,4.95,20,48,56,3,0.0404,0.1071,0.0008,19,0.000395,673,0.1911,0.02,UNCERTIFIED_MED,False,True,0.1772,MODERATE_RISK,-1,True,-0.0203
prod_20001257,20001257,1000133,Jewelry & Accessories,4.47,32,77,89,7,0.0142,0.0312,0.0016,44,0.000444,714,0.0141,0.006,NONE,False,False,0.1335,LOW_RISK,-1,True,-0.0203
prod_20002592,20002592,1000378,Jewelry & Accessories,4.29,28,85,99,7,0.0167,0.0333,0.0014,43,0.00049,714,0.0141,0.006,NONE,False,False,0.1201,LOW_RISK,-1,True,-0.0203
prod_20001078,20001078,1000335,Tools & Home Improvement,2.0,1,3,3,1,0.2037,0.25,0.003,3,5.6e-05,282,0.013,0.007,NONE,False,False,0.0611,LOW_RISK,-1,True,-0.0201
prod_20001093,20001093,1000235,Jewelry & Accessories,5.0,1,2,2,1,0.1834,0.2,0.003,2,5.3e-05,923,0.0278,0.022,NONE,False,False,0.0989,LOW_RISK,-1,True,-0.0196
prod_20004502,20004502,1000359,Phones & Telecommunications,4.67,3,16,16,1,0.062,0.25,0.0021,14,0.000113,920,0.1602,0.045,NONE,False,False,0.0613,LOW_RISK,-1,True,-0.0196
prod_20001722,20001722,1000012,Computer & Office,4.0,2,7,7,1,0.0632,0.2,0.0022,7,7.1e-05,920,0.1602,0.045,NONE,False,False,0.0375,LOW_RISK,-1,True,-0.0195
prod_20004937,20004937,1000174,Jewelry & Accessories,3.88,0,0,0,0,0.0,0.0,0.0,0,3.6e-05,900,0.0,1.0,NONE,False,False,0.0426,LOW_RISK,-1,True,-0.0194
prod_20001474,20001474,1000004,Jewelry & Accessories,1.0,1,4,4,1,0.0189,0.037,0.0034,4,5.3e-05,923,0.0278,0.022,NONE,False,False,0.0974,LOW_RISK,-1,True,-0.0192
prod_20001090,20001090,1000025,Home & Garden,2.5,2,5,6,2,0.0787,0.2,0.0037,5,6.7e-05,923,0.0278,0.022,NONE,False,False,0.1114,LOW_RISK,-1,True,-0.0187
prod_20002109,20002109,1000374,Sports & Entertainment,4.24,33,95,104,5,0.0166,0.0294,0.0009,41,0.000522,714,0.0141,0.006,CHOKE_CHILD,True,True,0.2701,MODERATE_RISK,-1,True,-0.0185
prod_20003525,20003525,1000052,Automotive,5.0,1,3,3,1,0.1899,0.5,0.0033,3,5.6e-05,501,0.0146,0.015,NONE,False,False,0.0574,LOW_RISK,-1,True,-0.0183
prod_20003350,20003350,1000084,Consumer Electronics,5.0,1,3,3,1,0.2158,0.5,0.003,3,5.6e-05,714,0.0141,0.006,ELEC_SHOCK,True,True,0.2411,MODERATE_RISK,-1,True,-0.018
prod_20002138,20002138,1000176,Jewelry & Accessories,4.12,32,88,102,5,0.018,0.0392,0.001,41,0.000546,282,0.013,0.007,NONE,False,False,0.1496,LOW_RISK,-1,True,-0.0179
prod_20003927,20003927,1000089,Automotive,3.6,30,84,93,4,0.0165,0.0323,0.0012,42,0.000475,714,0.0141,0.006,NONE,False,False,0.1372,LOW_RISK,-1,True,-0.0179
prod_20004346,20004346,1000149,Sports & Entertainment,4.03,29,91,100,5,0.0173,0.0333,0.0011,43,0.000503,282,0.013,0.007,NONE,False,False,0.1247,LOW_RISK,-1,True,-0.0176
prod_20000741,20000741,1000035,Jewelry & Accessories,4.88,16,56,66,2,0.0482,0.0909,0.0007,19,0.000457,497,0.1926,0.013,NONE,False,False,0.1105,LOW_RISK,-1,True,-0.0173
prod_20002048,20002048,1000474,Phones & Telecommunications,3.89,0,0,0,0,0.0,0.0,0.0,0,3.6e-05,571,0.0,1.0,NONE,False,False,0.0468,LOW_RISK,-1,True,-0.0169
prod_20004553,20004553,1000077,Automotive,3.89,0,0,0,0,0.0,0.0,0.0,0,3.6e-05,4,0.0,1.0,ELEC_SHOCK,False,True,0.1298,LOW_RISK,-1,True,-0.0169
prod_20002601,20002601,1000262,Jewelry & Accessories,3.89,0,0,0,0,0.0,0.0,0.0,0,3.6e-05,812,0.0,1.0,NONE,False,False,0.0434,LOW_RISK,-1,True,-0.0169
prod_20004526,20004526,1000235,Consumer Electronics,3.89,0,0,0,0,0.0,0.0,0.0,0,3.6e-05,538,0.0,1.0,NONE,False,False,0.0969,LOW_RISK,-1,True,-0.0169
prod_20004161,20004161,1000225,Computer & Office,4.21,38,91,106,4,0.0157,0.0263,0.001,40,0.000557,714,0.0141,0.006,NONE,False,False,0.1328,LOW_RISK,-1,True,-0.0167
prod_20002827,20002827,1000200,Home & Garden,3.0,1,1,1,1,0.125,0.125,0.0,1,4.2e-05,501,0.0146,0.015,NONE,False,False,0.0284,LOW_RISK,-1,True,-0.0166
prod_20002186,20002186,1000245,Consumer Electronics,4.37,27,80,95,8,0.019,0.0541,0.0012,40,0.000485,714,0.0141,0.006,NONE,False,False,0.1285,LOW_RISK,-1,True,-0.0161
prod_20003926,20003926,1000347,Jewelry & Accessories,4.28,25,89,96,6,0.0188,0.04,0.0012,44,0.000502,714,0.0141,0.006,NONE,False,False,0.1297,LOW_RISK,-1,True,-0.016
prod_20003623,20003623,1000402,Computer & Office,4.0,2,8,8,1,0.17,0.5,0.0016,7,9.4e-05,501,0.0146,0.015,NONE,False,False,0.0515,LOW_RISK,-1,True,-0.0157
prod_20004706,20004706,1000185,Automotive,4.08,37,88,107,5,0.0149,0.0351,0.0013,42,0.000534,714,0.0141,0.006,CHOKE_CHILD,True,True,0.266,MODERATE_RISK,-1,True,-0.0151
prod_20000056,20000056,1000473,Tools & Home Improvement,5.0,14,42,52,4,0.0527,0.1818,0.001,19,0.000356,730,0.1959,0.013,NONE,False,False,0.111,LOW_RISK,-1,True,-0.015
prod_20003292,20003292,1000131,Consumer Electronics,4.28,32,92,108,5,0.0169,0.0328,0.0012,41,0.000556,714,0.0141,0.006,NONE,False,False,0.2602,MODERATE_RISK,-1,True,-0.0148
prod_20003485,20003485,1000131,Home & Garden,1.0,1,1,1,1,0.0476,0.0476,0.0,1,4e-05,282,0.013,0.007,ELEC_SHOCK,False,True,0.2203,MODERATE_RISK,-1,True,-0.0148
prod_20004383,20004383,1000165,Tools & Home Improvement,3.9,0,0,0,0,0.0,0.0,0.0,0,3.6e-05,742,0.0,1.0,NONE,False,False,0.0368,LOW_RISK,-1,True,-0.0148
prod_20004787,20004787,1000002,Sports & Entertainment,3.9,0,0,0,0,0.0,0.0,0.0,0,3.6e-05,157,0.0,1.0,NONE,False,False,0.1166,LOW_RISK,-1,True,-0.0148
prod_20004492,20004492,1000222,Tools & Home Improvement,3.8,10,36,38,2,0.038,0.0909,0.0013,24,0.00022,920,0.1602,0.045,NONE,False,False,0.1139,LOW_RISK,-1,True,-0.0146
prod_20000527,20000527,1000430,Sports & Entertainment,5.0,2,3,3,1,0.087,0.1111,0.0015,3,5.5e-05,673,0.1911,0.02,NONE,False,False,0.05,LOW_RISK,-1,True,-0.0144
prod_20004792,20004792,1000338,Automotive,4.0,1,4,4,1,0.0423,0.1667,0.0097,4,5.4e-05,282,0.013,0.007,NONE,False,False,0.0551,LOW_RISK,-1,True,-0.0142
prod_20000552,20000552,1000331,Consumer Electronics,5.0,5,11,13,2,0.0871,0.2,0.0014,11,0.000118,673,0.1911,0.02,NONE,False,False,0.074,LOW_RISK,-1,True,-0.0141
prod_20000825,20000825,1000251,Consumer Electronics,4.16,25,92,105,5,0.0204,0.04,0.001,42,0.000529,714,0.0141,0.006,NONE,False,False,0.1357,LOW_RISK,-1,True,-0.0139
prod_20000424,20000424,1000096,Home & Garden,4.93,15,56,64,2,0.0464,0.087,0.0009,20,0.000419,270,0.1973,0.02,CHOKE_CHILD,True,True,0.2572,MODERATE_RISK,-1,True,-0.0139
prod_20001723,20001723,1000302,Home & Garden,3.0,1,4,4,1,0.0553,0.2,0.0074,4,5.4e-05,714,0.0141,0.006,NONE,False,False,0.0616,LOW_RISK,-1,True,-0.0136
prod_20002416,20002416,1000225,Sports & Entertainment,5.0,1,2,2,1,0.0032,0.0037,0.0065,2,4.4e-05,282,0.013,0.007,NONE,False,False,0.0425,LOW_RISK,-1,True,-0.0136
prod_20003561,20003561,1000497,Sports & Entertainment,4.11,28,81,91,6,0.0192,0.0488,0.0009,39,0.000491,282,0.013,0.007,CHEM_TOXIC,False,True,0.1312,LOW_RISK,-1,True,-0.0133
prod_20004045,20004045,1000326,Home & Garden,3.5,2,5,5,1,0.0032,0.0046,0.0074,5,5.6e-05,714,0.0141,0.006,NONE,False,False,0.0485,LOW_RISK,-1,True,-0.0132
prod_20001493,20001493,1000497,Phones & Telecommunications,4.4,5,21,23,2,0.0426,0.1429,0.0024,19,0.000141,920,0.1602,0.045,UNCERTIFIED_MED,False,True,0.0748,LOW_RISK,-1,True,-0.0131
prod_20004184,20004184,1000188,Consumer Electronics,3.89,27,81,90,5,0.0194,0.037,0.001,40,0.000465,282,0.013,0.007,NONE,False,False,0.1327,LOW_RISK,-1,True,-0.0128
prod_20003816,20003816,1000167,Sports & Entertainment,4.21,33,83,100,4,0.0169,0.0488,0.0013,42,0.000515,282,0.013,0.007,NONE,False,False,0.133,LOW_RISK,-1,True,-0.0127
prod_20003621,20003621,1000413,Computer & Office,3.59,17,54,58,3,0.0232,0.0526,0.0013,35,0.000301,923,0.0278,0.022,NONE,False,False,0.1072,LOW_RISK,-1,True,-0.0126
prod_20000057,20000057,1000161,Computer & Office,4.82,17,48,56,3,0.0445,0.1364,0.0009,19,0.000381,730,0.1959,0.013,NONE,False,False,0.1202,LOW_RISK,-1,True,-0.0125
prod_20004173,20004173,1000120,Tools & Home Improvement,3.0,1,4,4,1,0.0274,0.0909,0.0072,4,5.4e-05,282,0.013,0.007,NONE,False,False,0.0492,LOW_RISK,-1,True,-0.0123
prod_20001663,20001663,1000350,Tools & Home Improvement,5.0,1,2,2,1,0.0055,0.0104,0.0067,2,4.4e-05,282,0.013,0.007,NONE,False,False,0.0363,LOW_RISK,-1,True,-0.0123
prod_20003358,20003358,1000273,Tools & Home Improvement,4.5,2,2,2,1,0.0055,0.0105,0.0069,2,4.4e-05,282,0.013,0.007,NONE,False,False,0.0508,LOW_RISK,-1,True,-0.0123
prod_20003754,20003754,1000011,Phones & Telecommunications,4.0,1,3,3,1,0.1957,0.5,0.003,3,5.8e-05,282,0.013,0.007,UNCERTIFIED_MED,False,True,0.0768,LOW_RISK,-1,True,-0.0123
prod_20003882,20003882,1000221,Phones & Telecommunications,4.0,2,4,5,2,0.0158,0.0455,0.0066,4,5.7e-05,714,0.0141,0.006,NONE,False,False,0.0385,LOW_RISK,-1,True,-0.0121
prod_20001950,20001950,1000349,Sports & Entertainment,4.5,30,85,96,4,0.0183,0.0526,0.0011,41,0.000493,282,0.013,0.007,NONE,False,False,0.1314,LOW_RISK,-1,True,-0.0121
prod_20003902,20003902,1000451,Phones & Telecommunications,5.0,1,2,2,1,0.0112,0.0217,0.0069,2,4.4e-05,282,0.013,0.007,NONE,False,False,0.0584,LOW_RISK,-1,True,-0.012
prod_20000086,20000086,1000343,Phones & Telecommunications,5.0,16,43,51,4,0.0468,0.1379,0.0008,19,0.000356,730,0.1959,0.013,NONE,False,False,0.1127,LOW_RISK,-1,True,-0.0119
prod_20000326,20000326,1000428,Sports & Entertainment,5.0,5,10,11,2,0.0806,0.2,0.0014,10,0.000102,270,0.1973,0.02,NONE,False,False,0.0696,LOW_RISK,-1,True,-0.0119
prod_20003793,20003793,1000085,Consumer Electronics,4.11,37,91,100,5,0.0149,0.027,0.001,43,0.000511,714,0.0141,0.006,NONE,False,False,0.1274,LOW_RISK,-1,True,-0.0119
prod_20003783,20003783,1000128,Computer & Office,3.5,2,3,3,1,0.0075,0.0182,0.0065,3,4.8e-05,282,0.013,0.007,NONE,False,False,0.0966,LOW_RISK,-1,True,-0.0117
prod_20000792,20000792,1000021,Jewelry & Accessories,4.0,1,3,3,1,0.196,0.5,0.003,3,5.4e-05,714,0.0141,0.006,NONE,False,False,0.044,LOW_RISK,-1,True,-0.0117
prod_20000485,20000485,1000153,Computer & Office,4.5,2,5,5,1,0.0866,0.1429,0.0019,5,6.8e-05,673,0.1911,0.02,NONE,False,False,0.0612,LOW_RISK,-1,True,-0.0117
prod_20002504,20002504,1000240,Automotive,4.06,31,87,97,5,0.017,0.0323,0.0011,41,0.000562,714,0.0141,0.006,NONE,False,False,0.1285,LOW_RISK,-1,True,-0.0114
prod_20003846,20003846,1000244,Jewelry & Accessories,3.52,21,67,77,5,0.0257,0.0741,0.001,35,0.000455,282,0.013,0.007,NONE,False,False,0.1052,LOW_RISK,-1,True,-0.0112
prod_20000868,20000868,1000482,Phones & Telecommunications,4.19,31,74,94,8,0.0175,0.0588,0.0013,40,0.000473,714,0.0141,0.006,NONE,False,False,0.1317,LOW_RISK,-1,True,-0.0112
prod_20002750,20002750,1000393,Phones & Telecommunications,4.33,3,10,10,1,0.0393,0.1111,0.0024,10,8e-05,920,0.1602,0.045,NONE,False,False,0.0677,LOW_RISK,-1,True,-0.011
prod_20000355,20000355,1000310,Tools & Home Improvement,5.0,14,41,55,3,0.0577,0.1304,0.0011,20,0.000366,270,0.1973,0.02,NONE,False,False,0.1256,LOW_RISK,-1,True,-0.0108
prod_20004626,20004626,1000255,Home & Garden,4.5,2,7,7,1,0.1359,0.5,0.0017,6,8.7e-05,923,0.0278,0.022,NONE,False,False,0.0608,LOW_RISK,-1,True,-0.0108
prod_20000223,20000223,1000273,Phones & Telecommunications,4.9,20,46,54,2,0.0404,0.0714,0.0008,20,0.000383,816,0.1923,0.02,NONE,False,False,0.1081,LOW_RISK,-1,True,-0.0108
prod_20003545,20003545,1000163,Jewelry & Accessories,3.91,0,0,0,0,0.0,0.0,0.0,0,3.6e-05,62,0.0,1.0,NONE,False,False,0.0442,LOW_RISK,-1,True,-0.0107
prod_20002826,20002826,1000229,Tools & Home Improvement,4.09,23,70,89,7,0.0197,0.0435,0.0017,41,0.000462,714,0.0141,0.006,NONE,False,False,0.1256,LOW_RISK,-1,True,-0.0106
prod_20003060,20003060,1000034,Home & Garden,3.76,17,48,55,4,0.0241,0.0588,0.0015,32,0.000311,923,0.0278,0.022,NONE,False,False,0.1184,LOW_RISK,-1,True,-0.0099
prod_20002904,20002904,1000451,Computer & Office,4.41,27,66,80,9,0.018,0.0556,0.0015,38,0.000412,714,0.0141,0.006,NONE,False,False,0.1233,LOW_RISK,-1,True,-0.0096
prod_20003417,20003417,1000019,Automotive,5.0,2,1,1,1,0.1667,0.1667,0.0,1,4.5e-05,714,0.0141,0.006,NONE,False,False,0.0883,LOW_RISK,-1,True,-0.0094
prod_20003279,20003279,1000330,Sports & Entertainment,2.5,2,10,10,1,0.111,0.5,0.0018,9,8.9e-05,714,0.0141,0.006,NONE,False,False,0.0743,LOW_RISK,-1,True,-0.0094
prod_20004411,20004411,1000086,Consumer Electronics,4.98,0,0,0,0,0.0,0.0,0.0,0,3.6e-05,275,0.0,1.0,NONE,False,False,0.0439,LOW_RISK,-1,True,-0.0093
prod_20001655,20001655,1000197,Home & Garden,4.98,0,0,0,0,0.0,0.0,0.0,0,3.6e-05,696,0.0,1.0,NONE,False,False,0.0366,LOW_RISK,-1,True,-0.0093
prod_20001566,20001566,1000406,Consumer Electronics,4.98,0,0,0,0,0.0,0.0,0.0,0,3.6e-05,142,0.0,1.0,CHEM_TOXIC,True,True,0.245,MODERATE_RISK,-1,True,-0.0093
prod_20000991,20000991,1000455,Home & Garden,4.98,0,0,0,0,0.0,0.0,0.0,0,3.6e-05,740,0.0,1.0,NONE,False,False,0.0434,LOW_RISK,-1,True,-0.0093
prod_20000609,20000609,1000016,Automotive,5.0,18,48,58,3,0.0441,0.125,0.0009,19,0.000399,497,0.1926,0.013,NONE,False,False,0.0918,LOW_RISK,-1,True,-0.0093
prod_20001648,20001648,1000298,Consumer Electronics,4.98,0,0,0,0,0.0,0.0,0.0,0,3.6e-05,738,0.0,1.0,NONE,False,False,0.0416,LOW_RISK,-1,True,-0.0093
prod_20003219,20003219,1000488,Sports & Entertainment,4.98,0,0,0,0,0.0,0.0,0.0,0,3.6e-05,684,0.0,1.0,NONE,False,False,0.0323,LOW_RISK,-1,True,-0.0093
prod_20003989,20003989,1000319,Home & Garden,4.23,30,85,95,5,0.0178,0.0333,0.0011,41,0.000496,282,0.013,0.007,NONE,False,False,0.1269,LOW_RISK,-1,True,-0.0092
prod_20004821,20004821,1000309,Consumer Electronics,4.97,0,0,0,0,0.0,0.0,0.0,0,3.6e-05,665,0.0,1.0,NONE,False,False,0.058,LOW_RISK,-1,True,-0.009
prod_20002277,20002277,1000437,Home & Garden,4.97,0,0,0,0,0.0,0.0,0.0,0,3.6e-05,7,0.0,1.0,NONE,False,False,0.0251,LOW_RISK,-1,True,-0.009
prod_20004331,20004331,1000021,Computer & Office,4.97,0,0,0,0,0.0,0.0,0.0,0,3.6e-05,90,0.0,1.0,NONE,False,False,0.0392,LOW_RISK,-1,True,-0.009
prod_20002874,20002874,1000243,Jewelry & Accessories,4.97,0,0,0,0,0.0,0.0,0.0,0,3.6e-05,505,0.0,1.0,NONE,False,False,0.1001,LOW_RISK,-1,True,-0.009
prod_20000363,20000363,1000167,Jewelry & Accessories,5.0,5,13,14,2,0.0811,0.2222,0.0011,12,0.000124,270,0.1973,0.02,NONE,False,False,0.0743,LOW_RISK,-1,True,-0.0088
prod_20003775,20003775,1000460,Home & Garden,4.5,2,11,11,1,0.0929,0.5,0.0024,9,9.7e-05,923,0.0278,0.022,NONE,False,False,0.0517,LOW_RISK,-1,True,-0.0087
prod_20002085,20002085,1000198,Tools & Home Improvement,3.83,23,76,86,6,0.0226,0.0435,0.001,40,0.000469,282,0.013,0.007,NONE,False,False,0.1205,LOW_RISK,-1,True,-0.0087
prod_20004062,20004062,1000040,Computer & Office,4.0,1,2,2,1,0.2291,0.3333,0.003,2,5.4e-05,282,0.013,0.007,NONE,False,False,0.0529,LOW_RISK,-1,True,-0.0086
prod_20004528,20004528,1000154,Automotive,5.0,2,8,9,2,0.0482,0.3333,0.0062,8,7.7e-05,714,0.0141,0.006,NONE,False,False,0.0676,LOW_RISK,-1,True,-0.0086
prod_20000334,20000334,1000083,Jewelry & Accessories,5.0,6,11,12,2,0.0773,0.2222,0.0013,11,0.000111,270,0.1973,0.02,NONE,False,False,0.0719,LOW_RISK,-1,True,-0.0084
prod_20003567,20003567,1000027,Phones & Telecommunications,4.0,2,9,9,1,0.1696,0.3333,0.0013,6,0.0001,923,0.0278,0.022,NONE,False,False,0.0898,LOW_RISK,-1,True,-0.0084
prod_20003445,20003445,1000360,Jewelry & Accessories,3.92,0,0,0,0,0.0,0.0,0.0,0,3.6e-05,9,0.0,1.0,NONE,False,False,0.0558,LOW_RISK,-1,True,-0.0082
prod_20002922,20002922,1000471,Consumer Electronics,3.92,0,0,0,0,0.0,0.0,0.0,0,3.6e-05,68,0.0,1.0,NONE,False,False,0.106,LOW_RISK,-1,True,-0.0082
prod_20004714,20004714,1000435,Home & Garden,3.92,0,0,0,0,0.0,0.0,0.0,0,3.6e-05,277,0.0,1.0,NONE,False,False,0.0415,LOW_RISK,-1,True,-0.0082
prod_20000789,20000789,1000011,Phones & Telecommunications,3.92,0,0,0,0,0.0,0.0,0.0,0,3.6e-05,394,0.0,1.0,NONE,False,False,0.0734,LOW_RISK,-1,True,-0.0082
prod_20004044,20004044,1000230,Sports & Entertainment,3.92,0,0,0,0,0.0,0.0,0.0,0,3.6e-05,352,0.0,1.0,NONE,False,False,0.0442,LOW_RISK,-1,True,-0.0082
prod_20002117,20002117,1000320,Jewelry & Accessories,3.92,0,0,0,0,0.0,0.0,0.0,0,3.6e-05,24,0.0,1.0,NONE,False,False,0.0526,LOW_RISK,-1,True,-0.0082
prod_20001944,20001944,1000326,Computer & Office,3.92,0,0,0,0,0.0,0.0,0.0,0,3.6e-05,442,0.0,1.0,NONE,False,False,0.041,LOW_RISK,-1,True,-0.0082
prod_20004468,20004468,1000174,Jewelry & Accessories,4.03,33,81,93,4,0.0159,0.04,0.0012,43,0.000488,714,0.0141,0.006,NONE,False,False,0.1223,LOW_RISK,-1,True,-0.0081
prod_20001369,20001369,1000416,Automotive,4.41,29,81,98,5,0.0178,0.0571,0.0014,41,0.000494,714,0.0141,0.006,NONE,False,False,0.139,LOW_RISK,-1,True,-0.0079
prod_20001796,20001796,1000274,Consumer Electronics,1.0,1,2,2,1,0.1054,0.2,0.003,2,4.6e-05,714,0.0141,0.006,NONE,False,False,0.0565,LOW_RISK,-1,True,-0.0075
prod_20000061,20000061,1000259,Phones & Telecommunications,5.0,13,48,55,3,0.0522,0.125,0.0009,19,0.000379,730,0.1959,0.013,ELEC_SHOCK,False,True,0.1073,LOW_RISK,-1,True,-0.0075
prod_20002663,20002663,1000338,Computer & Office,5.0,2,7,7,1,0.0805,0.5,0.0034,6,7.6e-05,923,0.0278,0.022,NONE,False,False,0.0584,LOW_RISK,-1,True,-0.0074
prod_20003557,20003557,1000471,Phones & Telecommunications,2.67,3,7,8,2,0.0142,0.0667,0.0057,7,7e-05,282,0.013,0.007,UNCERTIFIED_MED,True,True,0.2397,MODERATE_RISK,-1,True,-0.0074
prod_20000922,20000922,1000121,Consumer Electronics,3.0,2,14,14,1,0.1198,0.5,0.0019,12,0.00011,282,0.013,0.007,NONE,False,False,0.0685,LOW_RISK,-1,True,-0.0073
prod_20004278,20004278,1000070,Sports & Entertainment,3.75,24,61,75,7,0.0182,0.0526,0.0017,39,0.000379,714,0.0141,0.006,NONE,False,False,0.1458,LOW_RISK,-1,True,-0.0072
prod_20000877,20000877,1000292,Jewelry & Accessories,3.2,5,22,23,2,0.0822,0.2,0.0015,12,0.000183,923,0.0278,0.022,NONE,False,False,0.0863,LOW_RISK,-1,True,-0.0072
prod_20004218,20004218,1000134,Jewelry & Accessories,4.28,25,79,88,5,0.0203,0.04,0.0011,40,0.000482,501,0.0146,0.015,UNCERTIFIED_MED,True,True,0.2578,MODERATE_RISK,-1,True,-0.0071
prod_20000653,20000653,1000063,Computer & Office,4.8,5,12,13,2,0.086,0.2,0.0009,12,0.00012,497,0.1926,0.013,CHEM_TOXIC,False,True,0.0603,LOW_RISK,-1,True,-0.0069
prod_20004487,20004487,1000186,Tools & Home Improvement,4.14,28,84,99,6,0.0196,0.0357,0.0011,40,0.000529,714,0.0141,0.006,NONE,False,False,0.1333,LOW_RISK,-1,True,-0.0068
prod_20000477,20000477,1000470,Consumer Electronics,5.0,16,42,55,3,0.0526,0.1429,0.0009,19,0.000383,673,0.1911,0.02,NONE,False,False,0.1233,LOW_RISK,-1,True,-0.0067
prod_20000253,20000253,1000258,Jewelry & Accessories,4.93,14,43,51,3,0.0533,0.1579,0.0008,20,0.000363,816,0.1923,0.02,NONE,False,False,0.1146,LOW_RISK,-1,True,-0.0065
prod_20000448,20000448,1000071,Jewelry & Accessories,5.0,4,14,15,2,0.0881,0.1538,0.0014,13,0.000129,270,0.1973,0.02,NONE,False,False,0.0795,LOW_RISK,-1,True,-0.0065
prod_20003672,20003672,1000207,Phones & Telecommunications,5.0,2,5,5,1,0.1654,0.5,0.0013,4,8.1e-05,714,0.0141,0.006,NONE,False,False,0.0359,LOW_RISK,-1,True,-0.0064
prod_20004439,20004439,1000257,Consumer Electronics,4.0,1,4,4,1,0.1641,0.5,0.003,4,5.9e-05,501,0.0146,0.015,NONE,False,False,0.0622,LOW_RISK,-1,True,-0.0064
prod_20000882,20000882,1000087,Automotive,1.0,1,2,2,1,0.1073,0.2,0.003,2,4.8e-05,714,0.0141,0.006,NONE,False,False,0.0535,LOW_RISK,-1,True,-0.0064
prod_20004437,20004437,1000300,Automotive,4.96,0,0,0,0,0.0,0.0,0.0,0,3.6e-05,827,0.0,1.0,NONE,False,False,0.0592,LOW_RISK,-1,True,-0.0063
prod_20002753,20002753,1000492,Tools & Home Improvement,4.96,0,0,0,0,0.0,0.0,0.0,0,3.6e-05,620,0.0,1.0,NONE,False,False,0.0546,LOW_RISK,-1,True,-0.0063
prod_20002508,20002508,1000287,Jewelry & Accessories,4.96,0,0,0,0,0.0,0.0,0.0,0,3.6e-05,340,0.0,1.0,NONE,False,False,0.0426,LOW_RISK,-1,True,-0.0063
prod_20004316,20004316,1000105,Phones & Telecommunications,4.96,0,0,0,0,0.0,0.0,0.0,0,3.6e-05,708,0.0,1.0,NONE,False,False,0.0536,LOW_RISK,-1,True,-0.0063
prod_20002453,20002453,1000101,Phones & Telecommunications,4.96,0,0,0,0,0.0,0.0,0.0,0,3.6e-05,814,0.0,1.0,NONE,False,False,0.1209,LOW_RISK,-1,True,-0.0063
prod_20003085,20003085,1000169,Tools & Home Improvement,4.96,0,0,0,0,0.0,0.0,0.0,0,3.6e-05,728,0.0,1.0,NONE,False,False,0.0425,LOW_RISK,-1,True,-0.0063
prod_20003263,20003263,1000263,Tools & Home Improvement,5.0,1,1,1,1,0.0056,0.0056,0.0,1,4e-05,923,0.0278,0.022,NONE,False,False,0.0506,LOW_RISK,-1,True,-0.0063
prod_20004206,20004206,1000334,Jewelry & Accessories,4.96,0,0,0,0,0.0,0.0,0.0,0,3.6e-05,464,0.0,1.0,NONE,False,False,0.1324,LOW_RISK,-1,True,-0.0063
prod_20004818,20004818,1000164,Jewelry & Accessories,4.96,0,0,0,0,0.0,0.0,0.0,0,3.6e-05,649,0.0,1.0,NONE,False,False,0.0614,LOW_RISK,-1,True,-0.0063
prod_20004544,20004544,1000453,Computer & Office,4.28,29,86,100,5,0.0195,0.0345,0.001,40,0.000527,714,0.0141,0.006,NONE,False,False,0.143,LOW_RISK,-1,True,-0.0062
prod_20003100,20003100,1000127,Automotive,5.0,2,7,8,2,0.0211,0.1,0.007,7,7e-05,714,0.0141,0.006,NONE,False,False,0.0983,LOW_RISK,-1,True,-0.0062
prod_20001879,20001879,1000338,Computer & Office,4.75,4,12,12,1,0.0695,0.2,0.0016,11,9.4e-05,920,0.1602,0.045,NONE,False,False,0.0638,LOW_RISK,-1,True,-0.0062
prod_20004068,20004068,1000446,Computer & Office,4.99,0,0,0,0,0.0,0.0,0.0,0,3.6e-05,548,0.0,1.0,NONE,False,False,0.0338,LOW_RISK,-1,True,-0.0061
prod_20004839,20004839,1000270,Sports & Entertainment,4.99,0,0,0,0,0.0,0.0,0.0,0,3.6e-05,185,0.0,1.0,NONE,False,False,0.0139,LOW_RISK,-1,True,-0.0061
prod_20004808,20004808,1000396,Sports & Entertainment,1.0,1,3,3,1,0.0307,0.0769,0.005,3,4.9e-05,282,0.013,0.007,NONE,False,False,0.0466,LOW_RISK,-1,True,-0.0061
prod_20004636,20004636,1000391,Consumer Electronics,4.99,0,0,0,0,0.0,0.0,0.0,0,3.6e-05,785,0.0,1.0,NONE,False,False,0.0464,LOW_RISK,-1,True,-0.0061
prod_20002517,20002517,1000392,Computer & Office,4.99,0,0,0,0,0.0,0.0,0.0,0,3.6e-05,88,0.0,1.0,NONE,False,False,0.0523,LOW_RISK,-1,True,-0.0061
prod_20004477,20004477,1000428,Home & Garden,4.99,0,0,0,0,0.0,0.0,0.0,0,3.6e-05,677,0.0,1.0,NONE,False,False,0.044,LOW_RISK,-1,True,-0.0061
prod_20000852,20000852,1000343,Tools & Home Improvement,4.18,22,63,78,7,0.0166,0.0385,0.0019,42,0.000377,714,0.0141,0.006,NONE,False,False,0.1202,LOW_RISK,-1,True,-0.006
prod_20000362,20000362,1000274,Computer & Office,5.0,4,10,10,1,0.0823,0.1111,0.0014,10,9.8e-05,270,0.1973,0.02,NONE,False,False,0.0785,LOW_RISK,-1,True,-0.006
prod_20002007,20002007,1000430,Jewelry & Accessories,4.5,2,7,7,1,0.02,0.0667,0.0062,7,6.7e-05,923,0.0278,0.022,NONE,False,False,0.0493,LOW_RISK,-1,True,-0.0058
prod_20003301,20003301,1000275,Home & Garden,4.14,7,27,28,2,0.0453,0.1429,0.0017,20,0.000178,920,0.1602,0.045,NONE,False,False,0.0796,LOW_RISK,-1,True,-0.0056
prod_20001922,20001922,1000232,Jewelry & Accessories,4.42,31,67,79,6,0.0162,0.0323,0.0015,40,0.000436,282,0.013,0.007,NONE,False,False,0.1183,LOW_RISK,-1,True,-0.0055
prod_20000321,20000321,1000164,Automotive,5.0,11,40,50,3,0.061,0.1429,0.0011,20,0.000333,270,0.1973,0.02,NONE,False,False,0.1262,LOW_RISK,-1,True,-0.0055
prod_20000383,20000383,1000440,Tools & Home Improvement,4.86,7,11,13,2,0.075,0.1667,0.0009,11,0.000116,270,0.1973,0.02,NONE,False,False,0.0676,LOW_RISK,-1,True,-0.0054
prod_20003704,20003704,1000498,Tools & Home Improvement,4.43,30,73,91,6,0.0183,0.0333,0.0013,39,0.000459,282,0.013,0.007,NONE,False,False,0.1285,LOW_RISK,-1,True,-0.0053
prod_20003233,20003233,1000434,Jewelry & Accessories,2.0,1,2,2,1,0.0469,0.0625,0.003,2,4.5e-05,923,0.0278,0.022,NONE,False,False,0.0529,LOW_RISK,-1,True,-0.0051
prod_20003397,20003397,1000253,Computer & Office,4.95,0,0,0,0,0.0,0.0,0.0,0,3.6e-05,769,0.0,1.0,NONE,False,False,0.0378,LOW_RISK,-1,True,-0.005
prod_20003923,20003923,1000105,Phones & Telecommunications,4.95,0,0,0,0,0.0,0.0,0.0,0,3.6e-05,616,0.0,1.0,NONE,False,False,0.0536,LOW_RISK,-1,True,-0.005
prod_20004846,20004846,1000234,Home & Garden,3.0,2,6,6,1,0.1229,0.5,0.0019,5,7.6e-05,282,0.013,0.007,NONE,False,False,0.0489,LOW_RISK,-1,True,-0.0048
prod_20000322,20000322,1000030,Phones & Telecommunications,5.0,5,12,14,2,0.0736,0.1538,0.0021,12,0.000117,270,0.1973,0.02,CHEM_TOXIC,True,True,0.2688,MODERATE_RISK,-1,True,-0.0047
prod_20000411,20000411,1000076,Automotive,4.85,13,43,50,3,0.0531,0.1579,0.0009,20,0.00034,270,0.1973,0.02,ELEC_SHOCK,False,True,0.1194,LOW_RISK,-1,True,-0.0046
prod_20000046,20000046,1000381,Tools & Home Improvement,4.94,17,45,52,3,0.0459,0.1429,0.0008,19,0.000363,730,0.1959,0.013,NONE,False,False,0.1117,LOW_RISK,-1,True,-0.0043
prod_20000616,20000616,1000421,Consumer Electronics,4.93,15,47,53,3,0.0466,0.15,0.0009,19,0.000366,497,0.1926,0.013,NONE,False,False,0.1023,LOW_RISK,-1,True,-0.0042
prod_20002924,20002924,1000441,Home & Garden,3.93,0,0,0,0,0.0,0.0,0.0,0,3.6e-05,498,0.0,1.0,NONE,False,False,0.0828,LOW_RISK,-1,True,-0.0042
prod_20002726,20002726,1000443,Tools & Home Improvement,3.93,0,0,0,0,0.0,0.0,0.0,0,3.6e-05,77,0.0,1.0,NONE,False,False,0.0332,LOW_RISK,-1,True,-0.0042
prod_20000655,20000655,1000103,Computer & Office,4.94,16,46,58,3,0.0502,0.1176,0.001,19,0.000398,497,0.1926,0.013,NONE,False,False,0.091,LOW_RISK,-1,True,-0.0042
prod_20003192,20003192,1000438,Phones & Telecommunications,3.93,0,0,0,0,0.0,0.0,0.0,0,3.6e-05,915,0.0,1.0,NONE,False,False,0.0448,LOW_RISK,-1,True,-0.0042
prod_20001439,20001439,1000323,Sports & Entertainment,3.93,0,0,0,0,0.0,0.0,0.0,0,3.6e-05,921,0.0,1.0,NONE,False,False,0.0423,LOW_RISK,-1,True,-0.0042
prod_20002031,20002031,1000420,Phones & Telecommunications,3.96,24,53,67,7,0.0204,0.0556,0.0015,34,0.000348,501,0.0146,0.015,NONE,False,False,0.1037,LOW_RISK,-1,True,-0.0041
prod_20004033,20004033,1000478,Jewelry & Accessories,1.0,1,4,4,1,0.012,0.027,0.0047,4,5.3e-05,714,0.0141,0.006,NONE,False,False,0.0762,LOW_RISK,-1,True,-0.0041
prod_20002228,20002228,1000496,Phones & Telecommunications,5.0,2,4,4,1,0.1469,0.5,0.001,3,7.4e-05,714,0.0141,0.006,NONE,False,False,0.096,LOW_RISK,-1,True,-0.0041
prod_20000479,20000479,1000023,Phones & Telecommunications,5.0,7,19,23,3,0.0741,0.2,0.0014,17,0.00018,673,0.1911,0.02,NONE,False,False,0.0867,LOW_RISK,-1,True,-0.004
prod_20004413,20004413,1000075,Computer & Office,3.0,1,2,2,1,0.1688,0.3333,0.003,2,5.3e-05,714,0.0141,0.006,NONE,False,False,0.0459,LOW_RISK,-1,True,-0.004
prod_20004304,20004304,1000307,Sports & Entertainment,4.0,25,69,86,6,0.0192,0.04,0.0015,37,0.000464,282,0.013,0.007,NONE,False,False,0.112,LOW_RISK,-1,True,-0.004
prod_20004388,20004388,1000236,Home & Garden,3.94,0,0,0,0,0.0,0.0,0.0,0,3.6e-05,560,0.0,1.0,NONE,False,False,0.045,LOW_RISK,-1,True,-0.0039
prod_20004638,20004638,1000380,Jewelry & Accessories,3.94,0,0,0,0,0.0,0.0,0.0,0,3.6e-05,617,0.0,1.0,NONE,False,False,0.0552,LOW_RISK,-1,True,-0.0039
prod_20004177,20004177,1000190,Sports & Entertainment,3.94,0,0,0,0,0.0,0.0,0.0,0,3.6e-05,427,0.0,1.0,NONE,False,False,0.0476,LOW_RISK,-1,True,-0.0039
prod_20003387,20003387,1000224,Jewelry & Accessories,3.94,0,0,0,0,0.0,0.0,0.0,0,3.6e-05,432,0.0,1.0,NONE,False,False,0.0646,LOW_RISK,-1,True,-0.0039
prod_20000934,20000934,1000263,Computer & Office,3.94,0,0,0,0,0.0,0.0,0.0,0,3.6e-05,491,0.0,1.0,NONE,False,False,0.0493,LOW_RISK,-1,True,-0.0039
prod_20000493,20000493,1000309,Sports & Entertainment,5.0,14,46,54,3,0.0498,0.1071,0.001,19,0.000371,673,0.1911,0.02,CHEM_TOXIC,False,True,0.1238,LOW_RISK,-1,True,-0.0039
prod_20003050,20003050,1000165,Home & Garden,3.94,0,0,0,0,0.0,0.0,0.0,0,3.6e-05,161,0.0,1.0,NONE,False,False,0.0368,LOW_RISK,-1,True,-0.0039
prod_20000310,20000310,1000103,Automotive,4.8,5,11,12,2,0.0775,0.125,0.0014,11,0.000109,270,0.1973,0.02,NONE,False,False,0.0596,LOW_RISK,-1,True,-0.0037
prod_20002018,20002018,1000329,Automotive,4.22,27,85,93,5,0.0192,0.0513,0.0011,41,0.000488,714,0.0141,0.006,NONE,False,False,0.1811,MODERATE_RISK,-1,True,-0.0035
prod_20000551,20000551,1000340,Tools & Home Improvement,5.0,9,38,46,3,0.0649,0.1667,0.0012,19,0.000317,673,0.1911,0.02,NONE,False,False,0.1073,LOW_RISK,-1,True,-0.0035
prod_20004260,20004260,1000104,Automotive,4.37,30,85,99,5,0.018,0.0385,0.0012,40,0.00051,714,0.0141,0.006,UNCERTIFIED_MED,False,True,0.1453,LOW_RISK,-1,True,-0.0035
prod_20003274,20003274,1000042,Phones & Telecommunications,4.94,0,0,0,0,0.0,0.0,0.0,0,3.6e-05,881,0.0,1.0,NONE,False,False,0.0897,LOW_RISK,-1,True,-0.0034
prod_20001685,20001685,1000226,Automotive,4.94,0,0,0,0,0.0,0.0,0.0,0,3.6e-05,901,0.0,1.0,NONE,False,False,0.0453,LOW_RISK,-1,True,-0.0034
prod_20004977,20004977,1000227,Computer & Office,4.94,0,0,0,0,0.0,0.0,0.0,0,3.6e-05,146,0.0,1.0,NONE,False,False,0.0549,LOW_RISK,-1,True,-0.0034
prod_20004426,20004426,1000226,Jewelry & Accessories,4.94,0,0,0,0,0.0,0.0,0.0,0,3.6e-05,334,0.0,1.0,NONE,False,False,0.0453,LOW_RISK,-1,True,-0.0034
prod_20002860,20002860,1000317,Jewelry & Accessories,4.94,0,0,0,0,0.0,0.0,0.0,0,3.6e-05,836,0.0,1.0,NONE,False,False,0.0345,LOW_RISK,-1,True,-0.0034
prod_20002771,20002771,1000231,Consumer Electronics,4.94,0,0,0,0,0.0,0.0,0.0,0,3.6e-05,825,0.0,1.0,NONE,False,False,0.0478,LOW_RISK,-1,True,-0.0034
prod_20004183,20004183,1000318,Consumer Electronics,4.94,0,0,0,0,0.0,0.0,0.0,0,3.6e-05,756,0.0,1.0,NONE,False,False,0.016,LOW_RISK,-1,True,-0.0034
prod_20004737,20004737,1000228,Home & Garden,4.94,0,0,0,0,0.0,0.0,0.0,0,3.6e-05,615,0.0,1.0,NONE,False,False,0.0537,LOW_RISK,-1,True,-0.0034
prod_20002434,20002434,1000323,Tools & Home Improvement,4.94,0,0,0,0,0.0,0.0,0.0,0,3.6e-05,592,0.0,1.0,NONE,False,False,0.0423,LOW_RISK,-1,True,-0.0034
prod_20004733,20004733,1000016,Sports & Entertainment,4.94,0,0,0,0,0.0,0.0,0.0,0,3.6e-05,83,0.0,1.0,NONE,False,False,0.0401,LOW_RISK,-1,True,-0.0034
prod_20000548,20000548,1000018,Tools & Home Improvement,5.0,15,40,48,3,0.0514,0.1579,0.0008,19,0.000342,673,0.1911,0.02,CHEM_TOXIC,False,True,0.1429,LOW_RISK,-1,True,-0.0033
prod_20001708,20001708,1000055,Jewelry & Accessories,2.0,1,3,3,1,0.0275,0.0769,0.0057,3,4.9e-05,714,0.0141,0.006,CHEM_TOXIC,False,True,0.1104,LOW_RISK,-1,True,-0.0032
prod_20002920,20002920,1000489,Jewelry & Accessories,2.0,1,1,1,1,0.025,0.025,0.0,1,4e-05,282,0.013,0.007,NONE,False,False,0.0572,LOW_RISK,-1,True,-0.0031
prod_20004536,20004536,1000108,Jewelry & Accessories,3.0,1,2,2,1,0.0387,0.0769,0.0044,2,4.5e-05,923,0.0278,0.022,NONE,False,False,0.0539,LOW_RISK,-1,True,-0.0031
prod_20000229,20000229,1000107,Sports & Entertainment,4.92,13,44,50,3,0.0527,0.1429,0.0008,20,0.000356,816,0.1923,0.02,NONE,False,False,0.1326,LOW_RISK,-1,True,-0.0029
prod_20000629,20000629,1000293,Automotive,4.81,16,49,58,2,0.0479,0.0909,0.0008,19,0.0004,497,0.1926,0.013,NONE,False,False,0.1055,LOW_RISK,-1,True,-0.0028
prod_20004420,20004420,1000396,Sports & Entertainment,5.0,1,4,4,1,0.0089,0.0185,0.0058,4,5.2e-05,923,0.0278,0.022,NONE,False,False,0.0473,LOW_RISK,-1,True,-0.0027
prod_20000343,20000343,1000133,Sports & Entertainment,4.83,6,19,23,2,0.0852,0.2,0.0014,18,0.000177,270,0.1973,0.02,NONE,False,False,0.0923,LOW_RISK,-1,True,-0.0024
prod_20000800,20000800,1000151,Jewelry & Accessories,3.44,18,62,67,3,0.027,0.0909,0.0011,32,0.000359,501,0.0146,0.015,NONE,False,False,0.1118,LOW_RISK,-1,True,-0.0023
prod_20000829,20000829,1000469,Home & Garden,4.0,1,1,1,1,0.0056,0.0056,0.0,1,4e-05,923,0.0278,0.022,NONE,False,False,0.0605,LOW_RISK,-1,True,-0.0021
prod_20002226,20002226,1000330,Home & Garden,4.92,0,0,0,0,0.0,0.0,0.0,0,3.6e-05,216,0.0,1.0,NONE,False,False,0.0544,LOW_RISK,-1,True,-0.0021
prod_20000260,20000260,1000187,Consumer Electronics,5.0,4,11,11,1,0.083,0.1111,0.0014,11,0.000108,816,0.1923,0.02,NONE,False,False,0.0554,LOW_RISK,-1,True,-0.0021
prod_20000751,20000751,1000429,Consumer Electronics,4.92,0,0,0,0,0.0,0.0,0.0,0,3.6e-05,265,0.0,1.0,NONE,False,False,0.044,LOW_RISK,-1,True,-0.0021
prod_20003363,20003363,1000263,Tools & Home Improvement,4.92,0,0,0,0,0.0,0.0,0.0,0,3.6e-05,822,0.0,1.0,NONE,False,False,0.0493,LOW_RISK,-1,True,-0.0021
prod_20003739,20003739,1000060,Sports & Entertainment,4.92,0,0,0,0,0.0,0.0,0.0,0,3.6e-05,112,0.0,1.0,NONE,False,False,0.0546,LOW_RISK,-1,True,-0.0021
prod_20004233,20004233,1000068,Computer & Office,4.92,0,0,0,0,0.0,0.0,0.0,0,3.6e-05,485,0.0,1.0,CHEM_TOXIC,True,True,0.2389,MODERATE_RISK,-1,True,-0.0021
prod_20003740,20003740,1000469,Automotive,4.92,0,0,0,0,0.0,0.0,0.0,0,3.6e-05,100,0.0,1.0,NONE,False,False,0.0594,LOW_RISK,-1,True,-0.0021
prod_20000087,20000087,1000343,Sports & Entertainment,4.88,17,41,49,4,0.0454,0.1379,0.0009,19,0.000339,730,0.1959,0.013,NONE,False,False,0.1043,LOW_RISK,-1,True,-0.0019
prod_20003538,20003538,1000075,Tools & Home Improvement,5.0,1,3,3,1,0.0049,0.012,0.0075,3,4.8e-05,714,0.0141,0.006,NONE,False,False,0.0474,LOW_RISK,-1,True,-0.0018
prod_20000491,20000491,1000050,Sports & Entertainment,4.88,8,28,35,3,0.0746,0.1875,0.0012,19,0.000254,673,0.1911,0.02,NONE,False,False,0.1121,LOW_RISK,-1,True,-0.0017
prod_20001806,20001806,1000190,Jewelry & Accessories,3.95,0,0,0,0,0.0,0.0,0.0,0,3.6e-05,630,0.0,1.0,NONE,False,False,0.0476,LOW_RISK,-1,True,-0.0015
prod_20002829,20002829,1000115,Sports & Entertainment,3.96,0,0,0,0,0.0,0.0,0.0,0,3.6e-05,627,0.0,1.0,NONE,False,False,0.0488,LOW_RISK,-1,True,-0.0015
prod_20001455,20001455,1000335,Sports & Entertainment,3.95,0,0,0,0,0.0,0.0,0.0,0,3.6e-05,813,0.0,1.0,NONE,False,False,0.0439,LOW_RISK,-1,True,-0.0015
prod_20002311,20002311,1000255,Automotive,3.97,0,0,0,0,0.0,0.0,0.0,0,3.6e-05,527,0.0,1.0,NONE,False,False,0.0537,LOW_RISK,-1,True,-0.0015
prod_20004901,20004901,1000369,Computer & Office,3.97,0,0,0,0,0.0,0.0,0.0,0,3.6e-05,613,0.0,1.0,NONE,False,False,0.0421,LOW_RISK,-1,True,-0.0015
prod_20000898,20000898,1000153,Phones & Telecommunications,3.97,0,0,0,0,0.0,0.0,0.0,0,3.6e-05,111,0.0,1.0,NONE,False,False,0.0556,LOW_RISK,-1,True,-0.0015
prod_20002415,20002415,1000089,Home & Garden,3.95,0,0,0,0,0.0,0.0,0.0,0,3.6e-05,448,0.0,1.0,NONE,False,False,0.0377,LOW_RISK,-1,True,-0.0015
prod_20003111,20003111,1000372,Computer & Office,3.95,0,0,0,0,0.0,0.0,0.0,0,3.6e-05,533,0.0,1.0,NONE,False,False,0.0443,LOW_RISK,-1,True,-0.0015
prod_20002470,20002470,1000307,Home & Garden,3.95,0,0,0,0,0.0,0.0,0.0,0,3.6e-05,877,0.0,1.0,NONE,False,False,0.0388,LOW_RISK,-1,True,-0.0015
prod_20003432,20003432,1000146,Jewelry & Accessories,3.97,0,0,0,0,0.0,0.0,0.0,0,3.6e-05,875,0.0,1.0,NONE,False,False,0.0393,LOW_RISK,-1,True,-0.0015
prod_20000597,20000597,1000249,Computer & Office,4.94,17,44,52,3,0.0447,0.1111,0.0009,19,0.000363,673,0.1911,0.02,NONE,False,False,0.1298,LOW_RISK,-1,True,-0.0014
prod_20000568,20000568,1000414,Phones & Telecommunications,4.89,9,25,32,3,0.0697,0.2143,0.0013,19,0.000233,673,0.1911,0.02,NONE,False,False,0.0847,LOW_RISK,-1,True,-0.0014
prod_20000481,20000481,1000288,Consumer Electronics,5.0,8,20,24,3,0.0718,0.2143,0.0012,19,0.000186,673,0.1911,0.02,NONE,False,False,0.084,LOW_RISK,-1,True,-0.0013
prod_20001962,20001962,1000172,Computer & Office,4.91,0,0,0,0,0.0,0.0,0.0,0,3.6e-05,423,0.0,1.0,NONE,False,False,0.0467,LOW_RISK,-1,True,-0.0012
prod_20000686,20000686,1000283,Automotive,4.67,3,12,13,2,0.0803,0.1176,0.002,12,0.000115,497,0.1926,0.013,NONE,False,False,0.0706,LOW_RISK,-1,True,-0.0012
prod_20001463,20001463,1000227,Computer & Office,4.91,0,0,0,0,0.0,0.0,0.0,0,3.6e-05,189,0.0,1.0,UNCERTIFIED_MED,False,True,0.0549,LOW_RISK,-1,True,-0.0012
prod_20003977,20003977,1000413,Jewelry & Accessories,4.91,0,0,0,0,0.0,0.0,0.0,0,3.6e-05,671,0.0,1.0,NONE,False,False,0.0582,LOW_RISK,-1,True,-0.0012
prod_20001805,20001805,1000044,Jewelry & Accessories,4.91,0,0,0,0,0.0,0.0,0.0,0,3.6e-05,156,0.0,1.0,NONE,False,False,0.0398,LOW_RISK,-1,True,-0.0012
prod_20000939,20000939,1000025,Tools & Home Improvement,4.91,0,0,0,0,0.0,0.0,0.0,0,3.6e-05,824,0.0,1.0,NONE,False,False,0.1077,LOW_RISK,-1,True,-0.0012
prod_20003904,20003904,1000180,Jewelry & Accessories,4.91,0,0,0,0,0.0,0.0,0.0,0,3.6e-05,313,0.0,1.0,NONE,False,False,0.0341,LOW_RISK,-1,True,-0.0012
prod_20002293,20002293,1000369,Consumer Electronics,4.91,0,0,0,0,0.0,0.0,0.0,0,3.6e-05,658,0.0,1.0,NONE,False,False,0.0421,LOW_RISK,-1,True,-0.0012
prod_20004134,20004134,1000026,Automotive,4.9,0,0,0,0,0.0,0.0,0.0,0,3.6e-05,402,0.0,1.0,NONE,False,False,0.0372,LOW_RISK,-1,True,-0.001
prod_20001625,20001625,1000315,Home & Garden,4.9,0,0,0,0,0.0,0.0,0.0,0,3.6e-05,166,0.0,1.0,NONE,False,False,0.0436,LOW_RISK,-1,True,-0.001
prod_20002285,20002285,1000344,Phones & Telecommunications,4.9,0,0,0,0,0.0,0.0,0.0,0,3.6e-05,458,0.0,1.0,NONE,False,False,0.0379,LOW_RISK,-1,True,-0.001
prod_20004376,20004376,1000101,Jewelry & Accessories,4.9,0,0,0,0,0.0,0.0,0.0,0,3.6e-05,487,0.0,1.0,NONE,False,False,0.1209,LOW_RISK,-1,True,-0.001
prod_20001057,20001057,1000378,Phones & Telecommunications,4.9,0,0,0,0,0.0,0.0,0.0,0,3.6e-05,896,0.0,1.0,NONE,False,False,0.0396,LOW_RISK,-1,True,-0.001
prod_20003399,20003399,1000371,Sports & Entertainment,4.9,0,0,0,0,0.0,0.0,0.0,0,3.6e-05,772,0.0,1.0,CHEM_TOXIC,True,True,0.299,MODERATE_RISK,-1,True,-0.001
prod_20003662,20003662,1000279,Computer & Office,4.9,0,0,0,0,0.0,0.0,0.0,0,3.6e-05,74,0.0,1.0,NONE,False,False,0.0399,LOW_RISK,-1,True,-0.001
prod_20001168,20001168,1000479,Computer & Office,4.9,0,0,0,0,0.0,0.0,0.0,0,3.6e-05,687,0.0,1.0,NONE,False,False,0.0517,LOW_RISK,-1,True,-0.001
prod_20000875,20000875,1000144,Automotive,4.9,0,0,0,0,0.0,0.0,0.0,0,3.6e-05,834,0.0,1.0,NONE,False,False,0.018,LOW_RISK,-1,True,-0.001
prod_20002119,20002119,1000036,Sports & Entertainment,4.9,0,0,0,0,0.0,0.0,0.0,0,3.6e-05,899,0.0,1.0,NONE,False,False,0.0388,LOW_RISK,-1,True,-0.001
prod_20002410,20002410,1000452,Phones & Telecommunications,4.9,0,0,0,0,0.0,0.0,0.0,0,3.6e-05,41,0.0,1.0,NONE,False,False,0.0426,LOW_RISK,-1,True,-0.001
prod_20004904,20004904,1000214,Phones & Telecommunications,4.9,0,0,0,0,0.0,0.0,0.0,0,3.6e-05,524,0.0,1.0,NONE,False,False,0.0468,LOW_RISK,-1,True,-0.001
prod_20000281,20000281,1000242,Automotive,4.83,6,17,20,3,0.0793,0.1538,0.0012,16,0.000165,816,0.1923,0.02,NONE,False,False,0.0653,LOW_RISK,-1,True,-0.0009
prod_20000459,20000459,1000146,Consumer Electronics,4.93,14,44,54,3,0.0518,0.1364,0.001,19,0.000372,673,0.1911,0.02,NONE,False,False,0.1167,LOW_RISK,-1,True,-0.0009
prod_20000473,20000473,1000087,Phones & Telecommunications,5.0,4,15,16,2,0.0866,0.1538,0.0013,14,0.00014,673,0.1911,0.02,NONE,False,False,0.0684,LOW_RISK,-1,True,-0.0008
prod_20003876,20003876,1000139,Tools & Home Improvement,2.0,1,1,1,1,0.0286,0.0286,0.0,1,4e-05,714,0.0141,0.006,NONE,False,False,0.0822,LOW_RISK,-1,True,-0.0008
prod_20004902,20004902,1000051,Consumer Electronics,4.88,0,0,0,0,0.0,0.0,0.0,0,3.6e-05,76,0.0,1.0,NONE,False,False,0.0467,LOW_RISK,-1,True,-0.0006
prod_20002337,20002337,1000291,Jewelry & Accessories,4.88,0,0,0,0,0.0,0.0,0.0,0,3.6e-05,345,0.0,1.0,NONE,False,False,0.0411,LOW_RISK,-1,True,-0.0006
prod_20002174,20002174,1000190,Jewelry & Accessories,4.88,0,0,0,0,0.0,0.0,0.0,0,3.6e-05,204,0.0,1.0,NONE,False,False,0.0476,LOW_RISK,-1,True,-0.0006
prod_20002340,20002340,1000028,Sports & Entertainment,4.88,0,0,0,0,0.0,0.0,0.0,0,3.6e-05,656,0.0,1.0,NONE,False,False,0.041,LOW_RISK,-1,True,-0.0006
prod_20003174,20003174,1000349,Tools & Home Improvement,4.0,1,3,3,1,0.1717,0.5,0.0035,3,5.2e-05,714,0.0141,0.006,NONE,False,False,0.043,LOW_RISK,-1,True,-0.0005
prod_20003492,20003492,1000094,Computer & Office,5.0,1,6,6,1,0.1781,0.5,0.0031,6,7e-05,714,0.0141,0.006,NONE,False,False,0.0984,LOW_RISK,-1,True,-0.0004
prod_20000607,20000607,1000085,Phones & Telecommunications,5.0,3,12,12,1,0.0837,0.125,0.0014,12,0.000112,497,0.1926,0.013,NONE,False,False,0.063,LOW_RISK,-1,True,-0.0002
prod_20000546,20000546,1000229,Jewelry & Accessories,4.69,13,39,50,3,0.0584,0.1579,0.001,19,0.000349,673,0.1911,0.02,NONE,False,False,0.1009,LOW_RISK,-1,True,-0.0002
prod_20002987,20002987,1000274,Sports & Entertainment,4.0,1,1,1,1,0.0109,0.0109,0.0,1,4e-05,923,0.0278,0.022,NONE,False,False,0.0555,LOW_RISK,-1,True,-0.0001
prod_20000385,20000385,1000065,Home & Garden,4.85,13,46,56,2,0.0537,0.1053,0.0011,20,0.00037,270,0.1973,0.02,NONE,False,False,0.14,LOW_RISK,-1,True,-0.0001
prod_20002570,20002570,1000230,Automotive,5.0,0,0,0,0,0.0,0.0,0.0,0,3.6e-05,300,0.0,1.0,NONE,False,False,0.0442,LOW_RISK,1,False,0.0
prod_20002471,20002471,1000372,Home & Garden,5.0,0,0,0,0,0.0,0.0,0.0,0,3.6e-05,5,0.0,1.0,NONE,False,False,0.0443,LOW_RISK,1,False,0.0
prod_20003645,20003645,1000230,Automotive,5.0,0,0,0,0,0.0,0.0,0.0,0,3.6e-05,898,0.0,1.0,NONE,False,False,0.0442,LOW_RISK,1,False,0.0
prod_20004939,20004939,1000438,Tools & Home Improvement,5.0,0,0,0,0,0.0,0.0,0.0,0,3.6e-05,666,0.0,1.0,NONE,False,False,0.0448,LOW_RISK,1,False,0.0
prod_20002990,20002990,1000445,Home & Garden,5.0,0,0,0,0,0.0,0.0,0.0,0,3.6e-05,127,0.0,1.0,NONE,False,False,0.1013,LOW_RISK,1,False,0.0
prod_20001438,20001438,1000327,Tools & Home Improvement,5.0,0,0,0,0,0.0,0.0,0.0,0,3.6e-05,667,0.0,1.0,NONE,False,False,0.0507,LOW_RISK,1,False,0.0
prod_20003211,20003211,1000380,Sports & Entertainment,5.0,1,0,0,0,0.0,0.0,0.0,0,3.6e-05,419,0.0,1.0,NONE,False,False,0.0552,LOW_RISK,1,False,0.0
prod_20004430,20004430,1000443,Tools & Home Improvement,5.0,1,0,0,0,0.0,0.0,0.0,0,3.6e-05,128,0.0,1.0,NONE,False,False,0.0332,LOW_RISK,1,False,0.0
prod_20001658,20001658,1000101,Jewelry & Accessories,5.0,0,0,0,0,0.0,0.0,0.0,0,3.6e-05,644,0.0,1.0,NONE,False,False,0.1209,LOW_RISK,1,False,0.0
prod_20004932,20004932,1000109,Jewelry & Accessories,5.0,0,0,0,0,0.0,0.0,0.0,0,3.6e-05,653,0.0,1.0,NONE,False,False,0.0243,LOW_RISK,1,False,0.0
prod_20003484,20003484,1000381,Sports & Entertainment,5.0,0,0,0,0,0.0,0.0,0.0,0,3.6e-05,675,0.0,1.0,NONE,False,False,0.047,LOW_RISK,1,False,0.0
prod_20004934,20004934,1000381,Automotive,5.0,0,0,0,0,0.0,0.0,0.0,0,3.6e-05,638,0.0,1.0,NONE,False,False,0.047,LOW_RISK,1,False,0.0
prod_20001630,20001630,1000164,Tools & Home Improvement,5.0,0,0,0,0,0.0,0.0,0.0,0,3.6e-05,840,0.0,1.0,NONE,False,False,0.0614,LOW_RISK,1,False,0.0
prod_20002464,20002464,1000367,Sports & Entertainment,5.0,0,0,0,0,0.0,0.0,0.0,0,3.6e-05,424,0.0,1.0,NONE,False,False,0.035,LOW_RISK,1,False,0.0
prod_20003102,20003102,1000103,Automotive,5.0,0,0,0,0,0.0,0.0,0.0,0,3.6e-05,440,0.0,1.0,NONE,False,False,0.0374,LOW_RISK,1,False,0.0
prod_20001194,20001194,1000217,Phones & Telecommunications,5.0,0,0,0,0,0.0,0.0,0.0,0,3.6e-05,139,0.0,1.0,NONE,False,False,0.0476,LOW_RISK,1,False,0.0
prod_20001117,20001117,1000173,Phones & Telecommunications,5.0,1,0,0,0,0.0,0.0,0.0,0,3.6e-05,843,0.0,1.0,ELEC_SHOCK,False,True,0.0241,LOW_RISK,1,False,0.0
prod_20004569,20004569,1000190,Jewelry & Accessories,5.0,0,0,0,0,0.0,0.0,0.0,0,3.6e-05,414,0.0,1.0,NONE,False,False,0.0476,LOW_RISK,1,False,0.0
prod_20002455,20002455,1000448,Sports & Entertainment,5.0,0,0,0,0,0.0,0.0,0.0,0,3.6e-05,819,0.0,1.0,NONE,False,False,0.0347,LOW_RISK,1,False,0.0
prod_20003742,20003742,1000047,Phones & Telecommunications,5.0,0,0,0,0,0.0,0.0,0.0,0,3.6e-05,829,0.0,1.0,NONE,False,False,0.0418,LOW_RISK,1,False,0.0
prod_20001761,20001761,1000033,Automotive,5.0,0,0,0,0,0.0,0.0,0.0,0,3.6e-05,821,0.0,1.0,CHEM_TOXIC,True,True,0.2897,MODERATE_RISK,1,False,0.0
prod_20002667,20002667,1000004,Automotive,5.0,0,0,0,0,0.0,0.0,0.0,0,3.6e-05,833,0.0,1.0,NONE,False,False,0.0944,LOW_RISK,1,False,0.0
prod_20004403,20004403,1000287,Home & Garden,5.0,0,0,0,0,0.0,0.0,0.0,0,3.6e-05,492,0.0,1.0,NONE,False,False,0.0426,LOW_RISK,1,False,0.0
prod_20000968,20000968,1000327,Tools & Home Improvement,5.0,0,0,0,0,0.0,0.0,0.0,0,3.6e-05,625,0.0,1.0,NONE,False,False,0.0507,LOW_RISK,1,False,0.0
prod_20002735,20002735,1000286,Phones & Telecommunications,5.0,0,0,0,0,0.0,0.0,0.0,0,3.6e-05,121,0.0,1.0,NONE,False,False,0.0447,LOW_RISK,1,False,0.0
prod_20002944,20002944,1000154,Automotive,5.0,0,0,0,0,0.0,0.0,0.0,0,3.6e-05,413,0.0,1.0,NONE,False,False,0.0583,LOW_RISK,1,False,0.0
prod_20003070,20003070,1000300,Consumer Electronics,5.0,0,0,0,0,0.0,0.0,0.0,0,3.6e-05,623,0.0,1.0,NONE,False,False,0.0592,LOW_RISK,1,False,0.0
prod_20004959,20004959,1000482,Sports & Entertainment,5.0,0,0,0,0,0.0,0.0,0.0,0,3.6e-05,154,0.0,1.0,NONE,False,False,0.0602,LOW_RISK,1,False,0.0
prod_20001376,20001376,1000359,Home & Garden,5.0,0,0,0,0,0.0,0.0,0.0,0,3.6e-05,522,0.0,1.0,CHEM_TOXIC,False,True,0.0399,LOW_RISK,1,False,0.0
prod_20004224,20004224,1000356,Home & Garden,5.0,1,0,0,0,0.0,0.0,0.0,0,3.6e-05,856,0.0,1.0,CHEM_TOXIC,False,True,0.1177,LOW_RISK,1,False,0.0
prod_20004080,20004080,1000463,Consumer Electronics,5.0,0,0,0,0,0.0,0.0,0.0,0,3.6e-05,852,0.0,1.0,NONE,False,False,0.0195,LOW_RISK,1,False,0.0
prod_20004312,20004312,1000112,Tools & Home Improvement,5.0,0,0,0,0,0.0,0.0,0.0,0,3.6e-05,850,0.0,1.0,NONE,False,False,0.0912,LOW_RISK,1,False,0.0
prod_20003439,20003439,1000398,Tools & Home Improvement,5.0,0,0,0,0,0.0,0.0,0.0,0,3.6e-05,805,0.0,1.0,NONE,False,False,0.0467,LOW_RISK,1,False,0.0
prod_20003613,20003613,1000345,Phones & Telecommunications,5.0,0,0,0,0,0.0,0.0,0.0,0,3.6e-05,210,0.0,1.0,NONE,False,False,0.0262,LOW_RISK,1,False,0.0
prod_20001758,20001758,1000047,Automotive,5.0,1,0,0,0,0.0,0.0,0.0,0,3.6e-05,488,0.0,1.0,NONE,False,False,0.0418,LOW_RISK,1,False,0.0
prod_20003503,20003503,1000051,Sports & Entertainment,5.0,0,0,0,0,0.0,0.0,0.0,0,3.6e-05,335,0.0,1.0,NONE,False,False,0.0467,LOW_RISK,1,False,0.0
prod_20004409,20004409,1000294,Automotive,5.0,0,0,0,0,0.0,0.0,0.0,0,3.6e-05,145,0.0,1.0,NONE,False,False,0.0357,LOW_RISK,1,False,0.0
prod_20004373,20004373,1000217,Phones & Telecommunications,5.0,0,0,0,0,0.0,0.0,0.0,0,3.6e-05,176,0.0,1.0,NONE,False,False,0.0476,LOW_RISK,1,False,0.0
prod_20003429,20003429,1000458,Consumer Electronics,5.0,0,0,0,0,0.0,0.0,0.0,0,3.6e-05,214,0.0,1.0,NONE,False,False,0.05,LOW_RISK,1,False,0.0
prod_20002376,20002376,1000339,Tools & Home Improvement,5.0,0,0,0,0,0.0,0.0,0.0,0,3.6e-05,484,0.0,1.0,NONE,False,False,0.0305,LOW_RISK,1,False,0.0
prod_20003144,20003144,1000157,Sports & Entertainment,5.0,1,0,0,0,0.0,0.0,0.0,0,3.6e-05,372,0.0,1.0,NONE,False,False,0.046,LOW_RISK,1,False,0.0
prod_20004150,20004150,1000315,Automotive,5.0,0,0,0,0,0.0,0.0,0.0,0,3.6e-05,751,0.0,1.0,NONE,False,False,0.0436,LOW_RISK,1,False,0.0
prod_20004680,20004680,1000383,Consumer Electronics,5.0,0,0,0,0,0.0,0.0,0.0,0,3.6e-05,786,0.0,1.0,NONE,False,False,0.042,LOW_RISK,1,False,0.0
prod_20001231,20001231,1000050,Home & Garden,5.0,0,0,0,0,0.0,0.0,0.0,0,3.6e-05,774,0.0,1.0,NONE,False,False,0.08,LOW_RISK,1,False,0.0
prod_20003727,20003727,1000016,Consumer Electronics,5.0,0,0,0,0,0.0,0.0,0.0,0,3.6e-05,747,0.0,1.0,NONE,False,False,0.0401,LOW_RISK,1,False,0.0
prod_20003703,20003703,1000424,Sports & Entertainment,5.0,1,0,0,0,0.0,0.0,0.0,0,3.6e-05,96,0.0,1.0,NONE,False,False,0.0523,LOW_RISK,1,False,0.0
prod_20003081,20003081,1000402,Consumer Electronics,5.0,0,0,0,0,0.0,0.0,0.0,0,3.6e-05,612,0.0,1.0,NONE,False,False,0.0416,LOW_RISK,1,False,0.0
prod_20002679,20002679,1000426,Automotive,5.0,0,0,0,0,0.0,0.0,0.0,0,3.6e-05,391,0.0,1.0,NONE,False,False,0.0477,LOW_RISK,1,False,0.0
prod_20002197,20002197,1000162,Consumer Electronics,5.0,0,0,0,0,0.0,0.0,0.0,0,3.6e-05,711,0.0,1.0,NONE,False,False,0.054,LOW_RISK,1,False,0.0
prod_20003831,20003831,1000071,Phones & Telecommunications,5.0,0,0,0,0,0.0,0.0,0.0,0,3.6e-05,104,0.0,1.0,NONE,False,False,0.0498,LOW_RISK,1,False,0.0
prod_20002881,20002881,1000114,Home & Garden,5.0,1,0,0,0,0.0,0.0,0.0,0,3.6e-05,396,0.0,1.0,NONE,False,False,0.0518,LOW_RISK,1,False,0.0
prod_20003307,20003307,1000373,Sports & Entertainment,5.0,1,0,0,0,0.0,0.0,0.0,0,3.6e-05,720,0.0,1.0,NONE,False,False,0.0524,LOW_RISK,1,False,0.0
prod_20001549,20001549,1000032,Sports & Entertainment,5.0,0,0,0,0,0.0,0.0,0.0,0,3.6e-05,614,0.0,1.0,NONE,False,False,0.0445,LOW_RISK,1,False,0.0
prod_20002306,20002306,1000355,Phones & Telecommunications,5.0,0,0,0,0,0.0,0.0,0.0,0,3.6e-05,457,0.0,1.0,NONE,False,False,0.0364,LOW_RISK,1,False,0.0
prod_20004147,20004147,1000409,Automotive,5.0,1,0,0,0,0.0,0.0,0.0,0,3.6e-05,226,0.0,1.0,CHOKE_CHILD,True,True,0.2504,MODERATE_RISK,1,False,0.0
prod_20002498,20002498,1000424,Automotive,5.0,0,0,0,0,0.0,0.0,0.0,0,3.6e-05,449,0.0,1.0,NONE,False,False,0.0523,LOW_RISK,1,False,0.0
prod_20004736,20004736,1000492,Phones & Telecommunications,5.0,0,0,0,0,0.0,0.0,0.0,0,3.6e-05,549,0.0,1.0,NONE,False,False,0.0546,LOW_RISK,1,False,0.0
prod_20002137,20002137,1000027,Phones & Telecommunications,5.0,0,0,0,0,0.0,0.0,0.0,0,3.6e-05,411,0.0,1.0,NONE,False,False,0.0518,LOW_RISK,1,False,0.0
prod_20004910,20004910,1000276,Tools & Home Improvement,5.0,1,0,0,0,0.0,0.0,0.0,0,3.6e-05,243,0.0,1.0,NONE,False,False,0.0373,LOW_RISK,1,False,0.0
prod_20004401,20004401,1000299,Automotive,5.0,0,0,0,0,0.0,0.0,0.0,0,3.6e-05,539,0.0,1.0,NONE,False,False,0.0482,LOW_RISK,1,False,0.0
prod_20003913,20003913,1000131,Jewelry & Accessories,5.0,0,0,0,0,0.0,0.0,0.0,0,3.6e-05,349,0.0,1.0,NONE,False,False,0.2197,MODERATE_RISK,1,False,0.0
prod_20001706,20001706,1000160,Sports & Entertainment,5.0,0,0,0,0,0.0,0.0,0.0,0,3.6e-05,269,0.0,1.0,NONE,False,False,0.0419,LOW_RISK,1,False,0.0
prod_20001532,20001532,1000375,Home & Garden,5.0,0,0,0,0,0.0,0.0,0.0,0,3.6e-05,802,0.0,1.0,NONE,False,False,0.0533,LOW_RISK,1,False,0.0
prod_20004558,20004558,1000412,Phones & Telecommunications,5.0,0,0,0,0,0.0,0.0,0.0,0,3.6e-05,811,0.0,1.0,NONE,False,False,0.0315,LOW_RISK,1,False,0.0
prod_20004469,20004469,1000428,Phones & Telecommunications,5.0,0,0,0,0,0.0,0.0,0.0,0,3.6e-05,94,0.0,1.0,NONE,False,False,0.044,LOW_RISK,1,False,0.0
prod_20001949,20001949,1000243,Home & Garden,5.0,0,0,0,0,0.0,0.0,0.0,0,3.6e-05,729,0.0,1.0,ELEC_SHOCK,True,True,0.2348,MODERATE_RISK,1,False,0.0
prod_20003414,20003414,1000373,Computer & Office,5.0,0,0,0,0,0.0,0.0,0.0,0,3.6e-05,595,0.0,1.0,NONE,False,False,0.0524,LOW_RISK,1,False,0.0
prod_20002349,20002349,1000210,Tools & Home Improvement,5.0,0,0,0,0,0.0,0.0,0.0,0,3.6e-05,552,0.0,1.0,NONE,False,False,0.0503,LOW_RISK,1,False,0.0
prod_20001046,20001046,1000477,Jewelry & Accessories,5.0,0,0,0,0,0.0,0.0,0.0,0,3.6e-05,794,0.0,1.0,NONE,False,False,0.0448,LOW_RISK,1,False,0.0
prod_20001287,20001287,1000117,Sports & Entertainment,5.0,0,0,0,0,0.0,0.0,0.0,0,3.6e-05,178,0.0,1.0,NONE,False,False,0.0362,LOW_RISK,1,False,0.0
prod_20004493,20004493,1000415,Automotive,5.0,1,0,0,0,0.0,0.0,0.0,0,3.6e-05,795,0.0,1.0,NONE,False,False,0.0196,LOW_RISK,1,False,0.0
prod_20001851,20001851,1000469,Tools & Home Improvement,5.0,1,0,0,0,0.0,0.0,0.0,0,3.6e-05,791,0.0,1.0,NONE,False,False,0.0594,LOW_RISK,1,False,0.0
prod_20001471,20001471,1000155,Consumer Electronics,5.0,0,0,0,0,0.0,0.0,0.0,0,3.6e-05,879,0.0,1.0,ELEC_SHOCK,True,True,0.2472,MODERATE_RISK,1,False,0.0
prod_20003858,20003858,1000362,Jewelry & Accessories,5.0,1,0,0,0,0.0,0.0,0.0,0,3.6e-05,904,0.0,1.0,NONE,False,False,0.1223,LOW_RISK,1,False,0.0
prod_20002157,20002157,1000330,Tools & Home Improvement,5.0,0,0,0,0,0.0,0.0,0.0,0,3.6e-05,256,0.0,1.0,NONE,False,False,0.0544,LOW_RISK,1,False,0.0
prod_20004712,20004712,1000311,Automotive,5.0,0,0,0,0,0.0,0.0,0.0,0,3.6e-05,84,0.0,1.0,NONE,False,False,0.0471,LOW_RISK,1,False,0.0
prod_20003049,20003049,1000212,Phones & Telecommunications,5.0,0,0,0,0,0.0,0.0,0.0,0,3.6e-05,292,0.0,1.0,NONE,False,False,0.0502,LOW_RISK,1,False,0.0
prod_20003462,20003462,1000310,Automotive,5.0,0,0,0,0,0.0,0.0,0.0,0,3.6e-05,284,0.0,1.0,NONE,False,False,0.0506,LOW_RISK,1,False,0.0
prod_20002301,20002301,1000480,Tools & Home Improvement,5.0,0,0,0,0,0.0,0.0,0.0,0,3.6e-05,893,0.0,1.0,NONE,False,False,0.0506,LOW_RISK,1,False,0.0
prod_20004488,20004488,1000267,Jewelry & Accessories,5.0,0,0,0,0,0.0,0.0,0.0,0,3.6e-05,285,0.0,1.0,NONE,False,False,0.047,LOW_RISK,1,False,0.0
prod_20003487,20003487,1000104,Sports & Entertainment,5.0,0,0,0,0,0.0,0.0,0.0,0,3.6e-05,465,0.0,1.0,NONE,False,False,0.0797,LOW_RISK,1,False,0.0
prod_20003975,20003975,1000386,Sports & Entertainment,5.0,0,0,0,0,0.0,0.0,0.0,0,3.6e-05,593,0.0,1.0,NONE,False,False,0.0312,LOW_RISK,1,False,0.0
prod_20001159,20001159,1000279,Home & Garden,5.0,0,0,0,0,0.0,0.0,0.0,0,3.6e-05,386,0.0,1.0,NONE,False,False,0.0399,LOW_RISK,1,False,0.0
prod_20004014,20004014,1000239,Jewelry & Accessories,5.0,0,0,0,0,0.0,0.0,0.0,0,3.6e-05,375,0.0,1.0,NONE,False,False,0.0322,LOW_RISK,1,False,0.0
prod_20004768,20004768,1000155,Phones & Telecommunications,5.0,0,0,0,0,0.0,0.0,0.0,0,3.6e-05,764,0.0,1.0,NONE,False,False,0.1303,LOW_RISK,1,False,0.0
prod_20001825,20001825,1000141,Tools & Home Improvement,5.0,0,0,0,0,0.0,0.0,0.0,0,3.6e-05,463,0.0,1.0,NONE,False,False,0.0345,LOW_RISK,1,False,0.0
prod_20004915,20004915,1000048,Sports & Entertainment,5.0,0,0,0,0,0.0,0.0,0.0,0,3.6e-05,462,0.0,1.0,NONE,False,False,0.0444,LOW_RISK,1,False,0.0
prod_20002501,20002501,1000284,Jewelry & Accessories,5.0,0,0,0,0,0.0,0.0,0.0,0,3.6e-05,89,0.0,1.0,NONE,False,False,0.0523,LOW_RISK,1,False,0.0
prod_20002192,20002192,1000269,Home & Garden,5.0,0,0,0,0,0.0,0.0,0.0,0,3.6e-05,790,0.0,1.0,NONE,False,False,0.0165,LOW_RISK,1,False,0.0
prod_20001703,20001703,1000166,Jewelry & Accessories,5.0,0,0,0,0,0.0,0.0,0.0,0,3.6e-05,754,0.0,1.0,NONE,False,False,0.0386,LOW_RISK,1,False,0.0
prod_20001905,20001905,1000092,Jewelry & Accessories,5.0,0,0,0,0,0.0,0.0,0.0,0,3.6e-05,761,0.0,1.0,NONE,False,False,0.0403,LOW_RISK,1,False,0.0
prod_20004678,20004678,1000125,Jewelry & Accessories,5.0,0,0,0,0,0.0,0.0,0.0,0,3.6e-05,575,0.0,1.0,NONE,False,False,0.0503,LOW_RISK,1,False,0.0
prod_20003836,20003836,1000452,Consumer Electronics,5.0,0,0,0,0,0.0,0.0,0.0,0,3.6e-05,569,0.0,1.0,NONE,False,False,0.0426,LOW_RISK,1,False,0.0
prod_20004506,20004506,1000467,Tools & Home Improvement,5.0,0,0,0,0,0.0,0.0,0.0,0,3.6e-05,222,0.0,1.0,NONE,False,False,0.0294,LOW_RISK,1,False,0.0
prod_20001509,20001509,1000235,Phones & Telecommunications,5.0,0,0,0,0,0.0,0.0,0.0,0,3.6e-05,23,0.0,1.0,NONE,False,False,0.0969,LOW_RISK,1,False,0.0
prod_20003665,20003665,1000396,Sports & Entertainment,5.0,1,0,0,0,0.0,0.0,0.0,0,3.6e-05,880,0.0,1.0,NONE,False,False,0.0416,LOW_RISK,1,False,0.0
prod_20003834,20003834,1000370,Tools & Home Improvement,5.0,0,0,0,0,0.0,0.0,0.0,0,3.6e-05,441,0.0,1.0,NONE,False,False,0.0436,LOW_RISK,1,False,0.0
prod_20002821,20002821,1000221,Sports & Entertainment,5.0,0,0,0,0,0.0,0.0,0.0,0,3.6e-05,659,0.0,1.0,NONE,False,False,0.0258,LOW_RISK,1,False,0.0
prod_20002909,20002909,1000150,Computer & Office,5.0,1,0,0,0,0.0,0.0,0.0,0,3.6e-05,320,0.0,1.0,NONE,False,False,0.0547,LOW_RISK,1,False,0.0
prod_20004012,20004012,1000330,Jewelry & Accessories,5.0,0,0,0,0,0.0,0.0,0.0,0,3.6e-05,316,0.0,1.0,NONE,False,False,0.0544,LOW_RISK,1,False,0.0
prod_20004798,20004798,1000082,Tools & Home Improvement,5.0,1,0,0,0,0.0,0.0,0.0,0,3.6e-05,278,0.0,1.0,NONE,False,False,0.0548,LOW_RISK,1,False,0.0
prod_20001385,20001385,1000484,Home & Garden,5.0,0,0,0,0,0.0,0.0,0.0,0,3.6e-05,8,0.0,1.0,NONE,False,False,0.0461,LOW_RISK,1,False,0.0
prod_20002419,20002419,1000485,Phones & Telecommunications,5.0,0,0,0,0,0.0,0.0,0.0,0,3.6e-05,876,0.0,1.0,CHOKE_CHILD,False,True,0.1858,MODERATE_RISK,1,False,0.0
prod_20000992,20000992,1000061,Sports & Entertainment,5.0,0,0,0,0,0.0,0.0,0.0,0,3.6e-05,207,0.0,1.0,NONE,False,False,0.0461,LOW_RISK,1,False,0.0
prod_20003145,20003145,1000448,Phones & Telecommunications,5.0,0,0,0,0,0.0,0.0,0.0,0,3.6e-05,173,0.0,1.0,NONE,False,False,0.0347,LOW_RISK,1,False,0.0
prod_20002650,20002650,1000146,Computer & Office,5.0,0,0,0,0,0.0,0.0,0.0,0,3.6e-05,563,0.0,1.0,NONE,False,False,0.0393,LOW_RISK,1,False,0.0
prod_20003317,20003317,1000403,Sports & Entertainment,5.0,1,2,2,1,0.2083,0.3333,0.003,2,5.1e-05,282,0.013,0.007,CHOKE_CHILD,True,True,0.2401,MODERATE_RISK,1,False,0.0001
prod_20001782,20001782,1000144,Automotive,2.0,1,3,3,1,0.0207,0.0345,0.0053,3,4.8e-05,714,0.0141,0.006,NONE,False,False,0.0263,LOW_RISK,1,False,0.0001
prod_20002164,20002164,1000489,Computer & Office,4.89,0,0,0,0,0.0,0.0,0.0,0,3.6e-05,321,0.0,1.0,NONE,False,False,0.0557,LOW_RISK,1,False,0.0003
prod_20004497,20004497,1000016,Phones & Telecommunications,4.89,0,0,0,0,0.0,0.0,0.0,0,3.6e-05,346,0.0,1.0,NONE,False,False,0.0401,LOW_RISK,1,False,0.0003
prod_20004399,20004399,1000321,Consumer Electronics,4.89,0,0,0,0,0.0,0.0,0.0,0,3.6e-05,863,0.0,1.0,NONE,False,False,0.0373,LOW_RISK,1,False,0.0003
prod_20003291,20003291,1000082,Phones & Telecommunications,4.89,0,0,0,0,0.0,0.0,0.0,0,3.6e-05,272,0.0,1.0,NONE,False,False,0.0548,LOW_RISK,1,False,0.0003
prod_20003169,20003169,1000298,Consumer Electronics,4.89,0,0,0,0,0.0,0.0,0.0,0,3.6e-05,203,0.0,1.0,NONE,False,False,0.0416,LOW_RISK,1,False,0.0003
prod_20001719,20001719,1000369,Phones & Telecommunications,4.89,0,0,0,0,0.0,0.0,0.0,0,3.6e-05,878,0.0,1.0,NONE,False,False,0.0421,LOW_RISK,1,False,0.0003
prod_20002105,20002105,1000271,Sports & Entertainment,5.0,1,4,4,1,0.0052,0.0103,0.0076,4,5.2e-05,714,0.0141,0.006,NONE,False,False,0.0456,LOW_RISK,1,False,0.0004
prod_20004543,20004543,1000250,Consumer Electronics,4.12,24,63,80,7,0.0184,0.0417,0.0018,40,0.000404,714,0.0141,0.006,NONE,False,False,0.1112,LOW_RISK,1,False,0.0004
prod_20001347,20001347,1000314,Automotive,3.91,22,68,79,5,0.0195,0.0417,0.0015,41,0.000398,282,0.013,0.007,NONE,False,False,0.118,LOW_RISK,1,False,0.0007
prod_20002207,20002207,1000458,Sports & Entertainment,4.0,1,3,3,1,0.1756,0.5,0.0033,3,5.2e-05,714,0.0141,0.006,NONE,False,False,0.0567,LOW_RISK,1,False,0.0008
prod_20000802,20000802,1000044,Automotive,4.0,1,0,0,0,0.0,0.0,0.0,0,3.6e-05,528,0.0,1.0,NONE,False,False,0.0398,LOW_RISK,1,False,0.0009
prod_20002782,20002782,1000107,Tools & Home Improvement,4.0,1,0,0,0,0.0,0.0,0.0,0,3.6e-05,268,0.0,1.0,NONE,False,False,0.0987,LOW_RISK,1,False,0.0009
prod_20003641,20003641,1000186,Automotive,3.99,0,0,0,0,0.0,0.0,0.0,0,3.6e-05,476,0.0,1.0,NONE,False,False,0.0455,LOW_RISK,1,False,0.0009
prod_20001481,20001481,1000377,Sports & Entertainment,4.0,1,0,0,0,0.0,0.0,0.0,0,3.6e-05,344,0.0,1.0,UNCERTIFIED_MED,True,True,0.2596,MODERATE_RISK,1,False,0.0009
prod_20002551,20002551,1000351,Computer & Office,4.0,1,0,0,0,0.0,0.0,0.0,0,3.6e-05,808,0.0,1.0,NONE,False,False,0.0411,LOW_RISK,1,False,0.0009
prod_20003308,20003308,1000281,Automotive,3.99,0,0,0,0,0.0,0.0,0.0,0,3.6e-05,784,0.0,1.0,NONE,False,False,0.0362,LOW_RISK,1,False,0.0009
prod_20001212,20001212,1000195,Sports & Entertainment,3.99,0,0,0,0,0.0,0.0,0.0,0,3.6e-05,846,0.0,1.0,NONE,False,False,0.0327,LOW_RISK,1,False,0.0009
prod_20001394,20001394,1000190,Tools & Home Improvement,3.99,0,0,0,0,0.0,0.0,0.0,0,3.6e-05,839,0.0,1.0,NONE,False,False,0.0476,LOW_RISK,1,False,0.0009
prod_20000300,20000300,1000360,Home & Garden,4.93,14,46,55,2,0.0511,0.0909,0.001,20,0.000366,270,0.1973,0.02,NONE,False,False,0.1339,LOW_RISK,1,False,0.0009
prod_20002196,20002196,1000201,Home & Garden,3.99,0,0,0,0,0.0,0.0,0.0,0,3.6e-05,519,0.0,1.0,NONE,False,False,0.0227,LOW_RISK,1,False,0.0009
prod_20001675,20001675,1000168,Jewelry & Accessories,4.0,1,0,0,0,0.0,0.0,0.0,0,3.6e-05,911,0.0,1.0,NONE,False,False,0.0362,LOW_RISK,1,False,0.0009
prod_20002910,20002910,1000126,Consumer Electronics,3.99,0,0,0,0,0.0,0.0,0.0,0,3.6e-05,233,0.0,1.0,NONE,False,False,0.03,LOW_RISK,1,False,0.0009
prod_20003666,20003666,1000479,Tools & Home Improvement,4.0,0,0,0,0,0.0,0.0,0.0,0,3.6e-05,456,0.0,1.0,NONE,False,False,0.0517,LOW_RISK,1,False,0.0009
prod_20004029,20004029,1000316,Sports & Entertainment,4.0,1,0,0,0,0.0,0.0,0.0,0,3.6e-05,716,0.0,1.0,CHOKE_CHILD,False,True,0.1727,MODERATE_RISK,1,False,0.0009
prod_20001688,20001688,1000390,Automotive,4.0,1,0,0,0,0.0,0.0,0.0,0,3.6e-05,446,0.0,1.0,NONE,False,False,0.098,LOW_RISK,1,False,0.0009
prod_20000547,20000547,1000205,Sports & Entertainment,4.92,13,42,50,3,0.0527,0.1667,0.001,19,0.000345,673,0.1911,0.02,CHOKE_CHILD,False,True,0.1046,LOW_RISK,1,False,0.001
prod_20004036,20004036,1000460,Computer & Office,5.0,1,4,4,1,0.0055,0.0111,0.0065,4,5.2e-05,282,0.013,0.007,NONE,False,False,0.0438,LOW_RISK,1,False,0.0011
prod_20002507,20002507,1000226,Tools & Home Improvement,4.0,26,77,85,4,0.0186,0.0385,0.0013,41,0.000461,282,0.013,0.007,NONE,False,False,0.1185,LOW_RISK,1,False,0.0012
prod_20000162,20000162,1000498,Computer & Office,4.6,5,10,11,2,0.0752,0.1429,0.0012,10,0.000107,816,0.1923,0.02,NONE,False,False,0.0535,LOW_RISK,1,False,0.0013
prod_20001358,20001358,1000007,Phones & Telecommunications,5.0,2,2,2,1,0.1714,0.2,0.0,2,5.2e-05,282,0.013,0.007,NONE,False,False,0.0982,LOW_RISK,1,False,0.0013
prod_20004390,20004390,1000268,Jewelry & Accessories,4.0,1,3,3,1,0.0147,0.04,0.0066,3,4.8e-05,714,0.0141,0.006,NONE,False,False,0.0441,LOW_RISK,1,False,0.0013
prod_20001415,20001415,1000067,Home & Garden,4.14,22,76,85,7,0.0203,0.0455,0.0012,40,0.000426,282,0.013,0.007,NONE,False,False,0.1261,LOW_RISK,1,False,0.0014
prod_20001303,20001303,1000073,Computer & Office,3.0,1,5,5,1,0.1803,0.3333,0.0033,5,6.4e-05,501,0.0146,0.015,NONE,False,False,0.1265,LOW_RISK,1,False,0.0014
prod_20001039,20001039,1000368,Phones & Telecommunications,1.0,1,2,2,1,0.0559,0.1111,0.0038,2,4.6e-05,714,0.0141,0.006,NONE,False,False,0.0419,LOW_RISK,1,False,0.0014
prod_20000506,20000506,1000067,Phones & Telecommunications,4.94,16,46,56,2,0.0481,0.0952,0.0009,19,0.000386,673,0.1911,0.02,NONE,False,False,0.1248,LOW_RISK,1,False,0.0015
prod_20001559,20001559,1000250,Automotive,5.0,1,3,3,1,0.0066,0.0137,0.0067,3,4.8e-05,714,0.0141,0.006,NONE,False,False,0.0463,LOW_RISK,1,False,0.0015
prod_20003570,20003570,1000075,Tools & Home Improvement,2.33,3,10,11,2,0.0712,0.3333,0.0034,9,9.5e-05,282,0.013,0.007,NONE,False,False,0.0576,LOW_RISK,1,False,0.0016
prod_20001527,20001527,1000030,Consumer Electronics,4.0,1,5,5,1,0.1575,0.5,0.003,5,6.1e-05,501,0.0146,0.015,ELEC_SHOCK,True,True,0.2615,MODERATE_RISK,1,False,0.0021
prod_20001279,20001279,1000264,Sports & Entertainment,5.0,1,4,4,1,0.1719,0.5,0.0034,4,6.4e-05,282,0.013,0.007,NONE,False,False,0.0394,LOW_RISK,1,False,0.0022
prod_20000370,20000370,1000413,Automotive,4.86,14,40,47,3,0.0515,0.15,0.0009,20,0.000321,270,0.1973,0.02,NONE,False,False,0.1318,LOW_RISK,1,False,0.0022
prod_20001467,20001467,1000327,Automotive,4.5,2,4,4,1,0.0133,0.0455,0.0081,4,5.3e-05,714,0.0141,0.006,CHEM_TOXIC,False,True,0.0556,LOW_RISK,1,False,0.0025
prod_20004523,20004523,1000496,Phones & Telecommunications,4.03,31,79,90,3,0.0167,0.0323,0.0013,40,0.000459,714,0.0141,0.006,NONE,False,False,0.1471,LOW_RISK,1,False,0.0025
prod_20001219,20001219,1000021,Consumer Electronics,4.22,23,68,88,6,0.0184,0.0435,0.0017,42,0.000441,714,0.0141,0.006,NONE,False,False,0.1276,LOW_RISK,1,False,0.0026
prod_20000509,20000509,1000013,Phones & Telecommunications,4.9,10,33,39,3,0.06,0.2,0.0012,19,0.000276,673,0.1911,0.02,NONE,False,False,0.0961,LOW_RISK,1,False,0.0027
prod_20000662,20000662,1000335,Phones & Telecommunications,5.0,15,43,53,3,0.0524,0.125,0.0009,19,0.000372,497,0.1926,0.013,NONE,False,False,0.0949,LOW_RISK,1,False,0.0027
prod_20003384,20003384,1000153,Tools & Home Improvement,5.0,1,2,2,1,0.0045,0.0067,0.0063,2,4.4e-05,714,0.0141,0.006,NONE,False,False,0.0578,LOW_RISK,1,False,0.0028
prod_20001469,20001469,1000226,Automotive,4.59,22,60,71,5,0.0219,0.0625,0.0014,35,0.00038,501,0.0146,0.015,NONE,False,False,0.1081,LOW_RISK,1,False,0.0028
prod_20003928,20003928,1000178,Tools & Home Improvement,4.11,9,26,27,2,0.0301,0.1111,0.0016,21,0.000167,920,0.1602,0.045,NONE,False,False,0.0729,LOW_RISK,1,False,0.0029
prod_20002863,20002863,1000299,Sports & Entertainment,3.86,21,68,75,3,0.0238,0.0476,0.001,36,0.000411,501,0.0146,0.015,NONE,False,False,0.1211,LOW_RISK,1,False,0.003
prod_20003369,20003369,1000135,Home & Garden,4.87,0,0,0,0,0.0,0.0,0.0,0,3.6e-05,73,0.0,1.0,NONE,False,False,0.0355,LOW_RISK,1,False,0.0031
prod_20002374,20002374,1000333,Automotive,4.26,27,74,87,4,0.0186,0.037,0.0013,39,0.000443,501,0.0146,0.015,ELEC_SHOCK,False,True,0.1363,LOW_RISK,1,False,0.0031
prod_20004962,20004962,1000497,Sports & Entertainment,4.87,0,0,0,0,0.0,0.0,0.0,0,3.6e-05,304,0.0,1.0,NONE,False,False,0.0473,LOW_RISK,1,False,0.0031
prod_20001486,20001486,1000096,Phones & Telecommunications,4.87,0,0,0,0,0.0,0.0,0.0,0,3.6e-05,380,0.0,1.0,NONE,False,False,0.0632,LOW_RISK,1,False,0.0031
prod_20003075,20003075,1000151,Home & Garden,4.02,0,0,0,0,0.0,0.0,0.0,0,3.6e-05,239,0.0,1.0,NONE,False,False,0.0464,LOW_RISK,1,False,0.0032
prod_20003457,20003457,1000023,Consumer Electronics,4.02,0,0,0,0,0.0,0.0,0.0,0,3.6e-05,148,0.0,1.0,NONE,False,False,0.0456,LOW_RISK,1,False,0.0032
prod_20004489,20004489,1000351,Computer & Office,4.02,0,0,0,0,0.0,0.0,0.0,0,3.6e-05,642,0.0,1.0,NONE,False,False,0.0411,LOW_RISK,1,False,0.0032
prod_20003385,20003385,1000456,Computer & Office,4.02,0,0,0,0,0.0,0.0,0.0,0,3.6e-05,746,0.0,1.0,NONE,False,False,0.0463,LOW_RISK,1,False,0.0032
prod_20000810,20000810,1000163,Home & Garden,4.02,0,0,0,0,0.0,0.0,0.0,0,3.6e-05,164,0.0,1.0,NONE,False,False,0.0442,LOW_RISK,1,False,0.0032
prod_20004368,20004368,1000406,Jewelry & Accessories,4.02,0,0,0,0,0.0,0.0,0.0,0,3.6e-05,132,0.0,1.0,NONE,False,False,0.1303,LOW_RISK,1,False,0.0032
prod_20002454,20002454,1000188,Computer & Office,4.02,0,0,0,0,0.0,0.0,0.0,0,3.6e-05,704,0.0,1.0,NONE,False,False,0.0434,LOW_RISK,1,False,0.0032
prod_20003737,20003737,1000118,Phones & Telecommunications,4.02,0,0,0,0,0.0,0.0,0.0,0,3.6e-05,906,0.0,1.0,NONE,False,False,0.0308,LOW_RISK,1,False,0.0032
prod_20003396,20003396,1000215,Jewelry & Accessories,4.27,22,79,88,3,0.0206,0.0435,0.0013,41,0.000449,282,0.013,0.007,NONE,False,False,0.1313,LOW_RISK,1,False,0.0033
prod_20001089,20001089,1000123,Tools & Home Improvement,1.0,1,4,4,1,0.0126,0.0357,0.0042,4,5.2e-05,714,0.0141,0.006,NONE,False,False,0.0492,LOW_RISK,1,False,0.0035
prod_20004110,20004110,1000039,Phones & Telecommunications,4.01,0,0,0,0,0.0,0.0,0.0,0,3.6e-05,545,0.0,1.0,NONE,False,False,0.0555,LOW_RISK,1,False,0.0036
prod_20004037,20004037,1000456,Sports & Entertainment,2.0,1,4,4,1,0.0536,0.1667,0.0035,4,5.5e-05,923,0.0278,0.022,NONE,False,False,0.0539,LOW_RISK,1,False,0.0036
prod_20003014,20003014,1000392,Tools & Home Improvement,4.01,0,0,0,0,0.0,0.0,0.0,0,3.6e-05,610,0.0,1.0,NONE,False,False,0.0523,LOW_RISK,1,False,0.0036
prod_20002051,20002051,1000064,Home & Garden,4.01,0,0,0,0,0.0,0.0,0.0,0,3.6e-05,153,0.0,1.0,NONE,False,False,0.0484,LOW_RISK,1,False,0.0036
prod_20002610,20002610,1000098,Jewelry & Accessories,4.01,0,0,0,0,0.0,0.0,0.0,0,3.6e-05,332,0.0,1.0,NONE,False,False,0.0472,LOW_RISK,1,False,0.0036
prod_20002352,20002352,1000043,Phones & Telecommunications,4.62,8,20,22,2,0.0478,0.125,0.0012,14,0.000154,920,0.1602,0.045,NONE,False,False,0.0831,LOW_RISK,1,False,0.0037
prod_20000460,20000460,1000416,Sports & Entertainment,5.0,4,12,12,1,0.0793,0.1429,0.0012,12,0.000112,673,0.1911,0.02,NONE,False,False,0.0744,LOW_RISK,1,False,0.0037
prod_20000446,20000446,1000328,Jewelry & Accessories,4.83,6,26,30,2,0.077,0.2,0.0016,20,0.000217,270,0.1973,0.02,NONE,False,False,0.1016,LOW_RISK,1,False,0.0037
prod_20001171,20001171,1000404,Tools & Home Improvement,4.0,1,4,4,1,0.1505,0.3333,0.0032,4,6.4e-05,923,0.0278,0.022,NONE,False,False,0.0429,LOW_RISK,1,False,0.0037
prod_20004987,20004987,1000429,Automotive,3.0,1,3,3,1,0.0182,0.05,0.006,3,4.9e-05,282,0.013,0.007,NONE,False,False,0.0482,LOW_RISK,1,False,0.0038
prod_20000270,20000270,1000070,Tools & Home Improvement,4.94,16,40,49,3,0.0481,0.125,0.0009,20,0.000345,816,0.1923,0.02,CHOKE_CHILD,False,True,0.1303,LOW_RISK,1,False,0.0038
prod_20000412,20000412,1000094,Jewelry & Accessories,4.83,6,18,21,2,0.0811,0.1667,0.0012,16,0.000165,270,0.1973,0.02,UNCERTIFIED_MED,True,True,0.2409,MODERATE_RISK,1,False,0.0038
prod_20000206,20000206,1000411,Computer & Office,4.92,13,42,53,3,0.056,0.125,0.001,20,0.000368,816,0.1923,0.02,NONE,False,False,0.107,LOW_RISK,1,False,0.0039
prod_20000561,20000561,1000059,Computer & Office,5.0,14,41,48,3,0.0507,0.1364,0.0009,19,0.000343,673,0.1911,0.02,NONE,False,False,0.1108,LOW_RISK,1,False,0.004
prod_20000201,20000201,1000363,Computer & Office,5.0,5,11,12,2,0.078,0.1176,0.0011,11,0.000113,816,0.1923,0.02,NONE,False,False,0.0582,LOW_RISK,1,False,0.0041
prod_20001203,20001203,1000322,Sports & Entertainment,3.76,25,77,85,4,0.0183,0.04,0.0013,41,0.000428,714,0.0141,0.006,NONE,False,False,0.1246,LOW_RISK,1,False,0.0041
prod_20001236,20001236,1000162,Jewelry & Accessories,4.21,29,69,79,5,0.0187,0.037,0.0012,36,0.000463,501,0.0146,0.015,NONE,False,False,0.139,LOW_RISK,1,False,0.0042
prod_20000027,20000027,1000154,Home & Garden,4.9,10,29,38,3,0.0658,0.2,0.0013,19,0.00027,730,0.1959,0.013,NONE,False,False,0.0984,LOW_RISK,1,False,0.0045
prod_20002688,20002688,1000401,Computer & Office,4.15,26,77,88,5,0.0175,0.0417,0.0014,41,0.000439,282,0.013,0.007,NONE,False,False,0.1171,LOW_RISK,1,False,0.0046
prod_20001749,20001749,1000094,Computer & Office,5.0,1,5,5,1,0.1235,0.5,0.0042,5,6.4e-05,282,0.013,0.007,NONE,False,False,0.0909,LOW_RISK,1,False,0.0047
prod_20004653,20004653,1000473,Computer & Office,4.0,1,4,4,1,0.1339,0.5,0.0041,4,5.6e-05,282,0.013,0.007,NONE,False,False,0.052,LOW_RISK,1,False,0.0047
prod_20000428,20000428,1000060,Jewelry & Accessories,5.0,3,10,10,1,0.0724,0.0909,0.0014,10,9.4e-05,270,0.1973,0.02,NONE,False,False,0.076,LOW_RISK,1,False,0.0047
prod_20001788,20001788,1000472,Jewelry & Accessories,3.86,22,61,70,6,0.0187,0.0435,0.0015,37,0.000355,282,0.013,0.007,NONE,False,False,0.1097,LOW_RISK,1,False,0.0048
prod_20004849,20004849,1000395,Computer & Office,5.0,2,5,5,1,0.1424,0.5,0.0012,4,7.2e-05,282,0.013,0.007,NONE,False,False,0.0535,LOW_RISK,1,False,0.0049
prod_20001406,20001406,1000297,Phones & Telecommunications,4.86,0,0,0,0,0.0,0.0,0.0,0,3.6e-05,29,0.0,1.0,NONE,False,False,0.037,LOW_RISK,1,False,0.005
prod_20000340,20000340,1000205,Phones & Telecommunications,5.0,14,40,45,3,0.0497,0.125,0.0008,20,0.000312,270,0.1973,0.02,NONE,False,False,0.1203,LOW_RISK,1,False,0.005
prod_20000419,20000419,1000169,Phones & Telecommunications,4.85,13,44,55,2,0.0571,0.1176,0.0011,20,0.000365,270,0.1973,0.02,NONE,False,False,0.117,LOW_RISK,1,False,0.005
prod_20002614,20002614,1000452,Automotive,4.86,0,0,0,0,0.0,0.0,0.0,0,3.6e-05,330,0.0,1.0,NONE,False,False,0.0426,LOW_RISK,1,False,0.005
prod_20003507,20003507,1000073,Consumer Electronics,4.86,0,0,0,0,0.0,0.0,0.0,0,3.6e-05,415,0.0,1.0,NONE,False,False,0.1238,LOW_RISK,1,False,0.005
prod_20002188,20002188,1000012,Sports & Entertainment,5.0,1,3,3,1,0.0119,0.0303,0.0066,3,4.8e-05,714,0.0141,0.006,NONE,False,False,0.031,LOW_RISK,1,False,0.005
prod_20000123,20000123,1000425,Computer & Office,4.64,11,37,42,4,0.0548,0.1538,0.0009,19,0.000294,730,0.1959,0.013,NONE,False,False,0.0998,LOW_RISK,1,False,0.0052
prod_20000215,20000215,1000221,Consumer Electronics,4.94,17,37,43,3,0.0453,0.15,0.0008,20,0.000313,816,0.1923,0.02,CHEM_TOXIC,False,True,0.0816,LOW_RISK,1,False,0.0052
prod_20003419,20003419,1000009,Home & Garden,4.43,30,74,86,3,0.0166,0.0556,0.0015,42,0.000454,714,0.0141,0.006,NONE,False,False,0.1627,MODERATE_RISK,1,False,0.0052
prod_20000775,20000775,1000080,Automotive,4.3,20,65,77,6,0.0198,0.0455,0.0016,40,0.000385,282,0.013,0.007,NONE,False,False,0.1116,LOW_RISK,1,False,0.0053
prod_20004907,20004907,1000438,Consumer Electronics,4.03,0,0,0,0,0.0,0.0,0.0,0,3.6e-05,798,0.0,1.0,NONE,False,False,0.0448,LOW_RISK,1,False,0.0053
prod_20001503,20001503,1000278,Jewelry & Accessories,4.03,0,0,0,0,0.0,0.0,0.0,0,3.6e-05,85,0.0,1.0,NONE,False,False,0.0422,LOW_RISK,1,False,0.0053
prod_20001075,20001075,1000471,Jewelry & Accessories,4.04,0,0,0,0,0.0,0.0,0.0,0,3.6e-05,908,0.0,1.0,NONE,False,False,0.106,LOW_RISK,1,False,0.0057
prod_20000416,20000416,1000211,Sports & Entertainment,5.0,4,12,12,1,0.0797,0.125,0.0011,12,0.000109,270,0.1973,0.02,CHOKE_CHILD,False,True,0.1478,LOW_RISK,1,False,0.0057
prod_20000173,20000173,1000445,Tools & Home Improvement,5.0,5,13,13,1,0.0783,0.1,0.0014,13,0.00012,816,0.1923,0.02,NONE,False,False,0.1114,LOW_RISK,1,False,0.0057
prod_20001270,20001270,1000342,Home & Garden,4.04,0,0,0,0,0.0,0.0,0.0,0,3.6e-05,682,0.0,1.0,CHOKE_CHILD,True,True,0.2335,MODERATE_RISK,1,False,0.0057
prod_20000832,20000832,1000300,Computer & Office,4.45,20,74,80,3,0.0214,0.087,0.0012,42,0.00043,714,0.0141,0.006,NONE,False,False,0.1209,LOW_RISK,1,False,0.0058
prod_20001664,20001664,1000320,Automotive,4.07,29,71,84,7,0.0187,0.0351,0.0011,37,0.00045,714,0.0141,0.006,NONE,False,False,0.1375,LOW_RISK,1,False,0.0059
prod_20001810,20001810,1000227,Consumer Electronics,3.91,22,60,74,7,0.0223,0.0455,0.0014,32,0.000402,282,0.013,0.007,NONE,False,False,0.1161,LOW_RISK,1,False,0.0059
prod_20002984,20002984,1000005,Computer & Office,2.0,1,1,1,1,0.0417,0.0417,0.0,1,4.1e-05,282,0.013,0.007,NONE,False,False,0.0497,LOW_RISK,1,False,0.006
prod_20002796,20002796,1000423,Tools & Home Improvement,5.0,1,2,2,1,0.1669,0.3333,0.0038,2,4.9e-05,501,0.0146,0.015,NONE,False,False,0.0446,LOW_RISK,1,False,0.0061
prod_20001211,20001211,1000044,Automotive,4.56,27,76,80,4,0.0171,0.0357,0.0011,41,0.000416,282,0.013,0.007,NONE,False,False,0.1144,LOW_RISK,1,False,0.0061
prod_20000050,20000050,1000179,Computer & Office,5.0,4,17,17,1,0.0817,0.1429,0.0013,17,0.000142,730,0.1959,0.013,NONE,False,False,0.0926,LOW_RISK,1,False,0.0063
prod_20001475,20001475,1000153,Consumer Electronics,5.0,1,4,4,1,0.1756,0.5,0.003,4,6.2e-05,282,0.013,0.007,NONE,False,False,0.0602,LOW_RISK,1,False,0.0063
prod_20000203,20000203,1000102,Computer & Office,4.9,10,34,39,3,0.0619,0.2,0.001,20,0.000285,816,0.1923,0.02,NONE,False,False,0.0965,LOW_RISK,1,False,0.0063
prod_20002297,20002297,1000499,Jewelry & Accessories,3.47,15,63,68,2,0.0254,0.0625,0.0014,36,0.000359,282,0.013,0.007,NONE,False,False,0.1164,LOW_RISK,1,False,0.0065
prod_20002375,20002375,1000411,Automotive,5.0,2,4,4,1,0.006,0.0109,0.0064,4,5.2e-05,282,0.013,0.007,NONE,False,False,0.0446,LOW_RISK,1,False,0.0065
prod_20001221,20001221,1000280,Phones & Telecommunications,3.0,2,7,7,1,0.1062,0.5,0.0024,6,7.5e-05,714,0.0141,0.006,NONE,False,False,0.1503,MODERATE_RISK,1,False,0.0066
prod_20002857,20002857,1000404,Home & Garden,3.0,2,10,10,1,0.0078,0.0323,0.0057,10,7.7e-05,714,0.0141,0.006,NONE,False,False,0.0531,LOW_RISK,1,False,0.0066
prod_20004459,20004459,1000007,Sports & Entertainment,5.0,1,2,2,1,0.1944,0.3333,0.003,2,5.3e-05,714,0.0141,0.006,UNCERTIFIED_MED,True,True,0.2318,MODERATE_RISK,1,False,0.0066
prod_20004223,20004223,1000181,Computer & Office,4.16,19,63,73,5,0.022,0.0526,0.0015,37,0.000373,501,0.0146,0.015,NONE,False,False,0.1134,LOW_RISK,1,False,0.0067
prod_20002497,20002497,1000462,Automotive,4.85,0,0,0,0,0.0,0.0,0.0,0,3.6e-05,777,0.0,1.0,NONE,False,False,0.0361,LOW_RISK,1,False,0.0068
prod_20002657,20002657,1000487,Tools & Home Improvement,4.85,0,0,0,0,0.0,0.0,0.0,0,3.6e-05,301,0.0,1.0,NONE,False,False,0.0349,LOW_RISK,1,False,0.0068
prod_20003091,20003091,1000445,Jewelry & Accessories,4.85,0,0,0,0,0.0,0.0,0.0,0,3.6e-05,75,0.0,1.0,ELEC_SHOCK,True,True,0.2358,MODERATE_RISK,1,False,0.0068
prod_20001132,20001132,1000377,Home & Garden,4.5,2,4,5,2,0.0129,0.025,0.006,4,5.7e-05,714,0.0141,0.006,ELEC_SHOCK,True,True,0.2631,MODERATE_RISK,1,False,0.007
prod_20003767,20003767,1000462,Computer & Office,4.84,0,0,0,0,0.0,0.0,0.0,0,3.6e-05,54,0.0,1.0,NONE,False,False,0.0361,LOW_RISK,1,False,0.0071
prod_20004629,20004629,1000016,Phones & Telecommunications,4.84,0,0,0,0,0.0,0.0,0.0,0,3.6e-05,695,0.0,1.0,NONE,False,False,0.0401,LOW_RISK,1,False,0.0071
prod_20004868,20004868,1000481,Jewelry & Accessories,4.84,0,0,0,0,0.0,0.0,0.0,0,3.6e-05,702,0.0,1.0,NONE,False,False,0.0138,LOW_RISK,1,False,0.0071
prod_20000304,20000304,1000062,Sports & Entertainment,4.75,8,16,20,2,0.0775,0.1667,0.0012,15,0.000158,270,0.1973,0.02,NONE,False,False,0.0808,LOW_RISK,1,False,0.0071
prod_20003543,20003543,1000165,Computer & Office,4.84,0,0,0,0,0.0,0.0,0.0,0,3.6e-05,19,0.0,1.0,NONE,False,False,0.0368,LOW_RISK,1,False,0.0071
prod_20002347,20002347,1000174,Sports & Entertainment,4.84,0,0,0,0,0.0,0.0,0.0,0,3.6e-05,874,0.0,1.0,NONE,False,False,0.0426,LOW_RISK,1,False,0.0071
prod_20004371,20004371,1000362,Jewelry & Accessories,4.84,0,0,0,0,0.0,0.0,0.0,0,3.6e-05,119,0.0,1.0,UNCERTIFIED_MED,True,True,0.2431,MODERATE_RISK,1,False,0.0071
prod_20000365,20000365,1000298,Jewelry & Accessories,4.92,13,43,47,3,0.0484,0.1304,0.001,20,0.00032,270,0.1973,0.02,NONE,False,False,0.1219,LOW_RISK,1,False,0.0072
prod_20001893,20001893,1000162,Sports & Entertainment,3.92,26,75,83,3,0.0215,0.0408,0.0009,36,0.000447,282,0.013,0.007,NONE,False,False,0.1189,LOW_RISK,1,False,0.0072
prod_20000333,20000333,1000098,Phones & Telecommunications,5.0,6,16,17,2,0.0746,0.2,0.0012,16,0.00014,270,0.1973,0.02,NONE,False,False,0.0749,LOW_RISK,1,False,0.0073
prod_20000285,20000285,1000420,Home & Garden,4.9,10,26,35,3,0.0711,0.15,0.0012,20,0.000259,816,0.1923,0.02,NONE,False,False,0.0827,LOW_RISK,1,False,0.0073
prod_20004741,20004741,1000020,Automotive,5.0,1,2,2,1,0.1875,0.3333,0.003,2,4.8e-05,714,0.0141,0.006,NONE,False,False,0.0428,LOW_RISK,1,False,0.0073
prod_20000582,20000582,1000166,Home & Garden,4.75,8,24,26,3,0.062,0.2,0.0012,19,0.000197,673,0.1911,0.02,NONE,False,False,0.0721,LOW_RISK,1,False,0.0073
prod_20000177,20000177,1000262,Computer & Office,4.69,16,37,42,3,0.0461,0.15,0.0008,20,0.000305,816,0.1923,0.02,NONE,False,False,0.0877,LOW_RISK,1,False,0.0074
prod_20000398,20000398,1000224,Home & Garden,5.0,13,44,50,2,0.0534,0.125,0.0008,20,0.000345,270,0.1973,0.02,NONE,False,False,0.1447,LOW_RISK,1,False,0.0075
prod_20000051,20000051,1000052,Computer & Office,5.0,4,15,16,2,0.0816,0.1429,0.0013,15,0.000134,730,0.1959,0.013,NONE,False,False,0.074,LOW_RISK,1,False,0.0075
prod_20003110,20003110,1000304,Computer & Office,4.67,21,60,66,3,0.0198,0.0541,0.0016,40,0.000338,501,0.0146,0.015,NONE,False,False,0.1003,LOW_RISK,1,False,0.0075
prod_20004162,20004162,1000392,Automotive,5.0,1,5,5,1,0.1646,0.5,0.0033,5,6.8e-05,714,0.0141,0.006,NONE,False,False,0.0587,LOW_RISK,1,False,0.0075
prod_20003178,20003178,1000447,Tools & Home Improvement,4.08,24,66,81,7,0.0215,0.0455,0.0013,35,0.000438,714,0.0141,0.006,NONE,False,False,0.1208,LOW_RISK,1,False,0.0076
prod_20003115,20003115,1000170,Computer & Office,4.08,25,68,80,7,0.0197,0.0385,0.0013,35,0.000413,714,0.0141,0.006,NONE,False,False,0.1343,LOW_RISK,1,False,0.0077
prod_20001579,20001579,1000080,Jewelry & Accessories,3.0,2,9,9,1,0.0935,0.5,0.0017,8,8.5e-05,714,0.0141,0.006,NONE,False,False,0.061,LOW_RISK,1,False,0.0077
prod_20004178,20004178,1000328,Sports & Entertainment,5.0,1,2,2,1,0.2083,0.25,0.003,2,4.9e-05,282,0.013,0.007,NONE,False,False,0.056,LOW_RISK,1,False,0.0077
prod_20004064,20004064,1000255,Home & Garden,4.0,26,65,82,6,0.0188,0.0476,0.0016,37,0.000417,714,0.0141,0.006,NONE,False,False,0.1198,LOW_RISK,1,False,0.0077
prod_20001561,20001561,1000367,Phones & Telecommunications,4.28,29,79,88,3,0.0177,0.0556,0.0012,40,0.000467,714,0.0141,0.006,NONE,False,False,0.1236,LOW_RISK,1,False,0.0078
prod_20000797,20000797,1000140,Automotive,4.27,26,84,91,4,0.0201,0.0385,0.001,39,0.000481,714,0.0141,0.006,NONE,False,False,0.1276,LOW_RISK,1,False,0.0078
prod_20000195,20000195,1000231,Computer & Office,4.62,8,25,28,3,0.0699,0.2,0.001,19,0.000217,816,0.1923,0.02,NONE,False,False,0.077,LOW_RISK,1,False,0.0078
prod_20000570,20000570,1000055,Computer & Office,5.0,3,8,8,1,0.071,0.0909,0.0013,8,8.5e-05,673,0.1911,0.02,NONE,False,False,0.1146,LOW_RISK,1,False,0.0079
prod_20000314,20000314,1000119,Consumer Electronics,5.0,12,37,43,3,0.0554,0.1304,0.0008,20,0.0003,270,0.1973,0.02,NONE,False,False,0.1022,LOW_RISK,1,False,0.0079
prod_20002427,20002427,1000282,Sports & Entertainment,4.06,0,0,0,0,0.0,0.0,0.0,0,3.6e-05,287,0.0,1.0,NONE,False,False,0.0287,LOW_RISK,1,False,0.008
prod_20000798,20000798,1000452,Computer & Office,4.06,0,0,0,0,0.0,0.0,0.0,0,3.6e-05,591,0.0,1.0,NONE,False,False,0.0426,LOW_RISK,1,False,0.008
prod_20000226,20000226,1000337,Tools & Home Improvement,4.75,8,22,26,3,0.0658,0.1579,0.0012,20,0.000199,816,0.1923,0.02,NONE,False,False,0.0721,LOW_RISK,1,False,0.008
prod_20002223,20002223,1000427,Jewelry & Accessories,4.06,0,0,0,0,0.0,0.0,0.0,0,3.6e-05,70,0.0,1.0,NONE,False,False,0.0399,LOW_RISK,1,False,0.008
prod_20002787,20002787,1000168,Consumer Electronics,4.06,0,0,0,0,0.0,0.0,0.0,0,3.6e-05,395,0.0,1.0,NONE,False,False,0.0362,LOW_RISK,1,False,0.008
prod_20000273,20000273,1000476,Tools & Home Improvement,4.94,17,44,49,2,0.0427,0.0833,0.0008,20,0.00035,816,0.1923,0.02,NONE,False,False,0.1066,LOW_RISK,1,False,0.008
prod_20001772,20001772,1000373,Jewelry & Accessories,4.38,16,48,51,2,0.0215,0.0588,0.0016,35,0.000271,923,0.0278,0.022,NONE,False,False,0.0975,LOW_RISK,1,False,0.0081
prod_20000422,20000422,1000137,Sports & Entertainment,5.0,6,13,13,1,0.0623,0.0833,0.0015,13,0.000113,270,0.1973,0.02,NONE,False,False,0.0768,LOW_RISK,1,False,0.0081
prod_20000598,20000598,1000085,Jewelry & Accessories,4.93,14,41,47,3,0.051,0.1429,0.0008,19,0.000337,673,0.1911,0.02,NONE,False,False,0.1108,LOW_RISK,1,False,0.0081
prod_20000625,20000625,1000416,Home & Garden,5.0,5,14,16,2,0.0812,0.1333,0.0013,14,0.000137,497,0.1926,0.013,NONE,False,False,0.0806,LOW_RISK,1,False,0.0082
prod_20003249,20003249,1000067,Tools & Home Improvement,4.32,22,63,68,5,0.0208,0.0435,0.0011,38,0.00036,501,0.0146,0.015,NONE,False,False,0.1139,LOW_RISK,1,False,0.0083
prod_20000002,20000002,1000115,Sports & Entertainment,5.0,4,19,19,1,0.0801,0.1429,0.0012,17,0.000155,730,0.1959,0.013,NONE,False,False,0.0727,LOW_RISK,1,False,0.0084
prod_20003287,20003287,1000441,Computer & Office,4.4,25,74,84,5,0.0182,0.0385,0.0013,41,0.000423,282,0.013,0.007,NONE,False,False,0.1451,LOW_RISK,1,False,0.0085
prod_20002249,20002249,1000210,Tools & Home Improvement,4.05,0,0,0,0,0.0,0.0,0.0,0,3.6e-05,367,0.0,1.0,NONE,False,False,0.0503,LOW_RISK,1,False,0.0085
prod_20002656,20002656,1000470,Sports & Entertainment,4.05,0,0,0,0,0.0,0.0,0.0,0,3.6e-05,870,0.0,1.0,NONE,False,False,0.0364,LOW_RISK,1,False,0.0085
prod_20004483,20004483,1000452,Home & Garden,4.05,0,0,0,0,0.0,0.0,0.0,0,3.6e-05,721,0.0,1.0,NONE,False,False,0.0426,LOW_RISK,1,False,0.0085
prod_20002327,20002327,1000133,Tools & Home Improvement,4.05,0,0,0,0,0.0,0.0,0.0,0,3.6e-05,221,0.0,1.0,NONE,False,False,0.0596,LOW_RISK,1,False,0.0085
prod_20002474,20002474,1000120,Jewelry & Accessories,4.05,0,0,0,0,0.0,0.0,0.0,0,3.6e-05,86,0.0,1.0,NONE,False,False,0.0429,LOW_RISK,1,False,0.0085
prod_20003687,20003687,1000077,Jewelry & Accessories,4.05,0,0,0,0,0.0,0.0,0.0,0,3.6e-05,736,0.0,1.0,CHEM_TOXIC,True,True,0.246,MODERATE_RISK,1,False,0.0085
prod_20003150,20003150,1000049,Phones & Telecommunications,4.05,0,0,0,0,0.0,0.0,0.0,0,3.6e-05,370,0.0,1.0,NONE,False,False,0.049,LOW_RISK,1,False,0.0085
prod_20000475,20000475,1000401,Tools & Home Improvement,4.83,6,11,12,2,0.0707,0.0833,0.0011,11,0.000112,673,0.1911,0.02,NONE,False,False,0.075,LOW_RISK,1,False,0.0086
prod_20000097,20000097,1000224,Consumer Electronics,5.0,10,40,43,3,0.057,0.2,0.0009,19,0.000305,730,0.1959,0.013,NONE,False,False,0.1115,LOW_RISK,1,False,0.0086
prod_20000538,20000538,1000393,Consumer Electronics,5.0,11,34,39,3,0.0586,0.1875,0.0011,19,0.000278,673,0.1911,0.02,NONE,False,False,0.0995,LOW_RISK,1,False,0.0087
prod_20000490,20000490,1000381,Tools & Home Improvement,4.92,12,41,47,3,0.0528,0.1667,0.001,19,0.000324,673,0.1911,0.02,NONE,False,False,0.0983,LOW_RISK,1,False,0.0087
prod_20000382,20000382,1000041,Computer & Office,4.9,10,42,49,3,0.0598,0.125,0.0011,20,0.000328,270,0.1973,0.02,NONE,False,False,0.1199,LOW_RISK,1,False,0.0088
prod_20003707,20003707,1000283,Computer & Office,3.0,1,3,3,1,0.0436,0.125,0.0044,3,4.9e-05,923,0.0278,0.022,NONE,False,False,0.0626,LOW_RISK,1,False,0.0088
prod_20003456,20003456,1000495,Computer & Office,1.0,1,2,2,1,0.0655,0.0833,0.003,2,4.5e-05,714,0.0141,0.006,UNCERTIFIED_MED,False,True,0.135,LOW_RISK,1,False,0.009
prod_20003198,20003198,1000458,Jewelry & Accessories,4.83,0,0,0,0,0.0,0.0,0.0,0,3.6e-05,737,0.0,1.0,NONE,False,False,0.05,LOW_RISK,1,False,0.0091
prod_20003154,20003154,1000360,Computer & Office,4.83,0,0,0,0,0.0,0.0,0.0,0,3.6e-05,443,0.0,1.0,NONE,False,False,0.0558,LOW_RISK,1,False,0.0091
prod_20002940,20002940,1000474,Home & Garden,4.83,0,0,0,0,0.0,0.0,0.0,0,3.6e-05,699,0.0,1.0,NONE,False,False,0.0468,LOW_RISK,1,False,0.0091
prod_20000554,20000554,1000169,Sports & Entertainment,5.0,14,45,50,2,0.0485,0.0952,0.0008,19,0.000349,673,0.1911,0.02,NONE,False,False,0.101,LOW_RISK,1,False,0.0091
prod_20001084,20001084,1000429,Consumer Electronics,4.83,0,0,0,0,0.0,0.0,0.0,0,3.6e-05,905,0.0,1.0,NONE,False,False,0.044,LOW_RISK,1,False,0.0091
prod_20000708,20000708,1000300,Phones & Telecommunications,5.0,5,15,16,2,0.0752,0.2,0.0015,15,0.000137,497,0.1926,0.013,NONE,False,False,0.0797,LOW_RISK,1,False,0.0091
prod_20004024,20004024,1000492,Jewelry & Accessories,3.25,4,11,12,2,0.0902,0.25,0.0014,9,0.000115,923,0.0278,0.022,NONE,False,False,0.0674,LOW_RISK,1,False,0.0091
prod_20003511,20003511,1000245,Jewelry & Accessories,4.83,0,0,0,0,0.0,0.0,0.0,0,3.6e-05,775,0.0,1.0,NONE,False,False,0.0482,LOW_RISK,1,False,0.0091
prod_20003202,20003202,1000222,Consumer Electronics,4.83,0,0,0,0,0.0,0.0,0.0,0,3.6e-05,401,0.0,1.0,NONE,False,False,0.0862,LOW_RISK,1,False,0.0091
prod_20000320,20000320,1000333,Home & Garden,5.0,6,13,13,1,0.0707,0.1111,0.0007,12,0.000117,270,0.1973,0.02,CHOKE_CHILD,True,True,0.2325,MODERATE_RISK,1,False,0.0091
prod_20004356,20004356,1000055,Automotive,4.67,15,54,65,8,0.0266,0.0625,0.0015,35,0.000342,714,0.0141,0.006,UNCERTIFIED_MED,False,True,0.1454,LOW_RISK,1,False,0.0092
prod_20000351,20000351,1000060,Automotive,4.93,15,46,52,2,0.0469,0.1,0.0009,20,0.000351,270,0.1973,0.02,NONE,False,False,0.1316,LOW_RISK,1,False,0.0092
prod_20000396,20000396,1000306,Consumer Electronics,5.0,5,14,16,2,0.0761,0.125,0.0016,14,0.000131,270,0.1973,0.02,NONE,False,False,0.082,LOW_RISK,1,False,0.0093
prod_20000267,20000267,1000480,Tools & Home Improvement,5.0,5,20,22,2,0.0822,0.1818,0.0011,18,0.000177,816,0.1923,0.02,NONE,False,False,0.0763,LOW_RISK,1,False,0.0094
prod_20004172,20004172,1000367,Consumer Electronics,4.82,0,0,0,0,0.0,0.0,0.0,0,3.6e-05,69,0.0,1.0,NONE,False,False,0.035,LOW_RISK,1,False,0.0094
prod_20003562,20003562,1000107,Home & Garden,4.82,0,0,0,0,0.0,0.0,0.0,0,3.6e-05,469,0.0,1.0,NONE,False,False,0.0987,LOW_RISK,1,False,0.0094
prod_20002114,20002114,1000382,Consumer Electronics,4.82,0,0,0,0,0.0,0.0,0.0,0,3.6e-05,710,0.0,1.0,NONE,False,False,0.0472,LOW_RISK,1,False,0.0094
prod_20003024,20003024,1000236,Phones & Telecommunications,4.82,0,0,0,0,0.0,0.0,0.0,0,3.6e-05,782,0.0,1.0,NONE,False,False,0.045,LOW_RISK,1,False,0.0094
prod_20000553,20000553,1000330,Sports & Entertainment,5.0,8,26,32,3,0.0696,0.1667,0.0013,19,0.000234,673,0.1911,0.02,NONE,False,False,0.0929,LOW_RISK,1,False,0.0094
prod_20002362,20002362,1000254,Tools & Home Improvement,4.82,0,0,0,0,0.0,0.0,0.0,0,3.6e-05,2,0.0,1.0,NONE,False,False,0.0477,LOW_RISK,1,False,0.0094
prod_20004458,20004458,1000086,Tools & Home Improvement,4.82,0,0,0,0,0.0,0.0,0.0,0,3.6e-05,517,0.0,1.0,NONE,False,False,0.0439,LOW_RISK,1,False,0.0094
prod_20002558,20002558,1000291,Consumer Electronics,4.82,0,0,0,0,0.0,0.0,0.0,0,3.6e-05,133,0.0,1.0,NONE,False,False,0.0411,LOW_RISK,1,False,0.0094
prod_20000692,20000692,1000255,Phones & Telecommunications,5.0,6,12,12,1,0.0719,0.1,0.0008,12,0.000114,497,0.1926,0.013,NONE,False,False,0.0662,LOW_RISK,1,False,0.0094
prod_20000067,20000067,1000465,Home & Garden,4.75,8,29,34,3,0.0669,0.2,0.0012,19,0.000243,730,0.1959,0.013,NONE,False,False,0.0999,LOW_RISK,1,False,0.0094
prod_20003126,20003126,1000394,Tools & Home Improvement,4.2,25,64,79,7,0.0198,0.04,0.0014,37,0.000414,714,0.0141,0.006,NONE,False,False,0.1705,MODERATE_RISK,1,False,0.0095
prod_20003426,20003426,1000137,Tools & Home Improvement,3.0,1,1,1,1,0.0145,0.0145,0.0,1,4e-05,282,0.013,0.007,NONE,False,False,0.0616,LOW_RISK,1,False,0.0096
prod_20000429,20000429,1000356,Home & Garden,4.71,17,45,51,2,0.044,0.0952,0.0009,20,0.000347,270,0.1973,0.02,CHEM_TOXIC,False,True,0.1644,MODERATE_RISK,1,False,0.0096
prod_20000639,20000639,1000263,Automotive,5.0,6,9,9,1,0.0617,0.0833,0.0008,9,9.3e-05,497,0.1926,0.013,NONE,False,False,0.0593,LOW_RISK,1,False,0.0098
prod_20004392,20004392,1000076,Jewelry & Accessories,3.7,23,60,68,5,0.0174,0.0417,0.0017,38,0.000353,714,0.0141,0.006,UNCERTIFIED_MED,False,True,0.1109,LOW_RISK,1,False,0.0098
prod_20000078,20000078,1000168,Phones & Telecommunications,5.0,14,42,50,3,0.0521,0.125,0.0009,19,0.00035,730,0.1959,0.013,NONE,False,False,0.0979,LOW_RISK,1,False,0.0099
prod_20003344,20003344,1000146,Automotive,4.0,1,7,7,1,0.0333,0.1429,0.0059,7,6.6e-05,923,0.0278,0.022,NONE,False,False,0.0497,LOW_RISK,1,False,0.0099
prod_20000254,20000254,1000110,Tools & Home Improvement,5.0,7,19,22,3,0.0742,0.15,0.0009,18,0.000177,816,0.1923,0.02,NONE,False,False,0.0644,LOW_RISK,1,False,0.0099
prod_20002737,20002737,1000267,Home & Garden,4.5,16,52,53,2,0.0246,0.0625,0.0014,34,0.000315,923,0.0278,0.022,NONE,False,False,0.0978,LOW_RISK,1,False,0.01
prod_20004717,20004717,1000369,Sports & Entertainment,5.0,2,4,4,1,0.011,0.0357,0.0067,4,5.3e-05,714,0.0141,0.006,NONE,False,False,0.0476,LOW_RISK,1,False,0.01
prod_20001391,20001391,1000061,Phones & Telecommunications,5.0,1,2,2,1,0.0073,0.0141,0.006,2,4.4e-05,282,0.013,0.007,NONE,False,False,0.0493,LOW_RISK,1,False,0.01
prod_20004931,20004931,1000321,Sports & Entertainment,4.07,0,0,0,0,0.0,0.0,0.0,0,3.6e-05,258,0.0,1.0,NONE,False,False,0.0373,LOW_RISK,1,False,0.0101
prod_20002473,20002473,1000014,Automotive,4.07,0,0,0,0,0.0,0.0,0.0,0,3.6e-05,198,0.0,1.0,NONE,False,False,0.0447,LOW_RISK,1,False,0.0101
prod_20002960,20002960,1000015,Tools & Home Improvement,4.07,0,0,0,0,0.0,0.0,0.0,0,3.6e-05,692,0.0,1.0,NONE,False,False,0.055,LOW_RISK,1,False,0.0101
prod_20000100,20000100,1000383,Jewelry & Accessories,4.93,14,47,55,2,0.0504,0.1,0.0009,19,0.000379,730,0.1959,0.013,NONE,False,False,0.1101,LOW_RISK,1,False,0.0101
prod_20001510,20001510,1000340,Home & Garden,4.07,0,0,0,0,0.0,0.0,0.0,0,3.6e-05,163,0.0,1.0,NONE,False,False,0.0568,LOW_RISK,1,False,0.0101
prod_20000555,20000555,1000005,Phones & Telecommunications,4.83,6,16,17,2,0.0778,0.1429,0.0008,14,0.00015,673,0.1911,0.02,NONE,False,False,0.0724,LOW_RISK,1,False,0.0102
prod_20000348,20000348,1000060,Jewelry & Accessories,4.93,14,45,50,2,0.0484,0.0952,0.0008,20,0.000342,270,0.1973,0.02,NONE,False,False,0.1221,LOW_RISK,1,False,0.0103
prod_20003818,20003818,1000009,Consumer Electronics,2.5,2,7,7,1,0.1509,0.25,0.003,7,7.7e-05,501,0.0146,0.015,ELEC_SHOCK,False,True,0.119,LOW_RISK,1,False,0.0104
prod_20002676,20002676,1000047,Automotive,2.0,1,2,2,1,0.0111,0.0172,0.0038,2,4.4e-05,714,0.0141,0.006,NONE,False,False,0.0447,LOW_RISK,1,False,0.0104
prod_20004795,20004795,1000166,Home & Garden,4.12,24,78,85,4,0.0213,0.0435,0.0009,38,0.000484,282,0.013,0.007,NONE,False,False,0.1214,LOW_RISK,1,False,0.0105
prod_20002229,20002229,1000381,Tools & Home Improvement,3.95,21,66,70,3,0.0191,0.0476,0.0015,41,0.000374,714,0.0141,0.006,NONE,False,False,0.127,LOW_RISK,1,False,0.0106
prod_20004625,20004625,1000077,Jewelry & Accessories,4.58,24,66,77,6,0.0187,0.04,0.0015,38,0.000392,714,0.0141,0.006,CHEM_TOXIC,True,True,0.2777,MODERATE_RISK,1,False,0.0106
prod_20004072,20004072,1000357,Phones & Telecommunications,4.07,15,49,54,4,0.0271,0.0667,0.0013,31,0.000295,923,0.0278,0.022,NONE,False,False,0.098,LOW_RISK,1,False,0.0106
prod_20000023,20000023,1000347,Jewelry & Accessories,5.0,14,46,54,2,0.0511,0.0952,0.0009,19,0.000372,730,0.1959,0.013,NONE,False,False,0.1191,LOW_RISK,1,False,0.0107
prod_20000739,20000739,1000344,Consumer Electronics,4.8,5,14,15,2,0.0778,0.1333,0.0012,13,0.000132,497,0.1926,0.013,NONE,False,False,0.0575,LOW_RISK,1,False,0.0107
prod_20004899,20004899,1000017,Computer & Office,4.06,18,51,57,3,0.0256,0.0556,0.0012,32,0.000319,923,0.0278,0.022,NONE,False,False,0.102,LOW_RISK,1,False,0.0107
prod_20000157,20000157,1000182,Consumer Electronics,4.93,15,45,50,2,0.0446,0.087,0.0009,20,0.000348,816,0.1923,0.02,NONE,False,False,0.1749,MODERATE_RISK,1,False,0.0108
prod_20002981,20002981,1000105,Home & Garden,4.05,22,76,83,4,0.0199,0.0455,0.0012,42,0.000428,282,0.013,0.007,NONE,False,False,0.1266,LOW_RISK,1,False,0.011
prod_20000145,20000145,1000123,Phones & Telecommunications,4.86,7,8,8,1,0.0607,0.0714,0.0018,8,8.5e-05,730,0.1959,0.013,NONE,False,False,0.0597,LOW_RISK,1,False,0.011
prod_20000584,20000584,1000441,Jewelry & Accessories,5.0,5,14,15,2,0.0737,0.125,0.0013,13,0.000131,673,0.1911,0.02,NONE,False,False,0.1012,LOW_RISK,1,False,0.0111
prod_20000066,20000066,1000297,Consumer Electronics,5.0,5,17,20,2,0.0788,0.1818,0.0014,17,0.00016,730,0.1959,0.013,NONE,False,False,0.0689,LOW_RISK,1,False,0.0112
prod_20001170,20001170,1000026,Automotive,4.17,30,75,85,4,0.0161,0.0333,0.0014,42,0.000461,714,0.0141,0.006,NONE,False,False,0.1156,LOW_RISK,1,False,0.0112
prod_20000175,20000175,1000405,Consumer Electronics,4.82,11,25,29,3,0.0609,0.1667,0.0008,20,0.000227,816,0.1923,0.02,NONE,False,False,0.088,LOW_RISK,1,False,0.0112
prod_20000296,20000296,1000181,Automotive,5.0,4,12,12,1,0.0738,0.1111,0.0011,12,0.000112,816,0.1923,0.02,NONE,False,False,0.0633,LOW_RISK,1,False,0.0114
prod_20003605,20003605,1000289,Consumer Electronics,4.08,0,0,0,0,0.0,0.0,0.0,0,3.6e-05,600,0.0,1.0,NONE,False,False,0.0941,LOW_RISK,1,False,0.0115
prod_20003771,20003771,1000267,Automotive,4.08,0,0,0,0,0.0,0.0,0.0,0,3.6e-05,379,0.0,1.0,NONE,False,False,0.047,LOW_RISK,1,False,0.0115
prod_20003037,20003037,1000415,Phones & Telecommunications,4.08,0,0,0,0,0.0,0.0,0.0,0,3.6e-05,885,0.0,1.0,NONE,False,False,0.0196,LOW_RISK,1,False,0.0115
prod_20001345,20001345,1000189,Phones & Telecommunications,4.08,0,0,0,0,0.0,0.0,0.0,0,3.6e-05,308,0.0,1.0,NONE,False,False,0.0399,LOW_RISK,1,False,0.0115
prod_20002545,20002545,1000137,Sports & Entertainment,4.08,0,0,0,0,0.0,0.0,0.0,0,3.6e-05,39,0.0,1.0,NONE,False,False,0.0606,LOW_RISK,1,False,0.0115
prod_20001133,20001133,1000107,Automotive,4.08,0,0,0,0,0.0,0.0,0.0,0,3.6e-05,134,0.0,1.0,NONE,False,False,0.0987,LOW_RISK,1,False,0.0115
prod_20001422,20001422,1000153,Automotive,1.0,1,5,5,1,0.0184,0.0625,0.004,5,5.7e-05,714,0.0141,0.006,NONE,False,False,0.0611,LOW_RISK,1,False,0.0115
prod_20001701,20001701,1000033,Computer & Office,3.0,1,1,1,1,0.0182,0.0182,0.0,1,4e-05,282,0.013,0.007,ELEC_SHOCK,True,True,0.2904,MODERATE_RISK,1,False,0.0117
prod_20004946,20004946,1000231,Sports & Entertainment,4.5,28,76,90,4,0.0203,0.0476,0.0011,36,0.000496,714,0.0141,0.006,NONE,False,False,0.1193,LOW_RISK,1,False,0.0117
prod_20003755,20003755,1000235,Phones & Telecommunications,5.0,1,5,5,1,0.0527,0.25,0.0063,5,5.9e-05,501,0.0146,0.015,NONE,False,False,0.1001,LOW_RISK,1,False,0.0118
prod_20004635,20004635,1000180,Sports & Entertainment,4.81,0,0,0,0,0.0,0.0,0.0,0,3.6e-05,250,0.0,1.0,NONE,False,False,0.0341,LOW_RISK,1,False,0.0118
prod_20002450,20002450,1000231,Jewelry & Accessories,4.81,0,0,0,0,0.0,0.0,0.0,0,3.6e-05,495,0.0,1.0,NONE,False,False,0.0478,LOW_RISK,1,False,0.0118
prod_20001793,20001793,1000401,Sports & Entertainment,4.46,24,79,84,5,0.0197,0.0417,0.0009,40,0.000436,714,0.0141,0.006,NONE,False,False,0.1174,LOW_RISK,1,False,0.0118
prod_20001063,20001063,1000417,Tools & Home Improvement,4.81,0,0,0,0,0.0,0.0,0.0,0,3.6e-05,318,0.0,1.0,NONE,False,False,0.0482,LOW_RISK,1,False,0.0118
prod_20002017,20002017,1000199,Phones & Telecommunications,4.39,18,62,68,4,0.0228,0.08,0.0016,38,0.000364,501,0.0146,0.015,NONE,False,False,0.134,LOW_RISK,1,False,0.0118
prod_20000520,20000520,1000215,Automotive,4.83,6,12,12,1,0.0678,0.1,0.0008,12,0.000113,673,0.1911,0.02,NONE,False,False,0.0797,LOW_RISK,1,False,0.012
prod_20000528,20000528,1000225,Tools & Home Improvement,5.0,8,25,29,3,0.0671,0.1875,0.0011,19,0.000217,673,0.1911,0.02,NONE,False,False,0.0783,LOW_RISK,1,False,0.0121
prod_20003700,20003700,1000419,Phones & Telecommunications,4.18,28,70,81,6,0.0168,0.0357,0.0013,40,0.00042,714,0.0141,0.006,NONE,False,False,0.125,LOW_RISK,1,False,0.0122
prod_20001241,20001241,1000002,Tools & Home Improvement,5.0,1,4,4,1,0.1651,0.5,0.003,4,5.8e-05,714,0.0141,0.006,NONE,False,False,0.1201,LOW_RISK,1,False,0.0122
prod_20004664,20004664,1000291,Jewelry & Accessories,4.0,1,3,3,1,0.2224,0.3333,0.003,3,6e-05,282,0.013,0.007,NONE,False,False,0.045,LOW_RISK,1,False,0.0122
prod_20000693,20000693,1000455,Consumer Electronics,4.86,14,40,50,3,0.0534,0.1364,0.001,19,0.00035,497,0.1926,0.013,NONE,False,False,0.0944,LOW_RISK,1,False,0.0123
prod_20000312,20000312,1000055,Home & Garden,4.89,9,26,32,3,0.0692,0.1538,0.001,20,0.000232,270,0.1973,0.02,UNCERTIFIED_MED,True,True,0.2628,MODERATE_RISK,1,False,0.0124
prod_20000329,20000329,1000308,Phones & Telecommunications,4.92,12,38,43,3,0.0526,0.15,0.001,20,0.000294,270,0.1973,0.02,NONE,False,False,0.1096,LOW_RISK,1,False,0.0126
prod_20003564,20003564,1000492,Computer & Office,4.5,2,6,6,1,0.1489,0.3333,0.0014,6,7.6e-05,923,0.0278,0.022,NONE,False,False,0.0625,LOW_RISK,1,False,0.0127
prod_20000790,20000790,1000462,Jewelry & Accessories,4.11,28,73,84,5,0.0188,0.0357,0.0011,37,0.000443,282,0.013,0.007,NONE,False,False,0.1136,LOW_RISK,1,False,0.0128
prod_20000235,20000235,1000030,Computer & Office,4.77,13,32,42,3,0.062,0.15,0.001,20,0.000305,816,0.1923,0.02,NONE,False,False,0.175,MODERATE_RISK,1,False,0.0129
prod_20003860,20003860,1000112,Tools & Home Improvement,4.5,2,6,6,1,0.1339,0.5,0.0014,5,7.4e-05,282,0.013,0.007,NONE,False,False,0.0954,LOW_RISK,1,False,0.0129
prod_20000959,20000959,1000458,Sports & Entertainment,4.33,3,7,8,2,0.0956,0.3333,0.0011,6,8.4e-05,923,0.0278,0.022,NONE,False,False,0.0596,LOW_RISK,1,False,0.013
prod_20004176,20004176,1000104,Tools & Home Improvement,4.04,27,75,86,3,0.0189,0.0465,0.0013,39,0.000455,714,0.0141,0.006,NONE,False,False,0.1555,MODERATE_RISK,1,False,0.0131
prod_20000550,20000550,1000393,Home & Garden,4.91,11,32,39,3,0.0612,0.1667,0.0009,19,0.000281,673,0.1911,0.02,NONE,False,False,0.0997,LOW_RISK,1,False,0.0132
prod_20000116,20000116,1000257,Tools & Home Improvement,5.0,8,24,27,3,0.0637,0.2,0.0011,19,0.000203,730,0.1959,0.013,CHEM_TOXIC,False,True,0.0855,LOW_RISK,1,False,0.0132
prod_20001991,20001991,1000017,Phones & Telecommunications,4.0,2,10,10,1,0.0164,0.0588,0.0052,10,7.8e-05,923,0.0278,0.022,NONE,False,False,0.0553,LOW_RISK,1,False,0.0133
prod_20002002,20002002,1000488,Jewelry & Accessories,4.09,0,0,0,0,0.0,0.0,0.0,0,3.6e-05,135,0.0,1.0,NONE,False,False,0.0323,LOW_RISK,1,False,0.0133
prod_20003554,20003554,1000044,Home & Garden,4.09,0,0,0,0,0.0,0.0,0.0,0,3.6e-05,776,0.0,1.0,NONE,False,False,0.0398,LOW_RISK,1,False,0.0133
prod_20004730,20004730,1000235,Consumer Electronics,2.0,1,4,4,1,0.092,0.3333,0.0036,4,5.6e-05,714,0.0141,0.006,NONE,False,False,0.0994,LOW_RISK,1,False,0.0133
prod_20001713,20001713,1000149,Jewelry & Accessories,4.1,21,72,83,3,0.0205,0.0476,0.0015,41,0.000429,714,0.0141,0.006,NONE,False,False,0.1289,LOW_RISK,1,False,0.0134
prod_20002653,20002653,1000322,Home & Garden,4.73,11,39,47,7,0.034,0.0833,0.0017,28,0.000261,501,0.0146,0.015,NONE,False,False,0.0938,LOW_RISK,1,False,0.0134
prod_20000957,20000957,1000129,Automotive,3.67,21,71,79,4,0.0221,0.0476,0.001,38,0.000411,714,0.0141,0.006,NONE,False,False,0.1136,LOW_RISK,1,False,0.0135
prod_20003599,20003599,1000122,Automotive,1.0,1,3,3,1,0.0593,0.1429,0.0039,3,4.9e-05,282,0.013,0.007,NONE,False,False,0.0486,LOW_RISK,1,False,0.0135
prod_20000705,20000705,1000042,Automotive,5.0,4,13,13,1,0.073,0.125,0.0012,13,0.000118,497,0.1926,0.013,NONE,False,False,0.0987,LOW_RISK,1,False,0.0135
prod_20000563,20000563,1000401,Home & Garden,4.83,6,15,18,2,0.0773,0.1429,0.0013,15,0.000147,673,0.1911,0.02,NONE,False,False,0.0713,LOW_RISK,1,False,0.0136
prod_20000248,20000248,1000369,Tools & Home Improvement,4.86,14,35,35,1,0.0417,0.05,0.0007,20,0.000258,816,0.1923,0.02,NONE,False,False,0.0888,LOW_RISK,1,False,0.0137
prod_20000413,20000413,1000434,Home & Garden,5.0,5,18,18,1,0.0748,0.125,0.001,16,0.000147,270,0.1973,0.02,NONE,False,False,0.092,LOW_RISK,1,False,0.0137
prod_20003379,20003379,1000220,Jewelry & Accessories,5.0,3,14,14,1,0.0589,0.3333,0.0033,13,0.000102,923,0.0278,0.022,NONE,False,False,0.053,LOW_RISK,1,False,0.0137
prod_20003323,20003323,1000074,Home & Garden,4.5,2,5,5,1,0.1565,0.5,0.0033,5,6.8e-05,714,0.0141,0.006,NONE,False,False,0.0626,LOW_RISK,1,False,0.0137
prod_20002050,20002050,1000355,Jewelry & Accessories,5.0,1,6,6,1,0.1036,0.5,0.004,6,6.4e-05,714,0.0141,0.006,NONE,False,False,0.0473,LOW_RISK,1,False,0.014
prod_20002982,20002982,1000337,Phones & Telecommunications,4.0,1,2,2,1,0.1669,0.3333,0.0038,2,4.9e-05,714,0.0141,0.006,NONE,False,False,0.042,LOW_RISK,1,False,0.0141
prod_20000309,20000309,1000131,Jewelry & Accessories,4.89,9,28,34,3,0.0653,0.1429,0.0012,20,0.000239,270,0.1973,0.02,UNCERTIFIED_MED,True,True,0.3276,MODERATE_RISK,1,False,0.0141
prod_20002744,20002744,1000441,Consumer Electronics,4.2,25,71,87,6,0.0207,0.0476,0.0012,38,0.000445,714,0.0141,0.006,NONE,False,False,0.1401,LOW_RISK,1,False,0.0143
prod_20003642,20003642,1000209,Computer & Office,4.05,22,65,73,4,0.0191,0.0455,0.0015,40,0.000399,282,0.013,0.007,NONE,False,False,0.1558,MODERATE_RISK,1,False,0.0144
prod_20004556,20004556,1000083,Sports & Entertainment,2.0,1,6,6,1,0.0206,0.0417,0.0043,6,6.1e-05,501,0.0146,0.015,NONE,False,False,0.0504,LOW_RISK,1,False,0.0145
prod_20000566,20000566,1000356,Jewelry & Accessories,4.88,8,17,19,3,0.0623,0.1429,0.0012,17,0.000154,673,0.1911,0.02,CHOKE_CHILD,False,True,0.1341,LOW_RISK,1,False,0.0145
prod_20003362,20003362,1000038,Tools & Home Improvement,3.67,18,58,64,3,0.0238,0.0741,0.0013,36,0.000339,501,0.0146,0.015,CHOKE_CHILD,True,True,0.2446,MODERATE_RISK,1,False,0.0145
prod_20004160,20004160,1000459,Tools & Home Improvement,4.0,3,9,9,1,0.0071,0.0303,0.0062,9,7.3e-05,714,0.0141,0.006,NONE,False,False,0.054,LOW_RISK,1,False,0.0146
prod_20000303,20000303,1000478,Automotive,5.0,13,44,51,2,0.0529,0.1053,0.0009,20,0.000345,270,0.1973,0.02,CHOKE_CHILD,True,True,0.259,MODERATE_RISK,1,False,0.0147
prod_20000482,20000482,1000475,Tools & Home Improvement,4.93,14,43,46,3,0.0452,0.1071,0.0009,19,0.000321,673,0.1911,0.02,NONE,False,False,0.1621,MODERATE_RISK,1,False,0.0148
prod_20002721,20002721,1000246,Automotive,5.0,1,5,5,1,0.1507,0.5,0.003,5,6.5e-05,714,0.0141,0.006,NONE,False,False,0.0612,LOW_RISK,1,False,0.0148
prod_20002536,20002536,1000010,Home & Garden,3.81,21,63,68,4,0.0202,0.0476,0.0015,39,0.000362,714,0.0141,0.006,NONE,False,False,0.1127,LOW_RISK,1,False,0.0149
prod_20001217,20001217,1000346,Tools & Home Improvement,4.05,22,69,77,6,0.0225,0.0455,0.001,35,0.000408,714,0.0141,0.006,NONE,False,False,0.1109,LOW_RISK,1,False,0.0149
prod_20003341,20003341,1000311,Sports & Entertainment,3.0,1,1,1,1,0.0217,0.0217,0.0,1,4e-05,714,0.0141,0.006,NONE,False,False,0.0483,LOW_RISK,1,False,0.015
prod_20000733,20000733,1000476,Consumer Electronics,5.0,5,15,15,1,0.0794,0.1111,0.001,14,0.000135,497,0.1926,0.013,NONE,False,False,0.0782,LOW_RISK,1,False,0.0151
prod_20002843,20002843,1000160,Phones & Telecommunications,4.0,1,8,8,1,0.0999,0.5,0.0037,8,7.5e-05,282,0.013,0.007,NONE,False,False,0.0522,LOW_RISK,1,False,0.0151
prod_20000159,20000159,1000409,Tools & Home Improvement,4.83,6,14,16,2,0.0732,0.1333,0.0014,14,0.000137,816,0.1923,0.02,UNCERTIFIED_MED,False,True,0.1532,MODERATE_RISK,1,False,0.0151
prod_20000658,20000658,1000042,Tools & Home Improvement,4.5,6,13,13,1,0.0663,0.1,0.0007,13,0.000119,497,0.1926,0.013,NONE,False,False,0.0989,LOW_RISK,1,False,0.0151
prod_20000654,20000654,1000233,Consumer Electronics,5.0,14,45,50,2,0.0493,0.0952,0.0008,19,0.000355,497,0.1926,0.013,NONE,False,False,0.0939,LOW_RISK,1,False,0.0152
prod_20000328,20000328,1000004,Automotive,5.0,9,26,32,3,0.0688,0.1579,0.001,19,0.000232,270,0.1973,0.02,NONE,False,False,0.1244,LOW_RISK,1,False,0.0152
prod_20000730,20000730,1000439,Consumer Electronics,4.88,16,44,53,2,0.0479,0.0909,0.0009,19,0.00037,497,0.1926,0.013,NONE,False,False,0.0926,LOW_RISK,1,False,0.0152
prod_20003364,20003364,1000216,Jewelry & Accessories,4.1,0,0,0,0,0.0,0.0,0.0,0,3.6e-05,354,0.0,1.0,NONE,False,False,0.0459,LOW_RISK,1,False,0.0153
prod_20002557,20002557,1000267,Sports & Entertainment,4.1,0,0,0,0,0.0,0.0,0.0,0,3.6e-05,670,0.0,1.0,NONE,False,False,0.047,LOW_RISK,1,False,0.0153
prod_20003622,20003622,1000082,Tools & Home Improvement,4.1,0,0,0,0,0.0,0.0,0.0,0,3.6e-05,122,0.0,1.0,NONE,False,False,0.0548,LOW_RISK,1,False,0.0153
prod_20003416,20003416,1000061,Computer & Office,4.1,0,0,0,0,0.0,0.0,0.0,0,3.6e-05,183,0.0,1.0,NONE,False,False,0.0461,LOW_RISK,1,False,0.0153
prod_20001028,20001028,1000024,Phones & Telecommunications,4.1,0,0,0,0,0.0,0.0,0.0,0,3.6e-05,532,0.0,1.0,NONE,False,False,0.0406,LOW_RISK,1,False,0.0153
prod_20000033,20000033,1000286,Tools & Home Improvement,4.86,7,12,12,1,0.0615,0.0833,0.001,12,0.000112,730,0.1959,0.013,NONE,False,False,0.063,LOW_RISK,1,False,0.0155
prod_20000826,20000826,1000028,Home & Garden,4.27,22,67,77,4,0.0175,0.0435,0.0018,41,0.000383,714,0.0141,0.006,UNCERTIFIED_MED,False,True,0.1091,LOW_RISK,1,False,0.0156
prod_20000105,20000105,1000257,Sports & Entertainment,4.83,6,12,12,1,0.0626,0.0833,0.001,12,0.000111,730,0.1959,0.013,NONE,False,False,0.0764,LOW_RISK,1,False,0.0157
prod_20000577,20000577,1000014,Home & Garden,5.0,6,18,21,2,0.0754,0.1429,0.0015,17,0.000165,673,0.1911,0.02,NONE,False,False,0.0754,LOW_RISK,1,False,0.0157
prod_20004339,20004339,1000007,Computer & Office,4.33,3,12,12,1,0.1234,0.3333,0.0016,9,0.000114,923,0.0278,0.022,NONE,False,False,0.1061,LOW_RISK,1,False,0.016
prod_20001635,20001635,1000473,Home & Garden,4.8,0,0,0,0,0.0,0.0,0.0,0,3.6e-05,98,0.0,1.0,NONE,False,False,0.0473,LOW_RISK,1,False,0.0161
prod_20002160,20002160,1000087,Automotive,4.8,0,0,0,0,0.0,0.0,0.0,0,3.6e-05,523,0.0,1.0,NONE,False,False,0.0491,LOW_RISK,1,False,0.0161
prod_20001192,20001192,1000033,Home & Garden,4.8,0,0,0,0,0.0,0.0,0.0,0,3.6e-05,835,0.0,1.0,CHEM_TOXIC,True,True,0.2897,MODERATE_RISK,1,False,0.0161
prod_20004984,20004984,1000380,Jewelry & Accessories,4.8,0,0,0,0,0.0,0.0,0.0,0,3.6e-05,855,0.0,1.0,NONE,False,False,0.0552,LOW_RISK,1,False,0.0161
prod_20002022,20002022,1000060,Home & Garden,4.8,0,0,0,0,0.0,0.0,0.0,0,3.6e-05,179,0.0,1.0,NONE,False,False,0.0546,LOW_RISK,1,False,0.0161
prod_20004685,20004685,1000397,Consumer Electronics,4.8,0,0,0,0,0.0,0.0,0.0,0,3.6e-05,147,0.0,1.0,NONE,False,False,0.0306,LOW_RISK,1,False,0.0161
prod_20001398,20001398,1000269,Sports & Entertainment,4.8,0,0,0,0,0.0,0.0,0.0,0,3.6e-05,249,0.0,1.0,NONE,False,False,0.0165,LOW_RISK,1,False,0.0161
prod_20002189,20002189,1000430,Home & Garden,4.8,0,0,0,0,0.0,0.0,0.0,0,3.6e-05,314,0.0,1.0,NONE,False,False,0.0394,LOW_RISK,1,False,0.0161
prod_20004695,20004695,1000467,Home & Garden,4.79,0,0,0,0,0.0,0.0,0.0,0,3.6e-05,515,0.0,1.0,NONE,False,False,0.0294,LOW_RISK,1,False,0.0162
prod_20004933,20004933,1000134,Jewelry & Accessories,4.79,0,0,0,0,0.0,0.0,0.0,0,3.6e-05,890,0.0,1.0,NONE,False,False,0.0663,LOW_RISK,1,False,0.0162
prod_20003978,20003978,1000043,Consumer Electronics,4.79,0,0,0,0,0.0,0.0,0.0,0,3.6e-05,559,0.0,1.0,NONE,False,False,0.0472,LOW_RISK,1,False,0.0162
prod_20002364,20002364,1000496,Sports & Entertainment,4.79,0,0,0,0,0.0,0.0,0.0,0,3.6e-05,273,0.0,1.0,NONE,False,False,0.0827,LOW_RISK,1,False,0.0162
prod_20003146,20003146,1000325,Tools & Home Improvement,4.79,0,0,0,0,0.0,0.0,0.0,0,3.6e-05,160,0.0,1.0,NONE,False,False,0.0271,LOW_RISK,1,False,0.0162
prod_20000436,20000436,1000468,Home & Garden,5.0,13,34,42,3,0.0554,0.1429,0.0011,20,0.000289,270,0.1973,0.02,NONE,False,False,0.1078,LOW_RISK,1,False,0.0164
prod_20004750,20004750,1000042,Jewelry & Accessories,4.12,0,0,0,0,0.0,0.0,0.0,0,3.6e-05,44,0.0,1.0,NONE,False,False,0.0897,LOW_RISK,1,False,0.0165
prod_20003676,20003676,1000425,Consumer Electronics,4.12,0,0,0,0,0.0,0.0,0.0,0,3.6e-05,32,0.0,1.0,NONE,False,False,0.0438,LOW_RISK,1,False,0.0165
prod_20002779,20002779,1000045,Sports & Entertainment,4.12,0,0,0,0,0.0,0.0,0.0,0,3.6e-05,81,0.0,1.0,NONE,False,False,0.0225,LOW_RISK,1,False,0.0165
prod_20002261,20002261,1000065,Computer & Office,4.12,0,0,0,0,0.0,0.0,0.0,0,3.6e-05,303,0.0,1.0,NONE,False,False,0.0383,LOW_RISK,1,False,0.0165
prod_20000205,20000205,1000184,Tools & Home Improvement,4.83,6,18,21,2,0.0763,0.1538,0.0015,17,0.000167,816,0.1923,0.02,NONE,False,False,0.0803,LOW_RISK,1,False,0.0166
prod_20003277,20003277,1000355,Phones & Telecommunications,2.5,2,2,2,1,0.0089,0.0127,0.0038,2,4.4e-05,714,0.0141,0.006,NONE,False,False,0.0428,LOW_RISK,1,False,0.0167
prod_20004596,20004596,1000019,Computer & Office,4.5,2,5,5,1,0.1288,0.5,0.0023,4,7e-05,501,0.0146,0.015,NONE,False,False,0.0921,LOW_RISK,1,False,0.0168
prod_20002728,20002728,1000119,Sports & Entertainment,3.7,23,63,69,4,0.0217,0.0435,0.0011,34,0.00037,282,0.013,0.007,NONE,False,False,0.1131,LOW_RISK,1,False,0.0168
prod_20000168,20000168,1000040,Tools & Home Improvement,4.9,10,27,30,3,0.0595,0.1667,0.0008,20,0.000231,816,0.1923,0.02,NONE,False,False,0.0834,LOW_RISK,1,False,0.0169
prod_20000414,20000414,1000439,Computer & Office,4.87,15,44,51,2,0.0471,0.1111,0.001,20,0.000341,270,0.1973,0.02,NONE,False,False,0.126,LOW_RISK,1,False,0.0169
prod_20004203,20004203,1000490,Sports & Entertainment,3.77,22,70,78,4,0.0239,0.0435,0.0011,33,0.000422,714,0.0141,0.006,CHEM_TOXIC,True,True,0.2527,MODERATE_RISK,1,False,0.0169
prod_20004709,20004709,1000365,Jewelry & Accessories,4.11,0,0,0,0,0.0,0.0,0.0,0,3.6e-05,918,0.0,1.0,NONE,False,False,0.0285,LOW_RISK,1,False,0.017
prod_20001447,20001447,1000064,Home & Garden,5.0,2,4,4,1,0.0251,0.0909,0.0074,4,5.3e-05,714,0.0141,0.006,NONE,False,False,0.0532,LOW_RISK,1,False,0.017
prod_20001290,20001290,1000107,Computer & Office,4.11,0,0,0,0,0.0,0.0,0.0,0,3.6e-05,888,0.0,1.0,NONE,False,False,0.0987,LOW_RISK,1,False,0.017
prod_20001614,20001614,1000025,Sports & Entertainment,4.11,0,0,0,0,0.0,0.0,0.0,0,3.6e-05,520,0.0,1.0,NONE,False,False,0.1077,LOW_RISK,1,False,0.017
prod_20004547,20004547,1000306,Sports & Entertainment,4.11,0,0,0,0,0.0,0.0,0.0,0,3.6e-05,175,0.0,1.0,NONE,False,False,0.0532,LOW_RISK,1,False,0.017
prod_20003533,20003533,1000448,Phones & Telecommunications,4.11,0,0,0,0,0.0,0.0,0.0,0,3.6e-05,348,0.0,1.0,NONE,False,False,0.0347,LOW_RISK,1,False,0.017
prod_20000707,20000707,1000274,Tools & Home Improvement,4.94,16,41,47,3,0.0453,0.1154,0.0009,19,0.000331,497,0.1926,0.013,NONE,False,False,0.1003,LOW_RISK,1,False,0.017
prod_20002513,20002513,1000427,Computer & Office,4.11,0,0,0,0,0.0,0.0,0.0,0,3.6e-05,211,0.0,1.0,NONE,False,False,0.0399,LOW_RISK,1,False,0.017
prod_20001157,20001157,1000317,Jewelry & Accessories,3.0,2,4,4,1,0.0117,0.027,0.0053,4,5.3e-05,282,0.013,0.007,NONE,False,False,0.0413,LOW_RISK,1,False,0.017
prod_20001739,20001739,1000460,Computer & Office,4.11,0,0,0,0,0.0,0.0,0.0,0,3.6e-05,390,0.0,1.0,NONE,False,False,0.0376,LOW_RISK,1,False,0.017
prod_20003074,20003074,1000070,Tools & Home Improvement,4.11,0,0,0,0,0.0,0.0,0.0,0,3.6e-05,803,0.0,1.0,UNCERTIFIED_MED,True,True,0.233,MODERATE_RISK,1,False,0.017
prod_20000722,20000722,1000171,Sports & Entertainment,5.0,5,13,13,1,0.065,0.0909,0.0014,13,0.000115,497,0.1926,0.013,NONE,False,False,0.0584,LOW_RISK,1,False,0.0171
prod_20000522,20000522,1000128,Home & Garden,4.83,6,14,15,2,0.0643,0.1538,0.0016,14,0.000128,673,0.1911,0.02,NONE,False,False,0.1145,LOW_RISK,1,False,0.0172
prod_20002108,20002108,1000285,Consumer Electronics,3.25,4,11,11,1,0.0992,0.25,0.001,9,0.000129,923,0.0278,0.022,NONE,False,False,0.1125,LOW_RISK,1,False,0.0172
prod_20004898,20004898,1000169,Consumer Electronics,4.21,24,70,80,5,0.0199,0.0417,0.0013,38,0.00041,282,0.013,0.007,NONE,False,False,0.1199,LOW_RISK,1,False,0.0172
prod_20003702,20003702,1000210,Tools & Home Improvement,5.0,1,2,2,1,0.0037,0.004,0.0055,2,4.4e-05,282,0.013,0.007,NONE,False,False,0.0527,LOW_RISK,1,False,0.0174
prod_20002042,20002042,1000356,Tools & Home Improvement,4.78,0,0,0,0,0.0,0.0,0.0,0,3.6e-05,208,0.0,1.0,UNCERTIFIED_MED,False,True,0.1177,LOW_RISK,1,False,0.0176
prod_20004118,20004118,1000486,Jewelry & Accessories,4.0,28,69,77,4,0.0167,0.0435,0.0015,39,0.000385,714,0.0141,0.006,NONE,False,False,0.1151,LOW_RISK,1,False,0.0176
prod_20003932,20003932,1000062,Sports & Entertainment,4.78,0,0,0,0,0.0,0.0,0.0,0,3.6e-05,33,0.0,1.0,NONE,False,False,0.0377,LOW_RISK,1,False,0.0176
prod_20001404,20001404,1000352,Consumer Electronics,4.78,0,0,0,0,0.0,0.0,0.0,0,3.6e-05,437,0.0,1.0,NONE,False,False,0.0402,LOW_RISK,1,False,0.0176
prod_20000588,20000588,1000432,Jewelry & Accessories,4.6,5,16,17,2,0.071,0.1538,0.0016,16,0.000139,673,0.1911,0.02,NONE,False,False,0.0726,LOW_RISK,1,False,0.0176
prod_20004369,20004369,1000255,Tools & Home Improvement,4.78,0,0,0,0,0.0,0.0,0.0,0,3.6e-05,641,0.0,1.0,NONE,False,False,0.0537,LOW_RISK,1,False,0.0176
prod_20001654,20001654,1000009,Automotive,4.78,0,0,0,0,0.0,0.0,0.0,0,3.6e-05,120,0.0,1.0,NONE,False,False,0.109,LOW_RISK,1,False,0.0176
prod_20000397,20000397,1000379,Consumer Electronics,5.0,7,18,19,2,0.065,0.1667,0.0009,16,0.000153,270,0.1973,0.02,NONE,False,False,0.0638,LOW_RISK,1,False,0.0176
prod_20004259,20004259,1000250,Consumer Electronics,4.78,0,0,0,0,0.0,0.0,0.0,0,3.6e-05,837,0.0,1.0,NONE,False,False,0.0399,LOW_RISK,1,False,0.0176
prod_20000368,20000368,1000212,Jewelry & Accessories,4.87,15,35,39,3,0.0457,0.1429,0.001,20,0.00027,270,0.1973,0.02,NONE,False,False,0.1269,LOW_RISK,1,False,0.0177
prod_20002537,20002537,1000198,Sports & Entertainment,3.88,25,66,77,5,0.0212,0.05,0.0012,33,0.000453,714,0.0141,0.006,NONE,False,False,0.1229,LOW_RISK,1,False,0.0177
prod_20003391,20003391,1000097,Automotive,2.0,1,3,3,1,0.0103,0.0196,0.004,3,4.8e-05,714,0.0141,0.006,NONE,False,False,0.0272,LOW_RISK,1,False,0.0177
prod_20002628,20002628,1000423,Consumer Electronics,4.0,1,1,1,1,0.1111,0.1111,0.0,1,4.2e-05,714,0.0141,0.006,NONE,False,False,0.0427,LOW_RISK,1,False,0.0178
prod_20004271,20004271,1000259,Tools & Home Improvement,4.62,21,51,67,7,0.023,0.0476,0.0014,32,0.000375,714,0.0141,0.006,NONE,False,False,0.1033,LOW_RISK,1,False,0.0179
prod_20003847,20003847,1000164,Jewelry & Accessories,4.1,21,66,71,4,0.0219,0.087,0.0011,37,0.000399,282,0.013,0.007,NONE,False,False,0.1341,LOW_RISK,1,False,0.0179
prod_20000454,20000454,1000111,Jewelry & Accessories,5.0,10,23,27,3,0.0611,0.15,0.0012,19,0.000205,673,0.1911,0.02,NONE,False,False,0.0849,LOW_RISK,1,False,0.018
prod_20000638,20000638,1000038,Phones & Telecommunications,5.0,6,16,17,2,0.0752,0.1429,0.0011,14,0.000144,497,0.1926,0.013,NONE,False,False,0.0803,LOW_RISK,1,False,0.0181
prod_20000358,20000358,1000348,Phones & Telecommunications,5.0,5,16,16,1,0.0744,0.1111,0.001,16,0.000135,270,0.1973,0.02,NONE,False,False,0.0655,LOW_RISK,1,False,0.0181
prod_20000656,20000656,1000154,Computer & Office,4.92,12,38,45,3,0.0556,0.1667,0.0009,19,0.000318,497,0.1926,0.013,NONE,False,False,0.1049,LOW_RISK,1,False,0.0181
prod_20004791,20004791,1000419,Home & Garden,4.3,27,70,81,4,0.0188,0.037,0.0013,38,0.000428,282,0.013,0.007,NONE,False,False,0.1315,LOW_RISK,1,False,0.0182
prod_20000872,20000872,1000027,Phones & Telecommunications,5.0,1,2,2,1,0.012,0.0233,0.0058,2,4.4e-05,282,0.013,0.007,NONE,False,False,0.0541,LOW_RISK,1,False,0.0182
prod_20000167,20000167,1000150,Tools & Home Improvement,4.86,7,15,16,2,0.0706,0.1538,0.0011,14,0.00014,816,0.1923,0.02,NONE,False,False,0.0747,LOW_RISK,1,False,0.0182
prod_20004191,20004191,1000390,Phones & Telecommunications,4.19,21,61,71,4,0.019,0.0455,0.0017,40,0.000359,282,0.013,0.007,NONE,False,False,0.1436,LOW_RISK,1,False,0.0182
prod_20004077,20004077,1000104,Tools & Home Improvement,3.91,22,61,71,6,0.0206,0.0417,0.0012,35,0.000366,714,0.0141,0.006,UNCERTIFIED_MED,False,True,0.1296,LOW_RISK,1,False,0.0183
prod_20000421,20000421,1000274,Home & Garden,5.0,9,27,33,2,0.0695,0.1538,0.0012,20,0.000237,270,0.1973,0.02,NONE,False,False,0.116,LOW_RISK,1,False,0.0184
prod_20004913,20004913,1000112,Computer & Office,3.0,2,1,1,1,0.0312,0.0312,0.0,1,4e-05,714,0.0141,0.006,NONE,False,False,0.0919,LOW_RISK,1,False,0.0184
prod_20003664,20003664,1000290,Consumer Electronics,4.04,25,64,78,5,0.0199,0.0645,0.0015,36,0.000403,714,0.0141,0.006,NONE,False,False,0.1183,LOW_RISK,1,False,0.0184
prod_20000074,20000074,1000190,Automotive,5.0,7,25,29,3,0.0728,0.1429,0.0012,19,0.000214,730,0.1959,0.013,NONE,False,False,0.0842,LOW_RISK,1,False,0.0186
prod_20004922,20004922,1000338,Computer & Office,2.67,3,7,7,1,0.0079,0.0244,0.005,7,6.5e-05,714,0.0141,0.006,NONE,False,False,0.0591,LOW_RISK,1,False,0.0187
prod_20004148,20004148,1000127,Automotive,3.5,2,8,8,1,0.1032,0.5,0.0035,8,7.5e-05,714,0.0141,0.006,NONE,False,False,0.0979,LOW_RISK,1,False,0.0188
prod_20000381,20000381,1000445,Sports & Entertainment,4.85,13,37,45,3,0.0549,0.1304,0.001,20,0.00031,270,0.1973,0.02,NONE,False,False,0.153,MODERATE_RISK,1,False,0.0188
prod_20002336,20002336,1000199,Jewelry & Accessories,3.94,18,68,72,2,0.0249,0.0526,0.0009,37,0.00037,714,0.0141,0.006,NONE,False,False,0.1381,LOW_RISK,1,False,0.0188
prod_20002776,20002776,1000194,Tools & Home Improvement,4.77,0,0,0,0,0.0,0.0,0.0,0,3.6e-05,801,0.0,1.0,ELEC_SHOCK,False,True,0.0643,LOW_RISK,1,False,0.0189
prod_20001107,20001107,1000388,Home & Garden,4.5,2,6,6,1,0.133,0.3333,0.0022,6,7.2e-05,923,0.0278,0.022,CHOKE_CHILD,True,True,0.2323,MODERATE_RISK,1,False,0.0189
prod_20004550,20004550,1000108,Automotive,4.77,0,0,0,0,0.0,0.0,0.0,0,3.6e-05,326,0.0,1.0,NONE,False,False,0.0507,LOW_RISK,1,False,0.0189
prod_20003044,20003044,1000014,Consumer Electronics,4.68,22,57,64,6,0.0196,0.0435,0.0015,36,0.000331,714,0.0141,0.006,NONE,False,False,0.1084,LOW_RISK,1,False,0.0189
prod_20000902,20000902,1000485,Computer & Office,4.77,0,0,0,0,0.0,0.0,0.0,0,3.6e-05,508,0.0,1.0,ELEC_SHOCK,True,True,0.2822,MODERATE_RISK,1,False,0.0189
prod_20001113,20001113,1000380,Sports & Entertainment,4.77,0,0,0,0,0.0,0.0,0.0,0,3.6e-05,306,0.0,1.0,NONE,False,False,0.0552,LOW_RISK,1,False,0.0189
prod_20001413,20001413,1000437,Sports & Entertainment,4.77,0,0,0,0,0.0,0.0,0.0,0,3.6e-05,550,0.0,1.0,NONE,False,False,0.0251,LOW_RISK,1,False,0.0189
prod_20003177,20003177,1000312,Consumer Electronics,4.77,0,0,0,0,0.0,0.0,0.0,0,3.6e-05,494,0.0,1.0,NONE,False,False,0.0823,LOW_RISK,1,False,0.0189
prod_20000191,20000191,1000360,Jewelry & Accessories,5.0,13,33,37,3,0.0512,0.15,0.0009,20,0.000272,816,0.1923,0.02,CHEM_TOXIC,False,True,0.0908,LOW_RISK,1,False,0.019
prod_20003073,20003073,1000317,Phones & Telecommunications,4.0,2,7,7,1,0.1215,0.5,0.0023,6,7.8e-05,282,0.013,0.007,NONE,False,False,0.0462,LOW_RISK,1,False,0.019
prod_20004595,20004595,1000039,Tools & Home Improvement,5.0,1,2,2,1,0.175,0.25,0.003,2,4.8e-05,501,0.0146,0.015,NONE,False,False,0.0575,LOW_RISK,1,False,0.019
prod_20000710,20000710,1000488,Home & Garden,5.0,9,26,29,3,0.0639,0.1667,0.0011,19,0.000219,497,0.1926,0.013,CHOKE_CHILD,False,True,0.0765,LOW_RISK,1,False,0.0191
prod_20001576,20001576,1000234,Sports & Entertainment,4.14,0,0,0,0,0.0,0.0,0.0,0,3.6e-05,435,0.0,1.0,NONE,False,False,0.0416,LOW_RISK,1,False,0.0191
prod_20000698,20000698,1000300,Phones & Telecommunications,4.83,6,13,13,1,0.0654,0.0909,0.0011,13,0.000118,497,0.1926,0.013,NONE,False,False,0.0719,LOW_RISK,1,False,0.0191
prod_20001134,20001134,1000176,Computer & Office,4.14,0,0,0,0,0.0,0.0,0.0,0,3.6e-05,219,0.0,1.0,NONE,False,False,0.07,LOW_RISK,1,False,0.0191
prod_20001612,20001612,1000276,Computer & Office,4.25,24,78,88,5,0.0221,0.0417,0.0011,38,0.000474,714,0.0141,0.006,NONE,False,False,0.1195,LOW_RISK,1,False,0.0191
prod_20000756,20000756,1000364,Automotive,4.14,0,0,0,0,0.0,0.0,0.0,0,3.6e-05,257,0.0,1.0,NONE,False,False,0.0483,LOW_RISK,1,False,0.0191
prod_20001834,20001834,1000159,Tools & Home Improvement,5.0,1,3,3,1,0.0123,0.0278,0.006,3,4.9e-05,282,0.013,0.007,NONE,False,False,0.0951,LOW_RISK,1,False,0.0192
prod_20002795,20002795,1000063,Tools & Home Improvement,3.95,21,66,74,4,0.0204,0.0476,0.0015,39,0.000377,714,0.0141,0.006,CHEM_TOXIC,False,True,0.1034,LOW_RISK,1,False,0.0192
prod_20000121,20000121,1000070,Consumer Electronics,4.88,8,24,30,3,0.0735,0.1538,0.0012,19,0.000221,730,0.1959,0.013,CHEM_TOXIC,False,True,0.1215,LOW_RISK,1,False,0.0192
prod_20000720,20000720,1000399,Automotive,4.71,7,15,15,1,0.0683,0.0833,0.0007,14,0.000137,497,0.1926,0.013,NONE,False,False,0.061,LOW_RISK,1,False,0.0192
prod_20003452,20003452,1000229,Phones & Telecommunications,4.76,0,0,0,0,0.0,0.0,0.0,0,3.6e-05,105,0.0,1.0,NONE,False,False,0.0327,LOW_RISK,1,False,0.0193
prod_20002979,20002979,1000095,Home & Garden,4.76,0,0,0,0,0.0,0.0,0.0,0,3.6e-05,483,0.0,1.0,NONE,False,False,0.0404,LOW_RISK,1,False,0.0193
prod_20001584,20001584,1000279,Home & Garden,4.76,0,0,0,0,0.0,0.0,0.0,0,3.6e-05,50,0.0,1.0,NONE,False,False,0.0399,LOW_RISK,1,False,0.0193
prod_20004507,20004507,1000083,Jewelry & Accessories,4.76,0,0,0,0,0.0,0.0,0.0,0,3.6e-05,739,0.0,1.0,NONE,False,False,0.0418,LOW_RISK,1,False,0.0193
prod_20003956,20003956,1000471,Automotive,4.76,0,0,0,0,0.0,0.0,0.0,0,3.6e-05,322,0.0,1.0,NONE,False,False,0.106,LOW_RISK,1,False,0.0193
prod_20001036,20001036,1000266,Automotive,4.76,0,0,0,0,0.0,0.0,0.0,0,3.6e-05,295,0.0,1.0,NONE,False,False,0.0437,LOW_RISK,1,False,0.0193
prod_20004115,20004115,1000125,Automotive,4.76,0,0,0,0,0.0,0.0,0.0,0,3.6e-05,694,0.0,1.0,NONE,False,False,0.0503,LOW_RISK,1,False,0.0193
prod_20000891,20000891,1000288,Consumer Electronics,4.74,0,0,0,0,0.0,0.0,0.0,0,3.6e-05,758,0.0,1.0,NONE,False,False,0.0374,LOW_RISK,1,False,0.0194
prod_20002202,20002202,1000157,Jewelry & Accessories,4.74,0,0,0,0,0.0,0.0,0.0,0,3.6e-05,71,0.0,1.0,NONE,False,False,0.046,LOW_RISK,1,False,0.0194
prod_20002851,20002851,1000196,Jewelry & Accessories,4.74,0,0,0,0,0.0,0.0,0.0,0,3.6e-05,705,0.0,1.0,NONE,False,False,0.0445,LOW_RISK,1,False,0.0194
prod_20003779,20003779,1000488,Phones & Telecommunications,4.74,0,0,0,0,0.0,0.0,0.0,0,3.6e-05,849,0.0,1.0,NONE,False,False,0.0323,LOW_RISK,1,False,0.0194
prod_20004656,20004656,1000335,Computer & Office,4.74,0,0,0,0,0.0,0.0,0.0,0,3.6e-05,276,0.0,1.0,NONE,False,False,0.0439,LOW_RISK,1,False,0.0194
prod_20002716,20002716,1000479,Automotive,4.74,0,0,0,0,0.0,0.0,0.0,0,3.6e-05,820,0.0,1.0,NONE,False,False,0.0517,LOW_RISK,1,False,0.0194
prod_20001007,20001007,1000002,Consumer Electronics,4.74,0,0,0,0,0.0,0.0,0.0,0,3.6e-05,567,0.0,1.0,ELEC_SHOCK,True,True,0.2403,MODERATE_RISK,1,False,0.0194
prod_20003761,20003761,1000211,Phones & Telecommunications,3.0,1,4,4,1,0.0651,0.25,0.0053,4,5.6e-05,282,0.013,0.007,UNCERTIFIED_MED,False,True,0.1388,LOW_RISK,1,False,0.0194
prod_20001400,20001400,1000177,Sports & Entertainment,4.15,0,0,0,0,0.0,0.0,0.0,0,3.6e-05,854,0.0,1.0,NONE,False,False,0.0345,LOW_RISK,1,False,0.0195
prod_20001847,20001847,1000329,Jewelry & Accessories,4.15,0,0,0,0,0.0,0.0,0.0,0,3.6e-05,184,0.0,1.0,NONE,False,False,0.1277,LOW_RISK,1,False,0.0195
prod_20000556,20000556,1000113,Home & Garden,5.0,5,15,15,1,0.0657,0.1111,0.0017,14,0.000128,673,0.1911,0.02,NONE,False,False,0.065,LOW_RISK,1,False,0.0195
prod_20003870,20003870,1000338,Jewelry & Accessories,4.15,0,0,0,0,0.0,0.0,0.0,0,3.6e-05,123,0.0,1.0,NONE,False,False,0.0505,LOW_RISK,1,False,0.0195
prod_20004412,20004412,1000110,Phones & Telecommunications,4.15,0,0,0,0,0.0,0.0,0.0,0,3.6e-05,652,0.0,1.0,NONE,False,False,0.0303,LOW_RISK,1,False,0.0195
prod_20001767,20001767,1000373,Phones & Telecommunications,4.15,0,0,0,0,0.0,0.0,0.0,0,3.6e-05,13,0.0,1.0,NONE,False,False,0.0524,LOW_RISK,1,False,0.0195
prod_20003639,20003639,1000332,Computer & Office,4.15,0,0,0,0,0.0,0.0,0.0,0,3.6e-05,319,0.0,1.0,NONE,False,False,0.0587,LOW_RISK,1,False,0.0195
prod_20001610,20001610,1000398,Sports & Entertainment,4.15,0,0,0,0,0.0,0.0,0.0,0,3.6e-05,461,0.0,1.0,UNCERTIFIED_MED,False,True,0.0467,LOW_RISK,1,False,0.0195
prod_20001188,20001188,1000022,Automotive,4.15,0,0,0,0,0.0,0.0,0.0,0,3.6e-05,634,0.0,1.0,NONE,False,False,0.117,LOW_RISK,1,False,0.0195
prod_20002563,20002563,1000130,Phones & Telecommunications,4.55,22,64,65,2,0.0224,0.0455,0.0007,34,0.000352,282,0.013,0.007,NONE,False,False,0.0979,LOW_RISK,1,False,0.0195
prod_20003708,20003708,1000223,Sports & Entertainment,5.0,1,8,8,1,0.1067,0.5,0.0035,8,7.5e-05,714,0.0141,0.006,NONE,False,False,0.0552,LOW_RISK,1,False,0.0196
prod_20000063,20000063,1000029,Tools & Home Improvement,4.67,6,19,23,2,0.0753,0.1429,0.0013,18,0.000176,730,0.1959,0.013,NONE,False,False,0.0758,LOW_RISK,1,False,0.0196
prod_20000533,20000533,1000376,Jewelry & Accessories,4.57,7,17,17,1,0.0626,0.1,0.0008,15,0.000146,673,0.1911,0.02,NONE,False,False,0.0786,LOW_RISK,1,False,0.0197
prod_20000301,20000301,1000360,Jewelry & Accessories,4.83,12,37,43,3,0.0542,0.1304,0.001,20,0.000293,270,0.1973,0.02,NONE,False,False,0.1181,LOW_RISK,1,False,0.0197
prod_20001908,20001908,1000217,Consumer Electronics,4.0,24,65,69,3,0.0198,0.0417,0.0012,37,0.000412,282,0.013,0.007,NONE,False,False,0.1092,LOW_RISK,1,False,0.0197
prod_20000469,20000469,1000439,Consumer Electronics,4.91,11,29,33,3,0.0577,0.1875,0.001,19,0.000246,673,0.1911,0.02,NONE,False,False,0.09,LOW_RISK,1,False,0.0198
prod_20000085,20000085,1000405,Tools & Home Improvement,4.94,17,43,50,2,0.044,0.087,0.0009,19,0.000346,730,0.1959,0.013,NONE,False,False,0.1081,LOW_RISK,1,False,0.0198
prod_20003540,20003540,1000407,Jewelry & Accessories,4.12,25,65,77,6,0.0192,0.04,0.0013,37,0.000406,714,0.0141,0.006,NONE,False,False,0.1137,LOW_RISK,1,False,0.0199
prod_20002230,20002230,1000246,Sports & Entertainment,5.0,1,6,6,1,0.016,0.0385,0.0044,6,6.1e-05,923,0.0278,0.022,NONE,False,False,0.0611,LOW_RISK,1,False,0.0199
prod_20000632,20000632,1000141,Computer & Office,4.75,8,23,27,3,0.0648,0.15,0.0012,19,0.000203,497,0.1926,0.013,NONE,False,False,0.0739,LOW_RISK,1,False,0.0199
prod_20004293,20004293,1000342,Jewelry & Accessories,4.13,0,0,0,0,0.0,0.0,0.0,0,3.6e-05,290,0.0,1.0,NONE,False,False,0.1106,LOW_RISK,1,False,0.0199
prod_20001484,20001484,1000391,Automotive,4.13,0,0,0,0,0.0,0.0,0.0,0,3.6e-05,891,0.0,1.0,NONE,False,False,0.0464,LOW_RISK,1,False,0.0199
prod_20002235,20002235,1000163,Jewelry & Accessories,4.12,24,73,80,3,0.0206,0.0417,0.0011,37,0.000435,282,0.013,0.007,NONE,False,False,0.1182,LOW_RISK,1,False,0.0202
prod_20002715,20002715,1000401,Sports & Entertainment,4.14,22,76,80,3,0.0201,0.0435,0.0012,41,0.000423,714,0.0141,0.006,NONE,False,False,0.1217,LOW_RISK,1,False,0.0202
prod_20000514,20000514,1000461,Home & Garden,4.91,11,35,42,3,0.0595,0.1364,0.0009,19,0.000307,673,0.1911,0.02,NONE,False,False,0.2113,MODERATE_RISK,1,False,0.0203
prod_20000058,20000058,1000034,Jewelry & Accessories,4.88,8,22,22,1,0.0663,0.0833,0.0007,17,0.000182,730,0.1959,0.013,NONE,False,False,0.0985,LOW_RISK,1,False,0.0203
prod_20001111,20001111,1000054,Consumer Electronics,4.75,0,0,0,0,0.0,0.0,0.0,0,3.6e-05,143,0.0,1.0,NONE,False,False,0.0522,LOW_RISK,1,False,0.0204
prod_20001016,20001016,1000485,Automotive,4.75,0,0,0,0,0.0,0.0,0.0,0,3.6e-05,377,0.0,1.0,CHEM_TOXIC,True,True,0.2822,MODERATE_RISK,1,False,0.0204
prod_20000908,20000908,1000468,Phones & Telecommunications,4.75,0,0,0,0,0.0,0.0,0.0,0,3.6e-05,158,0.0,1.0,CHOKE_CHILD,False,True,0.0445,LOW_RISK,1,False,0.0204
prod_20002361,20002361,1000051,Home & Garden,4.5,2,6,6,1,0.1681,0.3333,0.0012,5,8.1e-05,501,0.0146,0.015,NONE,False,False,0.0672,LOW_RISK,1,False,0.0204
prod_20004457,20004457,1000428,Tools & Home Improvement,4.75,0,0,0,0,0.0,0.0,0.0,0,3.6e-05,664,0.0,1.0,NONE,False,False,0.044,LOW_RISK,1,False,0.0204
prod_20003498,20003498,1000073,Phones & Telecommunications,4.75,0,0,0,0,0.0,0.0,0.0,0,3.6e-05,713,0.0,1.0,CHOKE_CHILD,False,True,0.1238,LOW_RISK,1,False,0.0204
prod_20002461,20002461,1000133,Computer & Office,4.75,0,0,0,0,0.0,0.0,0.0,0,3.6e-05,860,0.0,1.0,NONE,False,False,0.0596,LOW_RISK,1,False,0.0204
prod_20004236,20004236,1000303,Tools & Home Improvement,4.75,0,0,0,0,0.0,0.0,0.0,0,3.6e-05,534,0.0,1.0,NONE,False,False,0.0474,LOW_RISK,1,False,0.0204
prod_20002999,20002999,1000046,Automotive,4.75,0,0,0,0,0.0,0.0,0.0,0,3.6e-05,475,0.0,1.0,NONE,False,False,0.0394,LOW_RISK,1,False,0.0204
prod_20002084,20002084,1000110,Jewelry & Accessories,5.0,1,1,1,1,0.1,0.1,0.0,1,4.1e-05,714,0.0141,0.006,NONE,False,False,0.0323,LOW_RISK,1,False,0.0204
prod_20000661,20000661,1000358,Home & Garden,4.83,12,33,42,3,0.0612,0.15,0.0011,19,0.000297,497,0.1926,0.013,NONE,False,False,0.098,LOW_RISK,1,False,0.0205
prod_20002867,20002867,1000175,Automotive,4.5,2,2,2,1,0.0103,0.02,0.0058,2,4.4e-05,282,0.013,0.007,NONE,False,False,0.0355,LOW_RISK,1,False,0.0205
prod_20000064,20000064,1000039,Phones & Telecommunications,4.83,6,13,14,2,0.0696,0.1053,0.001,13,0.000124,730,0.1959,0.013,NONE,False,False,0.08,LOW_RISK,1,False,0.0205
prod_20000156,20000156,1000018,Home & Garden,4.8,15,42,43,2,0.0418,0.0769,0.0008,20,0.000307,816,0.1923,0.02,CHEM_TOXIC,True,True,0.2553,MODERATE_RISK,1,False,0.0205
prod_20000808,20000808,1000467,Tools & Home Improvement,2.0,1,5,5,1,0.0826,0.3333,0.0035,5,6e-05,714,0.0141,0.006,NONE,False,False,0.0381,LOW_RISK,1,False,0.0205
prod_20000420,20000420,1000433,Tools & Home Improvement,4.91,11,36,44,3,0.0601,0.1071,0.0011,20,0.000302,270,0.1973,0.02,NONE,False,False,0.1007,LOW_RISK,1,False,0.0206
prod_20000200,20000200,1000435,Computer & Office,4.91,11,34,40,3,0.0598,0.1429,0.0009,20,0.00029,816,0.1923,0.02,NONE,False,False,0.0866,LOW_RISK,1,False,0.0206
prod_20000269,20000269,1000020,Consumer Electronics,4.83,6,16,17,2,0.0736,0.1538,0.001,16,0.000144,816,0.1923,0.02,NONE,False,False,0.063,LOW_RISK,1,False,0.021
prod_20000586,20000586,1000198,Sports & Entertainment,5.0,5,15,15,1,0.0638,0.0833,0.0011,15,0.000128,673,0.1911,0.02,NONE,False,False,0.0764,LOW_RISK,1,False,0.021
prod_20000101,20000101,1000273,Home & Garden,4.8,5,20,20,1,0.0748,0.125,0.0011,17,0.00016,730,0.1959,0.013,NONE,False,False,0.0726,LOW_RISK,1,False,0.021
prod_20000425,20000425,1000106,Tools & Home Improvement,5.0,12,34,41,3,0.0546,0.1176,0.0011,20,0.000281,270,0.1973,0.02,NONE,False,False,0.109,LOW_RISK,1,False,0.021
prod_20002853,20002853,1000333,Consumer Electronics,4.0,3,12,12,1,0.0982,0.3333,0.0023,9,0.000107,923,0.0278,0.022,UNCERTIFIED_MED,False,True,0.0916,LOW_RISK,1,False,0.021
prod_20000507,20000507,1000220,Jewelry & Accessories,4.8,5,16,17,2,0.0763,0.1111,0.0011,14,0.000145,673,0.1911,0.02,NONE,False,False,0.0679,LOW_RISK,1,False,0.0211
prod_20001305,20001305,1000370,Tools & Home Improvement,3.95,20,60,70,5,0.0198,0.0476,0.0017,38,0.000356,714,0.0141,0.006,ELEC_SHOCK,False,True,0.1108,LOW_RISK,1,False,0.0211
prod_20000450,20000450,1000017,Phones & Telecommunications,5.0,11,40,42,3,0.0503,0.1429,0.001,19,0.000295,673,0.1911,0.02,NONE,False,False,0.0983,LOW_RISK,1,False,0.0211
prod_20003584,20003584,1000364,Automotive,4.36,22,70,78,4,0.0207,0.0455,0.0013,39,0.000409,282,0.013,0.007,NONE,False,False,0.1142,LOW_RISK,1,False,0.0213
prod_20000395,20000395,1000304,Consumer Electronics,5.0,7,16,16,1,0.0596,0.0833,0.0011,16,0.000132,270,0.1973,0.02,NONE,False,False,0.0666,LOW_RISK,1,False,0.0213
prod_20000494,20000494,1000015,Automotive,4.88,16,42,50,2,0.0479,0.1,0.0009,19,0.000353,673,0.1911,0.02,NONE,False,False,0.1121,LOW_RISK,1,False,0.0214
prod_20002121,20002121,1000218,Automotive,4.6,20,63,67,2,0.0239,0.05,0.001,35,0.000383,282,0.013,0.007,NONE,False,False,0.1113,LOW_RISK,1,False,0.0214
prod_20000388,20000388,1000194,Home & Garden,5.0,13,33,40,3,0.0566,0.1304,0.001,20,0.000283,270,0.1973,0.02,CHEM_TOXIC,False,True,0.1203,LOW_RISK,1,False,0.0215
prod_20003472,20003472,1000474,Computer & Office,4.16,0,0,0,0,0.0,0.0,0.0,0,3.6e-05,917,0.0,1.0,NONE,False,False,0.0468,LOW_RISK,1,False,0.0215
prod_20001534,20001534,1000370,Computer & Office,4.16,0,0,0,0,0.0,0.0,0.0,0,3.6e-05,479,0.0,1.0,NONE,False,False,0.0436,LOW_RISK,1,False,0.0215
prod_20002169,20002169,1000121,Phones & Telecommunications,4.16,0,0,0,0,0.0,0.0,0.0,0,3.6e-05,167,0.0,1.0,NONE,False,False,0.0339,LOW_RISK,1,False,0.0215
prod_20000761,20000761,1000419,Sports & Entertainment,4.16,0,0,0,0,0.0,0.0,0.0,0,3.6e-05,724,0.0,1.0,NONE,False,False,0.052,LOW_RISK,1,False,0.0215
prod_20003726,20003726,1000123,Consumer Electronics,4.16,0,0,0,0,0.0,0.0,0.0,0,3.6e-05,809,0.0,1.0,NONE,False,False,0.0424,LOW_RISK,1,False,0.0215
prod_20000026,20000026,1000028,Consumer Electronics,4.91,11,30,36,3,0.0612,0.1667,0.001,19,0.00026,730,0.1959,0.013,NONE,False,False,0.0945,LOW_RISK,1,False,0.0215
prod_20000667,20000667,1000004,Tools & Home Improvement,5.0,5,14,14,1,0.0697,0.1,0.0011,13,0.000126,497,0.1926,0.013,NONE,False,False,0.1035,LOW_RISK,1,False,0.0215
prod_20004549,20004549,1000255,Home & Garden,4.16,0,0,0,0,0.0,0.0,0.0,0,3.6e-05,55,0.0,1.0,NONE,False,False,0.0537,LOW_RISK,1,False,0.0215
prod_20001268,20001268,1000118,Phones & Telecommunications,4.16,0,0,0,0,0.0,0.0,0.0,0,3.6e-05,25,0.0,1.0,NONE,False,False,0.0308,LOW_RISK,1,False,0.0215
prod_20004851,20004851,1000013,Consumer Electronics,4.16,0,0,0,0,0.0,0.0,0.0,0,3.6e-05,651,0.0,1.0,NONE,False,False,0.0411,LOW_RISK,1,False,0.0215
prod_20001842,20001842,1000418,Home & Garden,4.16,0,0,0,0,0.0,0.0,0.0,0,3.6e-05,101,0.0,1.0,NONE,False,False,0.0811,LOW_RISK,1,False,0.0215
prod_20000669,20000669,1000067,Jewelry & Accessories,5.0,16,37,44,3,0.0477,0.12,0.0011,19,0.000311,497,0.1926,0.013,NONE,False,False,0.099,LOW_RISK,1,False,0.0217
prod_20000591,20000591,1000068,Tools & Home Improvement,5.0,5,17,18,2,0.0731,0.1176,0.0014,17,0.000148,673,0.1911,0.02,UNCERTIFIED_MED,False,True,0.1307,LOW_RISK,1,False,0.0217
prod_20001030,20001030,1000353,Phones & Telecommunications,5.0,1,2,2,1,0.0131,0.0256,0.0058,2,4.4e-05,714,0.0141,0.006,NONE,False,False,0.0356,LOW_RISK,1,False,0.0217
prod_20000339,20000339,1000263,Tools & Home Improvement,4.8,15,42,49,2,0.0482,0.1,0.001,20,0.000333,270,0.1973,0.02,NONE,False,False,0.1321,LOW_RISK,1,False,0.0217
prod_20003196,20003196,1000254,Phones & Telecommunications,3.86,21,67,77,5,0.0223,0.0476,0.0013,35,0.000401,714,0.0141,0.006,NONE,False,False,0.125,LOW_RISK,1,False,0.0218
prod_20000346,20000346,1000334,Tools & Home Improvement,5.0,7,22,26,2,0.0739,0.1429,0.0012,19,0.000193,270,0.1973,0.02,ELEC_SHOCK,False,True,0.1551,MODERATE_RISK,1,False,0.0218
prod_20003226,20003226,1000436,Jewelry & Accessories,4.47,19,66,77,5,0.0222,0.0526,0.0015,39,0.000402,714,0.0141,0.006,NONE,False,False,0.1121,LOW_RISK,1,False,0.0219
prod_20000319,20000319,1000334,Jewelry & Accessories,5.0,6,16,16,1,0.0655,0.1111,0.0011,15,0.000132,270,0.1973,0.02,NONE,False,False,0.1447,LOW_RISK,1,False,0.0219
prod_20000114,20000114,1000452,Tools & Home Improvement,5.0,7,14,14,1,0.0615,0.0833,0.0009,14,0.000123,730,0.1959,0.013,NONE,False,False,0.0646,LOW_RISK,1,False,0.022
prod_20000004,20000004,1000475,Automotive,5.0,5,26,26,1,0.0702,0.1,0.0012,19,0.000196,730,0.1959,0.013,ELEC_SHOCK,False,True,0.1475,LOW_RISK,1,False,0.0221
prod_20001975,20001975,1000356,Computer & Office,4.17,24,60,69,6,0.0218,0.0556,0.0012,33,0.000372,282,0.013,0.007,ELEC_SHOCK,False,True,0.1595,MODERATE_RISK,1,False,0.0222
prod_20000369,20000369,1000029,Jewelry & Accessories,4.73,11,30,35,3,0.0577,0.15,0.001,20,0.000251,270,0.1973,0.02,NONE,False,False,0.0984,LOW_RISK,1,False,0.0223
prod_20004600,20004600,1000205,Consumer Electronics,4.19,16,58,67,6,0.0262,0.0588,0.0013,35,0.000349,282,0.013,0.007,NONE,False,False,0.1083,LOW_RISK,1,False,0.0223
prod_20003686,20003686,1000340,Tools & Home Improvement,3.92,24,63,68,2,0.0216,0.0435,0.001,35,0.00042,714,0.0141,0.006,NONE,False,False,0.1159,LOW_RISK,1,False,0.0224
prod_20002818,20002818,1000286,Jewelry & Accessories,4.45,20,66,76,3,0.0203,0.05,0.0015,40,0.00038,714,0.0141,0.006,NONE,False,False,0.1109,LOW_RISK,1,False,0.0224
prod_20000559,20000559,1000012,Jewelry & Accessories,4.92,13,37,45,3,0.0558,0.1429,0.001,19,0.000316,673,0.1911,0.02,NONE,False,False,0.0884,LOW_RISK,1,False,0.0225
prod_20002360,20002360,1000293,Phones & Telecommunications,3.9,21,63,71,4,0.0227,0.0476,0.0013,34,0.00038,282,0.013,0.007,NONE,False,False,0.1141,LOW_RISK,1,False,0.0225
prod_20003447,20003447,1000371,Jewelry & Accessories,3.35,20,54,62,4,0.021,0.0476,0.0016,34,0.000322,714,0.0141,0.006,NONE,False,False,0.2361,MODERATE_RISK,1,False,0.0225
prod_20000179,20000179,1000064,Phones & Telecommunications,5.0,10,25,29,3,0.0632,0.15,0.0009,19,0.000225,816,0.1923,0.02,NONE,False,False,0.0921,LOW_RISK,1,False,0.0225
prod_20003067,20003067,1000246,Phones & Telecommunications,2.0,1,3,3,1,0.016,0.0303,0.0041,3,4.8e-05,714,0.0141,0.006,NONE,False,False,0.0568,LOW_RISK,1,False,0.0226
prod_20000182,20000182,1000078,Jewelry & Accessories,4.82,11,35,35,1,0.0487,0.0714,0.0008,20,0.000259,816,0.1923,0.02,NONE,False,False,0.1562,MODERATE_RISK,1,False,0.0226
prod_20001849,20001849,1000440,Automotive,3.5,16,42,47,3,0.0217,0.0625,0.0019,32,0.000261,501,0.0146,0.015,CHEM_TOXIC,False,True,0.0916,LOW_RISK,1,False,0.0226
prod_20000589,20000589,1000088,Automotive,5.0,6,16,17,2,0.0668,0.1538,0.0011,15,0.000141,673,0.1911,0.02,NONE,False,False,0.0578,LOW_RISK,1,False,0.0227
prod_20004524,20004524,1000405,Computer & Office,5.0,3,12,14,3,0.0366,0.2,0.0047,12,9.6e-05,714,0.0141,0.006,NONE,False,False,0.069,LOW_RISK,1,False,0.0227
prod_20001848,20001848,1000118,Home & Garden,3.89,19,58,66,3,0.0204,0.05,0.0016,39,0.000358,714,0.0141,0.006,NONE,False,False,0.0963,LOW_RISK,1,False,0.0227
prod_20004275,20004275,1000406,Tools & Home Improvement,4.19,21,74,80,3,0.0217,0.0455,0.0011,40,0.00042,714,0.0141,0.006,CHOKE_CHILD,True,True,0.2789,MODERATE_RISK,1,False,0.0227
prod_20000345,20000345,1000154,Consumer Electronics,4.8,10,33,38,2,0.0594,0.1538,0.0012,20,0.000263,270,0.1973,0.02,NONE,False,False,0.1247,LOW_RISK,1,False,0.0227
prod_20000651,20000651,1000457,Consumer Electronics,5.0,9,25,31,3,0.067,0.1333,0.0012,19,0.000229,497,0.1926,0.013,NONE,False,False,0.0773,LOW_RISK,1,False,0.0227
prod_20004614,20004614,1000400,Sports & Entertainment,4.0,1,3,3,1,0.0677,0.2,0.0062,3,5e-05,714,0.0141,0.006,NONE,False,False,0.0465,LOW_RISK,1,False,0.0228
prod_20002082,20002082,1000241,Jewelry & Accessories,4.05,20,68,73,3,0.0233,0.05,0.0011,38,0.000394,282,0.013,0.007,NONE,False,False,0.1238,LOW_RISK,1,False,0.0229
prod_20002382,20002382,1000492,Jewelry & Accessories,4.15,20,65,68,3,0.0219,0.05,0.001,39,0.000359,282,0.013,0.007,NONE,False,False,0.113,LOW_RISK,1,False,0.0229
prod_20000094,20000094,1000172,Computer & Office,4.83,12,42,49,2,0.0579,0.1429,0.0009,19,0.000345,730,0.1959,0.013,NONE,False,False,0.109,LOW_RISK,1,False,0.0229
prod_20000672,20000672,1000160,Tools & Home Improvement,4.6,5,19,21,2,0.0747,0.1538,0.0012,18,0.000166,497,0.1926,0.013,NONE,False,False,0.0653,LOW_RISK,1,False,0.0229
prod_20004035,20004035,1000407,Home & Garden,4.73,0,0,0,0,0.0,0.0,0.0,0,3.6e-05,838,0.0,1.0,NONE,False,False,0.0419,LOW_RISK,1,False,0.023
prod_20002043,20002043,1000084,Jewelry & Accessories,3.8,20,63,65,2,0.0229,0.05,0.001,36,0.000369,714,0.0141,0.006,NONE,False,False,0.1528,MODERATE_RISK,1,False,0.023
prod_20002662,20002662,1000031,Sports & Entertainment,4.73,0,0,0,0,0.0,0.0,0.0,0,3.6e-05,162,0.0,1.0,NONE,False,False,0.0344,LOW_RISK,1,False,0.023
prod_20003009,20003009,1000451,Automotive,4.73,0,0,0,0,0.0,0.0,0.0,0,3.6e-05,106,0.0,1.0,NONE,False,False,0.0563,LOW_RISK,1,False,0.023
prod_20004311,20004311,1000137,Jewelry & Accessories,4.17,0,0,0,0,0.0,0.0,0.0,0,3.6e-05,366,0.0,1.0,NONE,False,False,0.0606,LOW_RISK,1,False,0.023
prod_20002168,20002168,1000354,Computer & Office,4.73,0,0,0,0,0.0,0.0,0.0,0,3.6e-05,499,0.0,1.0,NONE,False,False,0.0372,LOW_RISK,1,False,0.023
prod_20002198,20002198,1000184,Sports & Entertainment,4.73,0,0,0,0,0.0,0.0,0.0,0,3.6e-05,511,0.0,1.0,NONE,False,False,0.0511,LOW_RISK,1,False,0.023
prod_20002832,20002832,1000032,Phones & Telecommunications,4.17,0,0,0,0,0.0,0.0,0.0,0,3.6e-05,312,0.0,1.0,NONE,False,False,0.0445,LOW_RISK,1,False,0.023
prod_20003601,20003601,1000108,Consumer Electronics,4.73,0,0,0,0,0.0,0.0,0.0,0,3.6e-05,565,0.0,1.0,NONE,False,False,0.0507,LOW_RISK,1,False,0.023
prod_20001516,20001516,1000111,Phones & Telecommunications,4.73,0,0,0,0,0.0,0.0,0.0,0,3.6e-05,502,0.0,1.0,NONE,False,False,0.0545,LOW_RISK,1,False,0.023
prod_20000103,20000103,1000188,Jewelry & Accessories,5.0,7,27,27,1,0.0635,0.0769,0.0008,19,0.000206,730,0.1959,0.013,NONE,False,False,0.0788,LOW_RISK,1,False,0.0231
prod_20000447,20000447,1000086,Tools & Home Improvement,4.75,8,17,21,2,0.0701,0.125,0.0013,16,0.000161,270,0.1973,0.02,NONE,False,False,0.0835,LOW_RISK,1,False,0.0233
prod_20000432,20000432,1000238,Tools & Home Improvement,4.86,7,27,27,1,0.0654,0.0909,0.001,20,0.000201,270,0.1973,0.02,NONE,False,False,0.0947,LOW_RISK,1,False,0.0233
prod_20000053,20000053,1000078,Phones & Telecommunications,5.0,7,17,19,2,0.0706,0.1667,0.0013,16,0.000154,730,0.1959,0.013,NONE,False,False,0.1462,LOW_RISK,1,False,0.0233
prod_20004854,20004854,1000336,Home & Garden,5.0,1,2,2,1,0.1678,0.3333,0.003,2,4.8e-05,714,0.0141,0.006,NONE,False,False,0.1249,LOW_RISK,1,False,0.0234
prod_20000283,20000283,1000026,Jewelry & Accessories,5.0,6,17,17,1,0.0715,0.1,0.0009,15,0.000148,816,0.1923,0.02,NONE,False,False,0.0607,LOW_RISK,1,False,0.0234
prod_20001498,20001498,1000215,Automotive,3.9,21,54,63,6,0.0205,0.0455,0.0016,35,0.000334,714,0.0141,0.006,NONE,False,False,0.1122,LOW_RISK,1,False,0.0234
prod_20004617,20004617,1000113,Home & Garden,5.0,2,8,8,1,0.0898,0.5,0.0022,7,8.1e-05,501,0.0146,0.015,NONE,False,False,0.0484,LOW_RISK,1,False,0.0235
prod_20004797,20004797,1000054,Phones & Telecommunications,4.42,24,71,79,4,0.0185,0.04,0.0015,39,0.0004,714,0.0141,0.006,NONE,False,False,0.117,LOW_RISK,1,False,0.0235
prod_20002442,20002442,1000355,Consumer Electronics,5.0,1,9,9,1,0.0969,0.5,0.0032,9,7.7e-05,714,0.0141,0.006,NONE,False,False,0.0523,LOW_RISK,1,False,0.0236
prod_20000361,20000361,1000424,Home & Garden,5.0,8,18,19,2,0.0641,0.1333,0.0013,17,0.000151,270,0.1973,0.02,NONE,False,False,0.0872,LOW_RISK,1,False,0.0236
prod_20000016,20000016,1000079,Computer & Office,5.0,16,43,47,2,0.0432,0.087,0.0009,19,0.000328,730,0.1959,0.013,NONE,False,False,0.0908,LOW_RISK,1,False,0.0237
prod_20003910,20003910,1000396,Phones & Telecommunications,3.79,19,60,69,4,0.0208,0.05,0.0016,37,0.000354,714,0.0141,0.006,NONE,False,False,0.1032,LOW_RISK,1,False,0.0237
prod_20003086,20003086,1000105,Consumer Electronics,3.75,20,60,68,5,0.0217,0.0476,0.0013,36,0.000349,714,0.0141,0.006,NONE,False,False,0.1101,LOW_RISK,1,False,0.0237
prod_20001237,20001237,1000168,Automotive,3.67,15,51,58,6,0.0236,0.0667,0.0018,34,0.000304,714,0.0141,0.006,NONE,False,False,0.1107,LOW_RISK,1,False,0.0238
prod_20002801,20002801,1000348,Tools & Home Improvement,3.5,2,8,8,1,0.1012,0.5,0.0025,7,7.8e-05,714,0.0141,0.006,NONE,False,False,0.0603,LOW_RISK,1,False,0.0238
prod_20000575,20000575,1000094,Computer & Office,5.0,4,20,20,1,0.0693,0.1111,0.0012,19,0.00016,673,0.1911,0.02,NONE,False,False,0.1099,LOW_RISK,1,False,0.0238
prod_20004237,20004237,1000332,Jewelry & Accessories,3.0,1,1,1,1,0.0357,0.0357,0.0,1,4e-05,282,0.013,0.007,NONE,False,False,0.0599,LOW_RISK,1,False,0.0238
prod_20004085,20004085,1000018,Jewelry & Accessories,4.31,13,44,46,3,0.0264,0.0769,0.0017,29,0.000269,923,0.0278,0.022,NONE,False,False,0.1285,LOW_RISK,1,False,0.0239
prod_20000504,20000504,1000482,Automotive,4.57,7,22,22,1,0.0596,0.0769,0.0009,19,0.000173,673,0.1911,0.02,NONE,False,False,0.0835,LOW_RISK,1,False,0.0239
prod_20000139,20000139,1000499,Tools & Home Improvement,5.0,6,15,16,2,0.0691,0.1429,0.0011,14,0.000137,730,0.1959,0.013,NONE,False,False,0.0729,LOW_RISK,1,False,0.0239
prod_20003716,20003716,1000148,Sports & Entertainment,4.17,24,73,81,2,0.0195,0.0417,0.0011,40,0.000418,714,0.0141,0.006,NONE,False,False,0.1251,LOW_RISK,1,False,0.0239
prod_20003681,20003681,1000352,Computer & Office,5.0,1,4,4,1,0.0238,0.0714,0.0048,4,5.3e-05,923,0.0278,0.022,NONE,False,False,0.0459,LOW_RISK,1,False,0.0239
prod_20000734,20000734,1000411,Sports & Entertainment,4.82,11,35,38,3,0.0546,0.1667,0.001,19,0.000276,497,0.1926,0.013,NONE,False,False,0.0833,LOW_RISK,1,False,0.024
prod_20000335,20000335,1000131,Computer & Office,4.9,10,42,47,2,0.0597,0.125,0.001,20,0.000321,270,0.1973,0.02,ELEC_SHOCK,False,True,0.2444,MODERATE_RISK,1,False,0.024
prod_20000417,20000417,1000271,Computer & Office,4.83,6,19,20,2,0.0673,0.1538,0.0012,18,0.000156,270,0.1973,0.02,NONE,False,False,0.0842,LOW_RISK,1,False,0.024
prod_20003802,20003802,1000004,Tools & Home Improvement,3.0,3,6,7,2,0.0239,0.0556,0.0048,6,6.6e-05,714,0.0141,0.006,NONE,False,False,0.0992,LOW_RISK,1,False,0.0242
prod_20004382,20004382,1000472,Automotive,5.0,1,5,5,1,0.0218,0.0714,0.0046,5,5.7e-05,923,0.0278,0.022,NONE,False,False,0.0492,LOW_RISK,1,False,0.0242
prod_20000545,20000545,1000216,Sports & Entertainment,4.91,11,34,41,3,0.061,0.1364,0.001,19,0.000294,673,0.1911,0.02,NONE,False,False,0.0961,LOW_RISK,1,False,0.0242
prod_20000126,20000126,1000131,Home & Garden,5.0,13,44,47,2,0.0477,0.0909,0.0009,19,0.000325,730,0.1959,0.013,ELEC_SHOCK,False,True,0.2409,MODERATE_RISK,1,False,0.0242
prod_20000512,20000512,1000006,Automotive,5.0,10,29,36,2,0.0652,0.1538,0.0013,19,0.000258,673,0.1911,0.02,NONE,False,False,0.1201,LOW_RISK,1,False,0.0243
prod_20000602,20000602,1000248,Computer & Office,5.0,10,33,36,3,0.0577,0.1667,0.0009,19,0.000264,497,0.1926,0.013,NONE,False,False,0.0914,LOW_RISK,1,False,0.0244
prod_20000557,20000557,1000191,Sports & Entertainment,4.9,10,24,26,3,0.0582,0.1667,0.001,19,0.0002,673,0.1911,0.02,NONE,False,False,0.0792,LOW_RISK,1,False,0.0244
prod_20000716,20000716,1000005,Computer & Office,5.0,7,21,22,2,0.0691,0.2,0.0009,18,0.000178,497,0.1926,0.013,NONE,False,False,0.0805,LOW_RISK,1,False,0.0245
prod_20002241,20002241,1000099,Computer & Office,4.33,21,67,75,5,0.0198,0.0455,0.0014,38,0.000378,714,0.0141,0.006,NONE,False,False,0.1144,LOW_RISK,1,False,0.0245
prod_20000194,20000194,1000062,Computer & Office,5.0,7,14,15,2,0.0612,0.1176,0.0013,14,0.000131,816,0.1923,0.02,NONE,False,False,0.0613,LOW_RISK,1,False,0.0246
prod_20002524,20002524,1000235,Jewelry & Accessories,3.6,5,12,13,2,0.0237,0.0667,0.0035,12,9.3e-05,923,0.0278,0.022,NONE,False,False,0.108,LOW_RISK,1,False,0.0246
prod_20002778,20002778,1000082,Phones & Telecommunications,4.18,0,0,0,0,0.0,0.0,0.0,0,3.6e-05,116,0.0,1.0,NONE,False,False,0.0548,LOW_RISK,1,False,0.0247
prod_20000227,20000227,1000021,Consumer Electronics,5.0,7,17,17,1,0.0612,0.0769,0.0009,17,0.000144,816,0.1923,0.02,NONE,False,False,0.063,LOW_RISK,1,False,0.0247
prod_20004025,20004025,1000337,Computer & Office,4.18,0,0,0,0,0.0,0.0,0.0,0,3.6e-05,606,0.0,1.0,NONE,False,False,0.0394,LOW_RISK,1,False,0.0247
prod_20003856,20003856,1000249,Phones & Telecommunications,4.18,0,0,0,0,0.0,0.0,0.0,0,3.6e-05,579,0.0,1.0,NONE,False,False,0.0887,LOW_RISK,1,False,0.0247
prod_20004577,20004577,1000020,Phones & Telecommunications,4.18,0,0,0,0,0.0,0.0,0.0,0,3.6e-05,206,0.0,1.0,NONE,False,False,0.0405,LOW_RISK,1,False,0.0247
prod_20003883,20003883,1000025,Home & Garden,4.05,20,62,70,4,0.0196,0.05,0.0016,39,0.000376,714,0.0141,0.006,NONE,False,False,0.1467,LOW_RISK,1,False,0.0248
prod_20000386,20000386,1000387,Consumer Electronics,4.86,7,20,20,1,0.0603,0.1,0.0012,18,0.000156,270,0.1973,0.02,NONE,False,False,0.0801,LOW_RISK,1,False,0.0249
prod_20001943,20001943,1000121,Jewelry & Accessories,1.0,1,3,3,1,0.0237,0.05,0.0033,3,4.9e-05,282,0.013,0.007,NONE,False,False,0.0397,LOW_RISK,1,False,0.0249
prod_20000407,20000407,1000347,Sports & Entertainment,4.92,13,34,41,3,0.0522,0.1304,0.001,20,0.000282,270,0.1973,0.02,NONE,False,False,0.1194,LOW_RISK,1,False,0.0249
prod_20002060,20002060,1000120,Home & Garden,5.0,2,9,9,1,0.1123,0.5,0.0023,7,8.6e-05,282,0.013,0.007,NONE,False,False,0.0538,LOW_RISK,1,False,0.025
prod_20004650,20004650,1000439,Sports & Entertainment,4.21,24,70,77,4,0.0187,0.0417,0.0013,40,0.000399,714,0.0141,0.006,NONE,False,False,0.1179,LOW_RISK,1,False,0.025
prod_20000524,20000524,1000315,Home & Garden,4.93,14,44,48,2,0.0471,0.1111,0.0009,19,0.000336,673,0.1911,0.02,NONE,False,False,0.106,LOW_RISK,1,False,0.025
prod_20002714,20002714,1000405,Computer & Office,5.0,4,7,9,2,0.0244,0.0714,0.0054,7,7.4e-05,282,0.013,0.007,NONE,False,False,0.0635,LOW_RISK,1,False,0.0251
prod_20004308,20004308,1000345,Tools & Home Improvement,2.0,2,10,10,1,0.0219,0.0667,0.0043,10,7.9e-05,714,0.0141,0.006,NONE,False,False,0.0438,LOW_RISK,1,False,0.0251
prod_20004783,20004783,1000074,Automotive,4.33,21,66,76,4,0.0205,0.0645,0.0016,39,0.000386,714,0.0141,0.006,NONE,False,False,0.135,LOW_RISK,1,False,0.0251
prod_20003537,20003537,1000441,Computer & Office,4.0,2,14,14,1,0.0894,0.5,0.0023,12,0.000103,714,0.0141,0.006,NONE,False,False,0.0943,LOW_RISK,1,False,0.0252
prod_20004074,20004074,1000015,Consumer Electronics,4.5,2,6,6,1,0.18,0.3333,0.0013,5,8.5e-05,714,0.0141,0.006,NONE,False,False,0.0639,LOW_RISK,1,False,0.0252
prod_20000688,20000688,1000265,Home & Garden,5.0,11,34,37,3,0.0513,0.1667,0.001,19,0.000264,497,0.1926,0.013,NONE,False,False,0.0849,LOW_RISK,1,False,0.0254
prod_20002003,20002003,1000290,Tools & Home Improvement,4.72,0,0,0,0,0.0,0.0,0.0,0,3.6e-05,766,0.0,1.0,NONE,False,False,0.056,LOW_RISK,1,False,0.0256
prod_20002413,20002413,1000380,Home & Garden,4.72,0,0,0,0,0.0,0.0,0.0,0,3.6e-05,45,0.0,1.0,NONE,False,False,0.0552,LOW_RISK,1,False,0.0256
prod_20003651,20003651,1000204,Phones & Telecommunications,4.67,3,9,9,1,0.0612,0.3333,0.0033,8,8e-05,923,0.0278,0.022,NONE,False,False,0.1325,LOW_RISK,1,False,0.0256
prod_20001064,20001064,1000058,Sports & Entertainment,4.72,0,0,0,0,0.0,0.0,0.0,0,3.6e-05,138,0.0,1.0,NONE,False,False,0.056,LOW_RISK,1,False,0.0256
prod_20001086,20001086,1000434,Jewelry & Accessories,4.72,0,0,0,0,0.0,0.0,0.0,0,3.6e-05,444,0.0,1.0,NONE,False,False,0.0502,LOW_RISK,1,False,0.0256
prod_20002798,20002798,1000236,Tools & Home Improvement,4.72,0,0,0,0,0.0,0.0,0.0,0,3.6e-05,715,0.0,1.0,NONE,False,False,0.045,LOW_RISK,1,False,0.0256
prod_20001218,20001218,1000283,Computer & Office,4.72,0,0,0,0,0.0,0.0,0.0,0,3.6e-05,922,0.0,1.0,NONE,False,False,0.0588,LOW_RISK,1,False,0.0256
prod_20001765,20001765,1000107,Home & Garden,4.72,0,0,0,0,0.0,0.0,0.0,0,3.6e-05,293,0.0,1.0,UNCERTIFIED_MED,True,True,0.2358,MODERATE_RISK,1,False,0.0256
prod_20002836,20002836,1000122,Tools & Home Improvement,4.72,0,0,0,0,0.0,0.0,0.0,0,3.6e-05,57,0.0,1.0,CHEM_TOXIC,False,True,0.0449,LOW_RISK,1,False,0.0256
prod_20003448,20003448,1000273,Computer & Office,4.69,0,0,0,0,0.0,0.0,0.0,0,3.6e-05,46,0.0,1.0,NONE,False,False,0.0483,LOW_RISK,1,False,0.0257
prod_20003143,20003143,1000495,Sports & Entertainment,4.69,0,0,0,0,0.0,0.0,0.0,0,3.6e-05,51,0.0,1.0,CHOKE_CHILD,False,True,0.1337,LOW_RISK,1,False,0.0257
prod_20000222,20000222,1000320,Automotive,4.7,10,29,29,1,0.0519,0.0667,0.0008,20,0.000221,816,0.1923,0.02,NONE,False,False,0.0819,LOW_RISK,1,False,0.0257
prod_20004193,20004193,1000257,Sports & Entertainment,4.69,0,0,0,0,0.0,0.0,0.0,0,3.6e-05,619,0.0,1.0,NONE,False,False,0.0578,LOW_RISK,1,False,0.0257
prod_20004799,20004799,1000245,Jewelry & Accessories,4.69,0,0,0,0,0.0,0.0,0.0,0,3.6e-05,589,0.0,1.0,NONE,False,False,0.0482,LOW_RISK,1,False,0.0257
prod_20002221,20002221,1000013,Consumer Electronics,4.69,0,0,0,0,0.0,0.0,0.0,0,3.6e-05,264,0.0,1.0,NONE,False,False,0.0411,LOW_RISK,1,False,0.0257
prod_20002044,20002044,1000473,Consumer Electronics,4.7,0,0,0,0,0.0,0.0,0.0,0,3.6e-05,857,0.0,1.0,NONE,False,False,0.0473,LOW_RISK,1,False,0.0258
prod_20004764,20004764,1000249,Consumer Electronics,4.7,0,0,0,0,0.0,0.0,0.0,0,3.6e-05,165,0.0,1.0,NONE,False,False,0.0887,LOW_RISK,1,False,0.0258
prod_20003175,20003175,1000418,Home & Garden,4.7,0,0,0,0,0.0,0.0,0.0,0,3.6e-05,61,0.0,1.0,NONE,False,False,0.0811,LOW_RISK,1,False,0.0258
prod_20001972,20001972,1000490,Phones & Telecommunications,4.7,0,0,0,0,0.0,0.0,0.0,0,3.6e-05,159,0.0,1.0,ELEC_SHOCK,False,True,0.061,LOW_RISK,1,False,0.0258
prod_20001594,20001594,1000261,Computer & Office,4.7,0,0,0,0,0.0,0.0,0.0,0,3.6e-05,554,0.0,1.0,NONE,False,False,0.0592,LOW_RISK,1,False,0.0258
prod_20000837,20000837,1000374,Sports & Entertainment,4.7,0,0,0,0,0.0,0.0,0.0,0,3.6e-05,753,0.0,1.0,ELEC_SHOCK,False,True,0.0861,LOW_RISK,1,False,0.0258
prod_20003974,20003974,1000317,Automotive,4.7,0,0,0,0,0.0,0.0,0.0,0,3.6e-05,780,0.0,1.0,NONE,False,False,0.0345,LOW_RISK,1,False,0.0258
prod_20001609,20001609,1000382,Consumer Electronics,4.42,19,55,63,4,0.0207,0.0952,0.0016,39,0.000322,282,0.013,0.007,NONE,False,False,0.1091,LOW_RISK,1,False,0.0258
prod_20004347,20004347,1000113,Sports & Entertainment,4.7,0,0,0,0,0.0,0.0,0.0,0,3.6e-05,608,0.0,1.0,NONE,False,False,0.036,LOW_RISK,1,False,0.0258
prod_20004753,20004753,1000004,Sports & Entertainment,4.7,0,0,0,0,0.0,0.0,0.0,0,3.6e-05,429,0.0,1.0,NONE,False,False,0.0944,LOW_RISK,1,False,0.0258
prod_20003859,20003859,1000078,Phones & Telecommunications,4.7,0,0,0,0,0.0,0.0,0.0,0,3.6e-05,126,0.0,1.0,NONE,False,False,0.1325,LOW_RISK,1,False,0.0258
prod_20004767,20004767,1000389,Sports & Entertainment,4.7,0,0,0,0,0.0,0.0,0.0,0,3.6e-05,734,0.0,1.0,UNCERTIFIED_MED,False,True,0.0295,LOW_RISK,1,False,0.0258
prod_20002393,20002393,1000122,Phones & Telecommunications,4.5,2,5,5,1,0.0271,0.1111,0.005,5,5.8e-05,923,0.0278,0.022,NONE,False,False,0.0516,LOW_RISK,1,False,0.0258
prod_20003789,20003789,1000318,Phones & Telecommunications,4.19,0,0,0,0,0.0,0.0,0.0,0,3.6e-05,477,0.0,1.0,NONE,False,False,0.016,LOW_RISK,1,False,0.026
prod_20000746,20000746,1000318,Home & Garden,4.9,10,31,34,3,0.0547,0.1667,0.0011,19,0.000245,497,0.1926,0.013,CHEM_TOXIC,False,True,0.0698,LOW_RISK,1,False,0.026
prod_20001932,20001932,1000258,Phones & Telecommunications,4.19,0,0,0,0,0.0,0.0,0.0,0,3.6e-05,58,0.0,1.0,NONE,False,False,0.0699,LOW_RISK,1,False,0.026
prod_20002111,20002111,1000122,Phones & Telecommunications,4.19,0,0,0,0,0.0,0.0,0.0,0,3.6e-05,405,0.0,1.0,NONE,False,False,0.0449,LOW_RISK,1,False,0.026
prod_20004859,20004859,1000427,Sports & Entertainment,4.19,0,0,0,0,0.0,0.0,0.0,0,3.6e-05,778,0.0,1.0,NONE,False,False,0.0399,LOW_RISK,1,False,0.026
prod_20002859,20002859,1000215,Jewelry & Accessories,4.19,0,0,0,0,0.0,0.0,0.0,0,3.6e-05,564,0.0,1.0,NONE,False,False,0.0605,LOW_RISK,1,False,0.026
prod_20004262,20004262,1000064,Jewelry & Accessories,4.0,18,53,61,4,0.0173,0.0526,0.0022,36,0.000308,282,0.013,0.007,NONE,False,False,0.1079,LOW_RISK,1,False,0.026
prod_20003164,20003164,1000141,Phones & Telecommunications,4.19,0,0,0,0,0.0,0.0,0.0,0,3.6e-05,561,0.0,1.0,NONE,False,False,0.0345,LOW_RISK,1,False,0.026
prod_20000918,20000918,1000248,Jewelry & Accessories,4.19,0,0,0,0,0.0,0.0,0.0,0,3.6e-05,288,0.0,1.0,NONE,False,False,0.0417,LOW_RISK,1,False,0.026
prod_20001514,20001514,1000246,Automotive,4.67,3,9,9,1,0.0514,0.3333,0.0031,8,9.2e-05,923,0.0278,0.022,NONE,False,False,0.0624,LOW_RISK,1,False,0.0261
prod_20002852,20002852,1000450,Phones & Telecommunications,4.0,19,58,68,6,0.0222,0.0526,0.0016,32,0.000356,714,0.0141,0.006,CHEM_TOXIC,True,True,0.271,MODERATE_RISK,1,False,0.0261
prod_20000228,20000228,1000023,Automotive,4.92,13,35,39,3,0.0511,0.125,0.0009,20,0.000285,816,0.1923,0.02,NONE,False,False,0.0943,LOW_RISK,1,False,0.0261
prod_20000266,20000266,1000191,Tools & Home Improvement,5.0,7,16,17,2,0.0674,0.1538,0.0011,16,0.000145,816,0.1923,0.02,NONE,False,False,0.0704,LOW_RISK,1,False,0.0262
prod_20000220,20000220,1000128,Home & Garden,5.0,10,40,41,2,0.0537,0.0714,0.0008,20,0.000299,816,0.1923,0.02,NONE,False,False,0.1255,LOW_RISK,1,False,0.0262
prod_20000353,20000353,1000490,Computer & Office,5.0,7,24,26,2,0.066,0.2,0.0011,19,0.000195,270,0.1973,0.02,NONE,False,False,0.104,LOW_RISK,1,False,0.0264
prod_20002641,20002641,1000466,Tools & Home Improvement,3.88,8,37,37,1,0.0342,0.1,0.0014,27,0.000207,923,0.0278,0.022,NONE,False,False,0.0778,LOW_RISK,1,False,0.0264
prod_20003355,20003355,1000254,Phones & Telecommunications,5.0,1,1,1,1,0.0069,0.0069,0.0,1,4e-05,714,0.0141,0.006,CHOKE_CHILD,False,True,0.049,LOW_RISK,1,False,0.0265
prod_20000313,20000313,1000025,Home & Garden,4.71,7,19,19,1,0.062,0.1,0.001,17,0.000152,270,0.1973,0.02,NONE,False,False,0.1245,LOW_RISK,1,False,0.0265
prod_20004812,20004812,1000167,Automotive,4.0,2,8,9,2,0.0701,0.3333,0.0046,8,7.9e-05,282,0.013,0.007,NONE,False,False,0.0552,LOW_RISK,1,False,0.0265
prod_20002225,20002225,1000091,Jewelry & Accessories,5.0,1,1,1,1,0.0066,0.0066,0.0,1,4e-05,714,0.0141,0.006,NONE,False,False,0.0397,LOW_RISK,1,False,0.0265
prod_20004983,20004983,1000420,Phones & Telecommunications,4.0,1,5,5,1,0.0889,0.25,0.0041,5,6.2e-05,923,0.0278,0.022,NONE,False,False,0.0518,LOW_RISK,1,False,0.0266
prod_20000700,20000700,1000472,Consumer Electronics,5.0,7,20,22,2,0.0724,0.1429,0.0011,16,0.000176,497,0.1926,0.013,NONE,False,False,0.0799,LOW_RISK,1,False,0.0266
prod_20004971,20004971,1000402,Computer & Office,4.2,0,0,0,0,0.0,0.0,0.0,0,3.6e-05,64,0.0,1.0,NONE,False,False,0.0416,LOW_RISK,1,False,0.0266
prod_20003006,20003006,1000291,Phones & Telecommunications,4.2,0,0,0,0,0.0,0.0,0.0,0,3.6e-05,474,0.0,1.0,CHEM_TOXIC,False,True,0.0411,LOW_RISK,1,False,0.0266
prod_20001883,20001883,1000291,Automotive,4.2,0,0,0,0,0.0,0.0,0.0,0,3.6e-05,240,0.0,1.0,NONE,False,False,0.0411,LOW_RISK,1,False,0.0266
prod_20001733,20001733,1000289,Computer & Office,4.2,0,0,0,0,0.0,0.0,0.0,0,3.6e-05,34,0.0,1.0,NONE,False,False,0.0941,LOW_RISK,1,False,0.0266
prod_20003129,20003129,1000029,Sports & Entertainment,4.2,0,0,0,0,0.0,0.0,0.0,0,3.6e-05,30,0.0,1.0,NONE,False,False,0.0406,LOW_RISK,1,False,0.0266
prod_20000648,20000648,1000424,Automotive,5.0,16,44,49,2,0.0431,0.0952,0.001,19,0.000339,497,0.1926,0.013,NONE,False,False,0.1029,LOW_RISK,1,False,0.0266
prod_20003453,20003453,1000034,Jewelry & Accessories,4.2,0,0,0,0,0.0,0.0,0.0,0,3.6e-05,177,0.0,1.0,NONE,False,False,0.0753,LOW_RISK,1,False,0.0266
prod_20000240,20000240,1000066,Tools & Home Improvement,5.0,7,19,19,1,0.0653,0.0909,0.0009,16,0.00016,816,0.1923,0.02,NONE,False,False,0.0578,LOW_RISK,1,False,0.0266
prod_20003104,20003104,1000193,Computer & Office,3.75,4,8,10,2,0.0318,0.1429,0.0059,8,7.9e-05,714,0.0141,0.006,CHOKE_CHILD,False,True,0.1157,LOW_RISK,1,False,0.0267
prod_20004156,20004156,1000004,Jewelry & Accessories,3.65,20,55,64,3,0.0203,0.069,0.0018,36,0.000339,714,0.0141,0.006,NONE,False,False,0.1437,LOW_RISK,1,False,0.0268
prod_20001445,20001445,1000382,Jewelry & Accessories,3.0,1,2,2,1,0.0058,0.0069,0.0038,2,4.4e-05,714,0.0141,0.006,NONE,False,False,0.0499,LOW_RISK,1,False,0.0269
prod_20000170,20000170,1000308,Sports & Entertainment,4.88,8,19,19,1,0.0592,0.0833,0.0008,17,0.00016,816,0.1923,0.02,NONE,False,False,0.0646,LOW_RISK,1,False,0.027
prod_20000643,20000643,1000047,Jewelry & Accessories,4.88,8,18,18,1,0.0614,0.1,0.0008,15,0.000153,497,0.1926,0.013,NONE,False,False,0.0677,LOW_RISK,1,False,0.027
prod_20000409,20000409,1000482,Sports & Entertainment,4.75,8,17,18,2,0.064,0.1053,0.0011,16,0.000146,270,0.1973,0.02,NONE,False,False,0.0998,LOW_RISK,1,False,0.0271
prod_20000681,20000681,1000385,Phones & Telecommunications,5.0,7,22,25,2,0.0705,0.2,0.0011,19,0.000194,497,0.1926,0.013,NONE,False,False,0.0918,LOW_RISK,1,False,0.0272
prod_20002541,20002541,1000308,Computer & Office,5.0,1,1,1,1,0.0833,0.0833,0.0,1,4.1e-05,714,0.0141,0.006,NONE,False,False,0.0401,LOW_RISK,1,False,0.0272
prod_20000675,20000675,1000271,Consumer Electronics,4.67,6,17,17,1,0.0644,0.1,0.0012,16,0.000141,497,0.1926,0.013,NONE,False,False,0.0602,LOW_RISK,1,False,0.0272
prod_20000515,20000515,1000266,Computer & Office,4.92,12,33,33,1,0.0464,0.0588,0.0009,19,0.000244,673,0.1911,0.02,NONE,False,False,0.0924,LOW_RISK,1,False,0.0272
prod_20000306,20000306,1000148,Consumer Electronics,5.0,9,27,31,2,0.0638,0.1333,0.0012,20,0.000222,270,0.1973,0.02,ELEC_SHOCK,False,True,0.1155,LOW_RISK,1,False,0.0273
prod_20000748,20000748,1000375,Home & Garden,4.71,7,19,22,2,0.0741,0.1538,0.001,17,0.000178,497,0.1926,0.013,NONE,False,False,0.0785,LOW_RISK,1,False,0.0273
prod_20000483,20000483,1000492,Home & Garden,4.89,9,18,22,2,0.066,0.1538,0.0013,17,0.000172,673,0.1911,0.02,NONE,False,False,0.0985,LOW_RISK,1,False,0.0273
prod_20003826,20003826,1000313,Consumer Electronics,3.8,20,53,61,3,0.0193,0.0455,0.0018,35,0.000316,282,0.013,0.007,NONE,False,False,0.0961,LOW_RISK,1,False,0.0274
prod_20000237,20000237,1000104,Tools & Home Improvement,4.71,7,25,28,2,0.0705,0.1333,0.0012,20,0.000213,816,0.1923,0.02,NONE,False,False,0.104,LOW_RISK,1,False,0.0274
prod_20004860,20004860,1000227,Home & Garden,5.0,2,1,1,1,0.0023,0.0023,0.0,1,4e-05,714,0.0141,0.006,NONE,False,False,0.056,LOW_RISK,1,False,0.0274
prod_20000444,20000444,1000281,Tools & Home Improvement,4.92,13,29,36,3,0.0526,0.1034,0.0013,20,0.000248,270,0.1973,0.02,NONE,False,False,0.1047,LOW_RISK,1,False,0.0274
prod_20002136,20002136,1000348,Sports & Entertainment,4.2,25,63,68,3,0.0213,0.04,0.0008,34,0.000396,282,0.013,0.007,NONE,False,False,0.1094,LOW_RISK,1,False,0.0275
prod_20002315,20002315,1000261,Automotive,4.22,0,0,0,0,0.0,0.0,0.0,0,3.6e-05,604,0.0,1.0,NONE,False,False,0.0592,LOW_RISK,1,False,0.0275
prod_20003866,20003866,1000236,Phones & Telecommunications,4.22,0,0,0,0,0.0,0.0,0.0,0,3.6e-05,28,0.0,1.0,NONE,False,False,0.045,LOW_RISK,1,False,0.0275
prod_20001741,20001741,1000234,Jewelry & Accessories,4.22,0,0,0,0,0.0,0.0,0.0,0,3.6e-05,883,0.0,1.0,UNCERTIFIED_MED,False,True,0.0416,LOW_RISK,1,False,0.0275
prod_20004295,20004295,1000182,Jewelry & Accessories,4.22,0,0,0,0,0.0,0.0,0.0,0,3.6e-05,599,0.0,1.0,NONE,False,False,0.1435,LOW_RISK,1,False,0.0275
prod_20001209,20001209,1000475,Phones & Telecommunications,4.22,0,0,0,0,0.0,0.0,0.0,0,3.6e-05,60,0.0,1.0,CHEM_TOXIC,True,True,0.2459,MODERATE_RISK,1,False,0.0275
prod_20002855,20002855,1000098,Phones & Telecommunications,4.22,0,0,0,0,0.0,0.0,0.0,0,3.6e-05,712,0.0,1.0,NONE,False,False,0.0472,LOW_RISK,1,False,0.0275
prod_20001480,20001480,1000127,Computer & Office,4.22,0,0,0,0,0.0,0.0,0.0,0,3.6e-05,566,0.0,1.0,NONE,False,False,0.0924,LOW_RISK,1,False,0.0275
prod_20003475,20003475,1000059,Consumer Electronics,4.22,0,0,0,0,0.0,0.0,0.0,0,3.6e-05,237,0.0,1.0,NONE,False,False,0.0462,LOW_RISK,1,False,0.0275
prod_20000737,20000737,1000422,Phones & Telecommunications,5.0,7,20,23,2,0.0704,0.1538,0.0012,17,0.000181,497,0.1926,0.013,NONE,False,False,0.0636,LOW_RISK,1,False,0.0275
prod_20002289,20002289,1000389,Tools & Home Improvement,4.22,0,0,0,0,0.0,0.0,0.0,0,3.6e-05,683,0.0,1.0,NONE,False,False,0.0295,LOW_RISK,1,False,0.0275
prod_20002161,20002161,1000247,Tools & Home Improvement,4.22,0,0,0,0,0.0,0.0,0.0,0,3.6e-05,536,0.0,1.0,NONE,False,False,0.0459,LOW_RISK,1,False,0.0275
prod_20000606,20000606,1000363,Jewelry & Accessories,4.9,10,27,34,3,0.0614,0.1364,0.0013,19,0.000244,497,0.1926,0.013,NONE,False,False,0.0752,LOW_RISK,1,False,0.0276
prod_20000036,20000036,1000441,Tools & Home Improvement,5.0,10,32,37,3,0.0597,0.15,0.001,19,0.000268,730,0.1959,0.013,NONE,False,False,0.1188,LOW_RISK,1,False,0.0276
prod_20000341,20000341,1000071,Jewelry & Accessories,5.0,7,25,25,1,0.0605,0.0833,0.0011,19,0.000188,270,0.1973,0.02,NONE,False,False,0.097,LOW_RISK,1,False,0.0276
prod_20004377,20004377,1000019,Sports & Entertainment,5.0,1,1,1,1,0.0043,0.0043,0.0,1,4e-05,714,0.0141,0.006,NONE,False,False,0.0884,LOW_RISK,1,False,0.0276
prod_20003551,20003551,1000274,Home & Garden,5.0,1,1,1,1,0.0056,0.0056,0.0,1,4e-05,714,0.0141,0.006,NONE,False,False,0.0556,LOW_RISK,1,False,0.0276
prod_20003595,20003595,1000331,Sports & Entertainment,4.0,1,2,2,1,0.0165,0.0323,0.0052,2,4.4e-05,282,0.013,0.007,NONE,False,False,0.0539,LOW_RISK,1,False,0.0276
prod_20002951,20002951,1000334,Computer & Office,5.0,1,7,7,1,0.1097,0.5,0.0032,7,7.2e-05,714,0.0141,0.006,UNCERTIFIED_MED,False,True,0.1395,LOW_RISK,1,False,0.0276
prod_20000138,20000138,1000340,Phones & Telecommunications,5.0,10,35,40,3,0.0594,0.1176,0.001,19,0.000284,730,0.1959,0.013,NONE,False,False,0.1057,LOW_RISK,1,False,0.0277
prod_20003199,20003199,1000246,Home & Garden,4.71,0,0,0,0,0.0,0.0,0.0,0,3.6e-05,719,0.0,1.0,NONE,False,False,0.052,LOW_RISK,1,False,0.0277
prod_20004306,20004306,1000137,Home & Garden,4.71,0,0,0,0,0.0,0.0,0.0,0,3.6e-05,399,0.0,1.0,NONE,False,False,0.0606,LOW_RISK,1,False,0.0277
prod_20001408,20001408,1000280,Automotive,4.71,0,0,0,0,0.0,0.0,0.0,0,3.6e-05,245,0.0,1.0,CHEM_TOXIC,True,True,0.2568,MODERATE_RISK,1,False,0.0277
prod_20004158,20004158,1000326,Home & Garden,4.71,0,0,0,0,0.0,0.0,0.0,0,3.6e-05,328,0.0,1.0,NONE,False,False,0.041,LOW_RISK,1,False,0.0277
prod_20002232,20002232,1000418,Phones & Telecommunications,4.71,0,0,0,0,0.0,0.0,0.0,0,3.6e-05,626,0.0,1.0,NONE,False,False,0.0811,LOW_RISK,1,False,0.0277
prod_20000791,20000791,1000047,Tools & Home Improvement,4.71,0,0,0,0,0.0,0.0,0.0,0,3.6e-05,503,0.0,1.0,NONE,False,False,0.0418,LOW_RISK,1,False,0.0277
prod_20001702,20001702,1000443,Jewelry & Accessories,4.71,0,0,0,0,0.0,0.0,0.0,0,3.6e-05,892,0.0,1.0,NONE,False,False,0.0332,LOW_RISK,1,False,0.0277
prod_20002236,20002236,1000069,Tools & Home Improvement,4.71,0,0,0,0,0.0,0.0,0.0,0,3.6e-05,897,0.0,1.0,NONE,False,False,0.04,LOW_RISK,1,False,0.0277
prod_20003135,20003135,1000075,Automotive,4.71,0,0,0,0,0.0,0.0,0.0,0,3.6e-05,525,0.0,1.0,NONE,False,False,0.0432,LOW_RISK,1,False,0.0277
prod_20001340,20001340,1000410,Consumer Electronics,4.0,3,12,12,1,0.0801,0.3333,0.0022,10,0.000106,923,0.0278,0.022,NONE,False,False,0.0855,LOW_RISK,1,False,0.0278
prod_20004648,20004648,1000054,Tools & Home Improvement,4.21,0,0,0,0,0.0,0.0,0.0,0,3.6e-05,797,0.0,1.0,NONE,False,False,0.0522,LOW_RISK,1,False,0.0279
prod_20004804,20004804,1000175,Automotive,4.35,17,57,66,4,0.0204,0.0588,0.0019,38,0.00036,282,0.013,0.007,NONE,False,False,0.0984,LOW_RISK,1,False,0.0279
prod_20003725,20003725,1000429,Sports & Entertainment,4.21,0,0,0,0,0.0,0.0,0.0,0,3.6e-05,657,0.0,1.0,NONE,False,False,0.044,LOW_RISK,1,False,0.0279
prod_20004117,20004117,1000177,Sports & Entertainment,4.21,0,0,0,0,0.0,0.0,0.0,0,3.6e-05,646,0.0,1.0,NONE,False,False,0.0345,LOW_RISK,1,False,0.0279
prod_20000037,20000037,1000219,Sports & Entertainment,5.0,8,17,18,2,0.0661,0.125,0.0008,15,0.000153,730,0.1959,0.013,NONE,False,False,0.0696,LOW_RISK,1,False,0.0279
prod_20001317,20001317,1000357,Sports & Entertainment,4.21,0,0,0,0,0.0,0.0,0.0,0,3.6e-05,828,0.0,1.0,NONE,False,False,0.0494,LOW_RISK,1,False,0.0279
prod_20002016,20002016,1000303,Home & Garden,4.21,0,0,0,0,0.0,0.0,0.0,0,3.6e-05,749,0.0,1.0,NONE,False,False,0.0474,LOW_RISK,1,False,0.0279
prod_20004803,20004803,1000051,Consumer Electronics,4.21,0,0,0,0,0.0,0.0,0.0,0,3.6e-05,87,0.0,1.0,NONE,False,False,0.0467,LOW_RISK,1,False,0.0279
prod_20000966,20000966,1000350,Phones & Telecommunications,4.0,1,1,1,1,0.0909,0.0909,0.0,1,4.1e-05,714,0.0141,0.006,NONE,False,False,0.0342,LOW_RISK,1,False,0.0279
prod_20001341,20001341,1000199,Consumer Electronics,4.21,0,0,0,0,0.0,0.0,0.0,0,3.6e-05,757,0.0,1.0,NONE,False,False,0.0839,LOW_RISK,1,False,0.0279
prod_20003252,20003252,1000083,Computer & Office,4.21,0,0,0,0,0.0,0.0,0.0,0,3.6e-05,283,0.0,1.0,NONE,False,False,0.0418,LOW_RISK,1,False,0.0279
prod_20002444,20002444,1000227,Computer & Office,4.21,0,0,0,0,0.0,0.0,0.0,0,3.6e-05,861,0.0,1.0,NONE,False,False,0.0549,LOW_RISK,1,False,0.0279
prod_20000757,20000757,1000022,Home & Garden,4.21,0,0,0,0,0.0,0.0,0.0,0,3.6e-05,317,0.0,1.0,NONE,False,False,0.117,LOW_RISK,1,False,0.0279
prod_20002074,20002074,1000248,Phones & Telecommunications,4.21,0,0,0,0,0.0,0.0,0.0,0,3.6e-05,299,0.0,1.0,NONE,False,False,0.0417,LOW_RISK,1,False,0.0279
prod_20000111,20000111,1000042,Computer & Office,4.9,10,29,33,3,0.0593,0.1667,0.001,19,0.000241,730,0.1959,0.013,NONE,False,False,0.1218,LOW_RISK,1,False,0.028
prod_20000510,20000510,1000283,Phones & Telecommunications,5.0,6,17,18,2,0.0683,0.1,0.0013,17,0.000148,673,0.1911,0.02,NONE,False,False,0.0793,LOW_RISK,1,False,0.028
prod_20001915,20001915,1000373,Automotive,4.71,17,55,63,6,0.0249,0.0588,0.0014,33,0.000347,714,0.0141,0.006,NONE,False,False,0.105,LOW_RISK,1,False,0.028
prod_20004988,20004988,1000320,Jewelry & Accessories,3.8,20,56,61,4,0.0204,0.05,0.0014,36,0.000339,282,0.013,0.007,NONE,False,False,0.1055,LOW_RISK,1,False,0.0281
prod_20002539,20002539,1000152,Jewelry & Accessories,4.68,0,0,0,0,0.0,0.0,0.0,0,3.6e-05,765,0.0,1.0,NONE,False,False,0.0252,LOW_RISK,1,False,0.0281
prod_20001714,20001714,1000452,Automotive,4.68,0,0,0,0,0.0,0.0,0.0,0,3.6e-05,259,0.0,1.0,NONE,False,False,0.0426,LOW_RISK,1,False,0.0281
prod_20004170,20004170,1000487,Automotive,4.68,0,0,0,0,0.0,0.0,0.0,0,3.6e-05,489,0.0,1.0,NONE,False,False,0.0349,LOW_RISK,1,False,0.0281
prod_20000876,20000876,1000049,Consumer Electronics,5.0,1,1,1,1,0.0005,0.0005,0.0,1,4e-05,714,0.0141,0.006,NONE,False,False,0.0503,LOW_RISK,1,False,0.0281
prod_20003746,20003746,1000195,Consumer Electronics,5.0,1,1,1,1,0.0005,0.0005,0.0,1,4e-05,714,0.0141,0.006,NONE,False,False,0.0346,LOW_RISK,1,False,0.0281
prod_20001818,20001818,1000159,Consumer Electronics,4.68,0,0,0,0,0.0,0.0,0.0,0,3.6e-05,66,0.0,1.0,NONE,False,False,0.0922,LOW_RISK,1,False,0.0281
prod_20004069,20004069,1000038,Home & Garden,4.68,0,0,0,0,0.0,0.0,0.0,0,3.6e-05,544,0.0,1.0,NONE,False,False,0.0658,LOW_RISK,1,False,0.0281
prod_20003434,20003434,1000094,Automotive,4.68,0,0,0,0,0.0,0.0,0.0,0,3.6e-05,570,0.0,1.0,NONE,False,False,0.0875,LOW_RISK,1,False,0.0281
prod_20001371,20001371,1000247,Home & Garden,3.94,16,51,56,3,0.0277,0.0625,0.0012,32,0.00038,501,0.0146,0.015,NONE,False,False,0.1123,LOW_RISK,1,False,0.0281
prod_20003309,20003309,1000195,Computer & Office,4.68,0,0,0,0,0.0,0.0,0.0,0,3.6e-05,130,0.0,1.0,NONE,False,False,0.0327,LOW_RISK,1,False,0.0281
prod_20002768,20002768,1000042,Home & Garden,4.68,0,0,0,0,0.0,0.0,0.0,0,3.6e-05,540,0.0,1.0,NONE,False,False,0.0897,LOW_RISK,1,False,0.0281
prod_20003769,20003769,1000499,Tools & Home Improvement,4.68,0,0,0,0,0.0,0.0,0.0,0,3.6e-05,895,0.0,1.0,NONE,False,False,0.0513,LOW_RISK,1,False,0.0281
prod_20004832,20004832,1000081,Phones & Telecommunications,4.68,0,0,0,0,0.0,0.0,0.0,0,3.6e-05,368,0.0,1.0,NONE,False,False,0.0462,LOW_RISK,1,False,0.0281
prod_20002937,20002937,1000119,Automotive,4.68,0,0,0,0,0.0,0.0,0.0,0,3.6e-05,585,0.0,1.0,NONE,False,False,0.0333,LOW_RISK,1,False,0.0281
prod_20004332,20004332,1000154,Consumer Electronics,1.0,1,4,4,1,0.0275,0.0556,0.0032,4,5.3e-05,282,0.013,0.007,NONE,False,False,0.0657,LOW_RISK,1,False,0.0282
prod_20000183,20000183,1000190,Jewelry & Accessories,4.83,6,22,22,1,0.0671,0.1111,0.001,20,0.000177,816,0.1923,0.02,NONE,False,False,0.0754,LOW_RISK,1,False,0.0282
prod_20001095,20001095,1000228,Tools & Home Improvement,5.0,2,6,6,1,0.1005,0.5,0.0024,5,6.8e-05,714,0.0141,0.006,NONE,False,False,0.0607,LOW_RISK,1,False,0.0282
prod_20000315,20000315,1000211,Tools & Home Improvement,4.88,8,17,20,2,0.0636,0.1176,0.0013,17,0.000153,270,0.1973,0.02,ELEC_SHOCK,True,True,0.2654,MODERATE_RISK,1,False,0.0283
prod_20003137,20003137,1000059,Phones & Telecommunications,3.77,22,56,61,3,0.0242,0.0455,0.0009,32,0.000336,282,0.013,0.007,NONE,False,False,0.1118,LOW_RISK,1,False,0.0284
prod_20000377,20000377,1000146,Sports & Entertainment,4.86,7,20,20,1,0.063,0.0909,0.001,18,0.000159,270,0.1973,0.02,NONE,False,False,0.0816,LOW_RISK,1,False,0.0284
prod_20000754,20000754,1000105,Home & Garden,4.39,23,67,76,3,0.0217,0.0625,0.0011,36,0.000398,282,0.013,0.007,NONE,False,False,0.1179,LOW_RISK,1,False,0.0285
prod_20004082,20004082,1000378,Phones & Telecommunications,3.33,3,13,14,2,0.0754,0.3333,0.0025,11,0.000109,501,0.0146,0.015,NONE,False,False,0.0608,LOW_RISK,1,False,0.0285
prod_20000311,20000311,1000356,Automotive,5.0,10,36,39,2,0.058,0.1429,0.0008,20,0.000273,270,0.1973,0.02,ELEC_SHOCK,False,True,0.1591,MODERATE_RISK,1,False,0.0285
prod_20000401,20000401,1000417,Tools & Home Improvement,5.0,9,18,21,2,0.0637,0.1111,0.0014,17,0.000162,270,0.1973,0.02,NONE,False,False,0.0885,LOW_RISK,1,False,0.0286
prod_20000431,20000431,1000164,Automotive,5.0,9,29,34,2,0.0631,0.1429,0.0012,20,0.000239,270,0.1973,0.02,NONE,False,False,0.1104,LOW_RISK,1,False,0.0286
prod_20001158,20001158,1000466,Tools & Home Improvement,3.79,19,59,65,3,0.0224,0.0571,0.0013,36,0.000333,282,0.013,0.007,NONE,False,False,0.103,LOW_RISK,1,False,0.0286
prod_20000043,20000043,1000223,Phones & Telecommunications,4.93,15,36,41,3,0.0466,0.1053,0.0009,19,0.000291,730,0.1959,0.013,NONE,False,False,0.1012,LOW_RISK,1,False,0.0287
prod_20002655,20002655,1000070,Sports & Entertainment,4.21,19,70,77,5,0.0243,0.0526,0.0011,36,0.000418,714,0.0141,0.006,NONE,False,False,0.1534,MODERATE_RISK,1,False,0.0287
prod_20000242,20000242,1000123,Jewelry & Accessories,4.86,7,22,22,1,0.0638,0.0833,0.0008,19,0.000178,816,0.1923,0.02,NONE,False,False,0.0692,LOW_RISK,1,False,0.0287
prod_20000650,20000650,1000436,Jewelry & Accessories,4.8,5,19,19,1,0.0708,0.1111,0.0009,17,0.000156,497,0.1926,0.013,NONE,False,False,0.0684,LOW_RISK,1,False,0.0288
prod_20000630,20000630,1000460,Phones & Telecommunications,5.0,6,16,16,1,0.0661,0.1,0.0009,14,0.000139,497,0.1926,0.013,NONE,False,False,0.0642,LOW_RISK,1,False,0.0288
prod_20004398,20004398,1000179,Home & Garden,2.5,2,8,8,1,0.0928,0.3333,0.0023,7,7.9e-05,282,0.013,0.007,NONE,False,False,0.0812,LOW_RISK,1,False,0.0289
prod_20001259,20001259,1000200,Home & Garden,4.67,0,0,0,0,0.0,0.0,0.0,0,3.6e-05,707,0.0,1.0,NONE,False,False,0.0265,LOW_RISK,1,False,0.0289
prod_20001746,20001746,1000307,Consumer Electronics,4.67,0,0,0,0,0.0,0.0,0.0,0,3.6e-05,263,0.0,1.0,NONE,False,False,0.0388,LOW_RISK,1,False,0.0289
prod_20000122,20000122,1000469,Jewelry & Accessories,4.86,7,17,17,1,0.061,0.0833,0.001,17,0.000142,730,0.1959,0.013,NONE,False,False,0.0832,LOW_RISK,1,False,0.0289
prod_20000160,20000160,1000455,Sports & Entertainment,4.88,8,26,26,1,0.0601,0.0833,0.0009,20,0.000201,816,0.1923,0.02,NONE,False,False,0.0751,LOW_RISK,1,False,0.0289
prod_20001580,20001580,1000462,Tools & Home Improvement,4.67,0,0,0,0,0.0,0.0,0.0,0,3.6e-05,296,0.0,1.0,NONE,False,False,0.0361,LOW_RISK,1,False,0.0289
prod_20000646,20000646,1000495,Sports & Entertainment,5.0,6,18,18,1,0.0694,0.1,0.001,16,0.000151,497,0.1926,0.013,CHOKE_CHILD,True,True,0.2599,MODERATE_RISK,1,False,0.0289
prod_20002486,20002486,1000202,Tools & Home Improvement,4.67,0,0,0,0,0.0,0.0,0.0,0,3.6e-05,447,0.0,1.0,NONE,False,False,0.0414,LOW_RISK,1,False,0.0289
prod_20002113,20002113,1000360,Jewelry & Accessories,4.67,0,0,0,0,0.0,0.0,0.0,0,3.6e-05,31,0.0,1.0,NONE,False,False,0.0558,LOW_RISK,1,False,0.0289
prod_20003299,20003299,1000295,Jewelry & Accessories,4.67,0,0,0,0,0.0,0.0,0.0,0,3.6e-05,690,0.0,1.0,NONE,False,False,0.0463,LOW_RISK,1,False,0.0289
prod_20001679,20001679,1000465,Computer & Office,4.23,0,0,0,0,0.0,0.0,0.0,0,3.6e-05,174,0.0,1.0,NONE,False,False,0.043,LOW_RISK,1,False,0.029
prod_20000141,20000141,1000447,Jewelry & Accessories,4.86,7,15,15,1,0.0595,0.1,0.0011,15,0.000129,730,0.1959,0.013,NONE,False,False,0.0783,LOW_RISK,1,False,0.029
prod_20002754,20002754,1000013,Consumer Electronics,4.23,0,0,0,0,0.0,0.0,0.0,0,3.6e-05,748,0.0,1.0,NONE,False,False,0.0411,LOW_RISK,1,False,0.029
prod_20004871,20004871,1000107,Phones & Telecommunications,4.23,0,0,0,0,0.0,0.0,0.0,0,3.6e-05,192,0.0,1.0,NONE,False,False,0.0987,LOW_RISK,1,False,0.029
prod_20001632,20001632,1000086,Tools & Home Improvement,4.23,0,0,0,0,0.0,0.0,0.0,0,3.6e-05,212,0.0,1.0,NONE,False,False,0.0439,LOW_RISK,1,False,0.029
prod_20003222,20003222,1000216,Tools & Home Improvement,4.23,0,0,0,0,0.0,0.0,0.0,0,3.6e-05,496,0.0,1.0,NONE,False,False,0.0459,LOW_RISK,1,False,0.029
prod_20001442,20001442,1000334,Automotive,4.23,0,0,0,0,0.0,0.0,0.0,0,3.6e-05,509,0.0,1.0,CHEM_TOXIC,True,True,0.2511,MODERATE_RISK,1,False,0.029
prod_20004541,20004541,1000419,Sports & Entertainment,4.23,0,0,0,0,0.0,0.0,0.0,0,3.6e-05,445,0.0,1.0,NONE,False,False,0.052,LOW_RISK,1,False,0.029
prod_20000721,20000721,1000453,Phones & Telecommunications,4.83,6,17,18,2,0.0707,0.1333,0.001,15,0.000153,497,0.1926,0.013,NONE,False,False,0.0628,LOW_RISK,1,False,0.029
prod_20002989,20002989,1000489,Home & Garden,4.23,0,0,0,0,0.0,0.0,0.0,0,3.6e-05,171,0.0,1.0,NONE,False,False,0.0557,LOW_RISK,1,False,0.029
prod_20004691,20004691,1000074,Automotive,3.78,18,55,58,3,0.0246,0.0556,0.0013,33,0.00033,501,0.0146,0.015,NONE,False,False,0.1114,LOW_RISK,1,False,0.029
prod_20002149,20002149,1000487,Consumer Electronics,4.23,0,0,0,0,0.0,0.0,0.0,0,3.6e-05,228,0.0,1.0,NONE,False,False,0.0349,LOW_RISK,1,False,0.029
prod_20000874,20000874,1000356,Automotive,4.23,0,0,0,0,0.0,0.0,0.0,0,3.6e-05,186,0.0,1.0,CHOKE_CHILD,False,True,0.1177,LOW_RISK,1,False,0.029
prod_20002861,20002861,1000124,Computer & Office,4.23,0,0,0,0,0.0,0.0,0.0,0,3.6e-05,645,0.0,1.0,NONE,False,False,0.0856,LOW_RISK,1,False,0.029
prod_20000360,20000360,1000469,Phones & Telecommunications,4.89,9,23,23,1,0.0556,0.0769,0.0009,19,0.000178,270,0.1973,0.02,NONE,False,False,0.0901,LOW_RISK,1,False,0.0291
prod_20000068,20000068,1000309,Jewelry & Accessories,4.82,11,39,47,2,0.0595,0.1176,0.001,19,0.000326,730,0.1959,0.013,NONE,False,False,0.1174,LOW_RISK,1,False,0.0291
prod_20002330,20002330,1000230,Tools & Home Improvement,4.3,23,64,67,2,0.0223,0.0667,0.0008,34,0.000377,282,0.013,0.007,NONE,False,False,0.1151,LOW_RISK,1,False,0.0291
prod_20002626,20002626,1000451,Automotive,4.24,0,0,0,0,0.0,0.0,0.0,0,3.6e-05,531,0.0,1.0,NONE,False,False,0.0563,LOW_RISK,1,False,0.0292
prod_20002355,20002355,1000235,Sports & Entertainment,4.24,0,0,0,0,0.0,0.0,0.0,0,3.6e-05,252,0.0,1.0,UNCERTIFIED_MED,True,True,0.235,MODERATE_RISK,1,False,0.0292
prod_20004974,20004974,1000036,Home & Garden,4.24,0,0,0,0,0.0,0.0,0.0,0,3.6e-05,217,0.0,1.0,NONE,False,False,0.0388,LOW_RISK,1,False,0.0292
prod_20000134,20000134,1000263,Home & Garden,5.0,7,15,16,2,0.0653,0.1053,0.0012,15,0.000135,730,0.1959,0.013,NONE,False,False,0.0691,LOW_RISK,1,False,0.0293
prod_20001372,20001372,1000492,Jewelry & Accessories,4.25,0,0,0,0,0.0,0.0,0.0,0,3.6e-05,251,0.0,1.0,NONE,False,False,0.0546,LOW_RISK,1,False,0.0293
prod_20003940,20003940,1000409,Automotive,4.25,0,0,0,0,0.0,0.0,0.0,0,3.6e-05,735,0.0,1.0,UNCERTIFIED_MED,False,True,0.1401,LOW_RISK,1,False,0.0293
prod_20000225,20000225,1000482,Computer & Office,5.0,6,19,19,1,0.0616,0.1111,0.0012,18,0.000156,816,0.1923,0.02,NONE,False,False,0.0786,LOW_RISK,1,False,0.0293
prod_20002935,20002935,1000162,Automotive,4.25,0,0,0,0,0.0,0.0,0.0,0,3.6e-05,407,0.0,1.0,NONE,False,False,0.054,LOW_RISK,1,False,0.0293
prod_20004138,20004138,1000174,Sports & Entertainment,4.25,0,0,0,0,0.0,0.0,0.0,0,3.6e-05,40,0.0,1.0,NONE,False,False,0.0426,LOW_RISK,1,False,0.0293
prod_20003983,20003983,1000379,Consumer Electronics,2.0,3,3,3,1,0.0638,0.0833,0.0,3,5.1e-05,282,0.013,0.007,NONE,False,False,0.0369,LOW_RISK,1,False,0.0293
prod_20004948,20004948,1000093,Sports & Entertainment,4.25,0,0,0,0,0.0,0.0,0.0,0,3.6e-05,125,0.0,1.0,NONE,False,False,0.069,LOW_RISK,1,False,0.0293
prod_20000327,20000327,1000095,Automotive,5.0,10,42,46,2,0.0567,0.1176,0.001,20,0.000312,270,0.1973,0.02,NONE,False,False,0.1224,LOW_RISK,1,False,0.0294
prod_20000080,20000080,1000129,Computer & Office,4.86,7,17,17,1,0.0572,0.0769,0.001,17,0.000139,730,0.1959,0.013,NONE,False,False,0.0667,LOW_RISK,1,False,0.0294
prod_20000508,20000508,1000284,Sports & Entertainment,4.83,6,22,25,2,0.0713,0.1333,0.0014,19,0.00019,673,0.1911,0.02,NONE,False,False,0.0862,LOW_RISK,1,False,0.0295
prod_20000073,20000073,1000268,Computer & Office,4.88,8,20,24,2,0.0712,0.1333,0.0012,17,0.000186,730,0.1959,0.013,NONE,False,False,0.0735,LOW_RISK,1,False,0.0295
prod_20004274,20004274,1000221,Phones & Telecommunications,4.26,0,0,0,0,0.0,0.0,0.0,0,3.6e-05,913,0.0,1.0,NONE,False,False,0.0258,LOW_RISK,1,False,0.0296
prod_20002177,20002177,1000207,Jewelry & Accessories,4.26,0,0,0,0,0.0,0.0,0.0,0,3.6e-05,267,0.0,1.0,NONE,False,False,0.027,LOW_RISK,1,False,0.0296
prod_20001397,20001397,1000113,Computer & Office,4.26,0,0,0,0,0.0,0.0,0.0,0,3.6e-05,56,0.0,1.0,NONE,False,False,0.036,LOW_RISK,1,False,0.0296
prod_20000935,20000935,1000159,Sports & Entertainment,4.26,0,0,0,0,0.0,0.0,0.0,0,3.6e-05,697,0.0,1.0,NONE,False,False,0.0922,LOW_RISK,1,False,0.0296
prod_20003867,20003867,1000056,Home & Garden,4.26,0,0,0,0,0.0,0.0,0.0,0,3.6e-05,337,0.0,1.0,NONE,False,False,0.0465,LOW_RISK,1,False,0.0296
prod_20002523,20002523,1000078,Consumer Electronics,4.26,0,0,0,0,0.0,0.0,0.0,0,3.6e-05,788,0.0,1.0,CHOKE_CHILD,True,True,0.2498,MODERATE_RISK,1,False,0.0296
prod_20000695,20000695,1000198,Sports & Entertainment,5.0,6,16,17,2,0.0694,0.1333,0.0009,14,0.000145,497,0.1926,0.013,NONE,False,False,0.0696,LOW_RISK,1,False,0.0296
prod_20002966,20002966,1000275,Automotive,4.26,0,0,0,0,0.0,0.0,0.0,0,3.6e-05,639,0.0,1.0,NONE,False,False,0.0406,LOW_RISK,1,False,0.0296
prod_20000070,20000070,1000052,Tools & Home Improvement,5.0,6,20,20,1,0.0674,0.0909,0.001,17,0.000161,730,0.1959,0.013,NONE,False,False,0.0799,LOW_RISK,1,False,0.0296
prod_20001470,20001470,1000211,Automotive,4.26,0,0,0,0,0.0,0.0,0.0,0,3.6e-05,373,0.0,1.0,ELEC_SHOCK,False,True,0.1361,LOW_RISK,1,False,0.0296
prod_20002098,20002098,1000142,Consumer Electronics,5.0,1,2,2,1,0.0237,0.0417,0.003,2,4.4e-05,923,0.0278,0.022,NONE,False,False,0.0466,LOW_RISK,1,False,0.0297
prod_20000031,20000031,1000066,Sports & Entertainment,4.92,13,32,37,3,0.0538,0.15,0.0009,19,0.000266,730,0.1959,0.013,NONE,False,False,0.085,LOW_RISK,1,False,0.0297
prod_20002948,20002948,1000421,Tools & Home Improvement,2.67,3,10,10,1,0.0854,0.3333,0.0024,8,0.000101,282,0.013,0.007,NONE,False,False,0.0559,LOW_RISK,1,False,0.0297
prod_20004807,20004807,1000450,Phones & Telecommunications,4.0,1,6,6,1,0.0078,0.0213,0.0056,6,6.1e-05,714,0.0141,0.006,CHEM_TOXIC,False,True,0.1257,LOW_RISK,1,False,0.0298
prod_20000120,20000120,1000332,Tools & Home Improvement,4.93,14,42,49,2,0.0509,0.1176,0.0009,19,0.000343,730,0.1959,0.013,NONE,False,False,0.1119,LOW_RISK,1,False,0.0298
prod_20003612,20003612,1000182,Computer & Office,1.5,2,7,7,1,0.0305,0.0833,0.0038,7,6.6e-05,714,0.0141,0.006,NONE,False,False,0.1492,LOW_RISK,1,False,0.0298
prod_20003428,20003428,1000214,Home & Garden,5.0,1,3,3,1,0.0045,0.0077,0.0056,3,4.8e-05,714,0.0141,0.006,NONE,False,False,0.0507,LOW_RISK,1,False,0.0298
prod_20004992,20004992,1000374,Tools & Home Improvement,4.65,0,0,0,0,0.0,0.0,0.0,0,3.6e-05,361,0.0,1.0,CHOKE_CHILD,False,True,0.0861,LOW_RISK,1,False,0.0299
prod_20003327,20003327,1000089,Automotive,4.65,0,0,0,0,0.0,0.0,0.0,0,3.6e-05,542,0.0,1.0,NONE,False,False,0.0377,LOW_RISK,1,False,0.0299
prod_20004119,20004119,1000040,Home & Garden,4.65,0,0,0,0,0.0,0.0,0.0,0,3.6e-05,832,0.0,1.0,NONE,False,False,0.0509,LOW_RISK,1,False,0.0299
prod_20002891,20002891,1000101,Automotive,4.65,0,0,0,0,0.0,0.0,0.0,0,3.6e-05,196,0.0,1.0,UNCERTIFIED_MED,True,True,0.2444,MODERATE_RISK,1,False,0.0299
prod_20003433,20003433,1000465,Phones & Telecommunications,4.65,0,0,0,0,0.0,0.0,0.0,0,3.6e-05,266,0.0,1.0,NONE,False,False,0.043,LOW_RISK,1,False,0.0299
prod_20002317,20002317,1000062,Automotive,4.65,0,0,0,0,0.0,0.0,0.0,0,3.6e-05,648,0.0,1.0,NONE,False,False,0.0377,LOW_RISK,1,False,0.0299
prod_20000765,20000765,1000474,Sports & Entertainment,4.65,0,0,0,0,0.0,0.0,0.0,0,3.6e-05,169,0.0,1.0,NONE,False,False,0.0468,LOW_RISK,1,False,0.0299
prod_20003815,20003815,1000231,Computer & Office,4.4,20,68,71,3,0.0235,0.05,0.0011,36,0.000411,714,0.0141,0.006,NONE,False,False,0.1132,LOW_RISK,1,False,0.0299
prod_20003332,20003332,1000087,Tools & Home Improvement,4.65,0,0,0,0,0.0,0.0,0.0,0,3.6e-05,451,0.0,1.0,NONE,False,False,0.0491,LOW_RISK,1,False,0.0299
prod_20002593,20002593,1000241,Consumer Electronics,4.65,0,0,0,0,0.0,0.0,0.0,0,3.6e-05,574,0.0,1.0,NONE,False,False,0.0537,LOW_RISK,1,False,0.0299
prod_20003684,20003684,1000287,Home & Garden,4.4,20,56,64,5,0.0212,0.05,0.0015,36,0.000381,282,0.013,0.007,NONE,False,False,0.1128,LOW_RISK,1,False,0.0299
prod_20001515,20001515,1000184,Consumer Electronics,4.65,0,0,0,0,0.0,0.0,0.0,0,3.6e-05,743,0.0,1.0,NONE,False,False,0.0511,LOW_RISK,1,False,0.0299
prod_20004032,20004032,1000340,Phones & Telecommunications,4.65,0,0,0,0,0.0,0.0,0.0,0,3.6e-05,14,0.0,1.0,CHEM_TOXIC,False,True,0.0568,LOW_RISK,1,False,0.0299
prod_20000379,20000379,1000373,Sports & Entertainment,4.91,11,34,40,2,0.0619,0.1538,0.0009,20,0.000282,270,0.1973,0.02,NONE,False,False,0.1149,LOW_RISK,1,False,0.03
prod_20002312,20002312,1000392,Automotive,4.33,0,0,0,0,0.0,0.0,0.0,0,3.6e-05,387,0.0,1.0,CHEM_TOXIC,False,True,0.0523,LOW_RISK,1,False,0.0301
prod_20004480,20004480,1000146,Computer & Office,4.27,0,0,0,0,0.0,0.0,0.0,0,3.6e-05,741,0.0,1.0,UNCERTIFIED_MED,False,True,0.0393,LOW_RISK,1,False,0.0301
prod_20003979,20003979,1000424,Phones & Telecommunications,4.27,0,0,0,0,0.0,0.0,0.0,0,3.6e-05,244,0.0,1.0,NONE,False,False,0.0523,LOW_RISK,1,False,0.0301
prod_20001176,20001176,1000178,Home & Garden,4.27,0,0,0,0,0.0,0.0,0.0,0,3.6e-05,709,0.0,1.0,NONE,False,False,0.037,LOW_RISK,1,False,0.0301
prod_20003237,20003237,1000423,Home & Garden,4.33,0,0,0,0,0.0,0.0,0.0,0,3.6e-05,800,0.0,1.0,NONE,False,False,0.0413,LOW_RISK,1,False,0.0301
prod_20002938,20002938,1000038,Tools & Home Improvement,4.33,0,0,0,0,0.0,0.0,0.0,0,3.6e-05,685,0.0,1.0,NONE,False,False,0.0658,LOW_RISK,1,False,0.0301
prod_20004916,20004916,1000454,Phones & Telecommunications,4.27,0,0,0,0,0.0,0.0,0.0,0,3.6e-05,868,0.0,1.0,NONE,False,False,0.0263,LOW_RISK,1,False,0.0301
prod_20001568,20001568,1000036,Automotive,4.33,0,0,0,0,0.0,0.0,0.0,0,3.6e-05,686,0.0,1.0,NONE,False,False,0.0388,LOW_RISK,1,False,0.0301
prod_20001672,20001672,1000491,Home & Garden,4.33,0,0,0,0,0.0,0.0,0.0,0,3.6e-05,858,0.0,1.0,ELEC_SHOCK,False,True,0.0828,LOW_RISK,1,False,0.0301
prod_20001819,20001819,1000434,Phones & Telecommunications,4.33,0,0,0,0,0.0,0.0,0.0,0,3.6e-05,577,0.0,1.0,NONE,False,False,0.0502,LOW_RISK,1,False,0.0301
prod_20003329,20003329,1000270,Tools & Home Improvement,4.33,0,0,0,0,0.0,0.0,0.0,0,3.6e-05,842,0.0,1.0,NONE,False,False,0.0139,LOW_RISK,1,False,0.0301
prod_20003470,20003470,1000023,Home & Garden,4.27,0,0,0,0,0.0,0.0,0.0,0,3.6e-05,530,0.0,1.0,NONE,False,False,0.0456,LOW_RISK,1,False,0.0301
prod_20001880,20001880,1000272,Automotive,4.27,0,0,0,0,0.0,0.0,0.0,0,3.6e-05,406,0.0,1.0,NONE,False,False,0.0267,LOW_RISK,1,False,0.0301
prod_20002396,20002396,1000248,Sports & Entertainment,4.33,0,0,0,0,0.0,0.0,0.0,0,3.6e-05,360,0.0,1.0,NONE,False,False,0.0417,LOW_RISK,1,False,0.0301
prod_20002405,20002405,1000461,Sports & Entertainment,4.33,0,0,0,0,0.0,0.0,0.0,0,3.6e-05,466,0.0,1.0,CHEM_TOXIC,True,True,0.2721,MODERATE_RISK,1,False,0.0301
prod_20000280,20000280,1000446,Consumer Electronics,4.69,13,34,36,2,0.0474,0.08,0.0008,20,0.000266,816,0.1923,0.02,NONE,False,False,0.0841,LOW_RISK,1,False,0.0302
prod_20001920,20001920,1000027,Tools & Home Improvement,5.0,1,7,7,1,0.0544,0.1667,0.0043,7,6.7e-05,923,0.0278,0.022,NONE,False,False,0.0594,LOW_RISK,1,False,0.0303
prod_20000142,20000142,1000325,Sports & Entertainment,5.0,7,23,23,1,0.0585,0.0769,0.0011,19,0.000177,730,0.1959,0.013,NONE,False,False,0.0635,LOW_RISK,1,False,0.0304
prod_20000342,20000342,1000479,Home & Garden,4.8,10,42,44,2,0.0537,0.087,0.001,20,0.0003,270,0.1973,0.02,NONE,False,False,0.1208,LOW_RISK,1,False,0.0304
prod_20000404,20000404,1000266,Home & Garden,4.71,7,18,20,2,0.0688,0.1111,0.001,17,0.000157,270,0.1973,0.02,NONE,False,False,0.0863,LOW_RISK,1,False,0.0304
prod_20004378,20004378,1000087,Jewelry & Accessories,4.11,19,60,67,3,0.0223,0.0526,0.0014,38,0.000375,282,0.013,0.007,NONE,False,False,0.1093,LOW_RISK,1,False,0.0305
prod_20000599,20000599,1000071,Computer & Office,4.86,7,22,22,1,0.0589,0.0833,0.0012,19,0.000171,673,0.1911,0.02,NONE,False,False,0.0778,LOW_RISK,1,False,0.0305
prod_20000495,20000495,1000251,Home & Garden,4.75,12,35,44,2,0.0586,0.1053,0.0012,19,0.000307,673,0.1911,0.02,NONE,False,False,0.1031,LOW_RISK,1,False,0.0305
prod_20000689,20000689,1000200,Automotive,5.0,8,16,19,2,0.067,0.1429,0.0013,16,0.000152,497,0.1926,0.013,NONE,False,False,0.0529,LOW_RISK,1,False,0.0305
prod_20000263,20000263,1000197,Jewelry & Accessories,5.0,11,24,29,3,0.0612,0.125,0.0009,19,0.000223,816,0.1923,0.02,NONE,False,False,0.0788,LOW_RISK,1,False,0.0305
prod_20000647,20000647,1000253,Automotive,5.0,6,17,17,1,0.0634,0.1,0.0011,16,0.000142,497,0.1926,0.013,NONE,False,False,0.0696,LOW_RISK,1,False,0.0306
prod_20000197,20000197,1000495,Tools & Home Improvement,5.0,6,23,23,1,0.067,0.1,0.0009,19,0.000183,816,0.1923,0.02,NONE,False,False,0.1466,LOW_RISK,1,False,0.0307
prod_20004537,20004537,1000192,Jewelry & Accessories,1.0,1,3,3,1,0.0369,0.0909,0.0033,3,5e-05,282,0.013,0.007,NONE,False,False,0.052,LOW_RISK,1,False,0.0307
prod_20001070,20001070,1000053,Sports & Entertainment,4.5,2,8,8,1,0.1015,0.5,0.0026,7,8e-05,282,0.013,0.007,NONE,False,False,0.0966,LOW_RISK,1,False,0.0307
prod_20001202,20001202,1000208,Sports & Entertainment,4.0,2,6,6,1,0.1032,0.3333,0.0023,6,6.7e-05,923,0.0278,0.022,NONE,False,False,0.046,LOW_RISK,1,False,0.0307
prod_20000505,20000505,1000184,Automotive,4.86,7,21,21,1,0.06,0.0714,0.0011,19,0.000166,673,0.1911,0.02,NONE,False,False,0.0755,LOW_RISK,1,False,0.0307
prod_20000664,20000664,1000244,Phones & Telecommunications,4.75,12,34,40,3,0.0545,0.125,0.0011,19,0.000285,497,0.1926,0.013,NONE,False,False,0.0833,LOW_RISK,1,False,0.0307
prod_20003473,20003473,1000447,Consumer Electronics,4.28,0,0,0,0,0.0,0.0,0.0,0,3.6e-05,826,0.0,1.0,NONE,False,False,0.0553,LOW_RISK,1,False,0.0308
prod_20002875,20002875,1000354,Tools & Home Improvement,4.28,0,0,0,0,0.0,0.0,0.0,0,3.6e-05,722,0.0,1.0,NONE,False,False,0.0372,LOW_RISK,1,False,0.0308
prod_20004370,20004370,1000120,Tools & Home Improvement,4.28,0,0,0,0,0.0,0.0,0.0,0,3.6e-05,141,0.0,1.0,NONE,False,False,0.0429,LOW_RISK,1,False,0.0308
prod_20003007,20003007,1000357,Consumer Electronics,4.0,1,1,1,1,0.0035,0.0035,0.0,1,4e-05,282,0.013,0.007,NONE,False,False,0.0506,LOW_RISK,1,False,0.0308
prod_20002012,20002012,1000322,Tools & Home Improvement,4.28,0,0,0,0,0.0,0.0,0.0,0,3.6e-05,882,0.0,1.0,NONE,False,False,0.0528,LOW_RISK,1,False,0.0308
prod_20003560,20003560,1000235,Computer & Office,4.28,0,0,0,0,0.0,0.0,0.0,0,3.6e-05,543,0.0,1.0,NONE,False,False,0.0969,LOW_RISK,1,False,0.0308
prod_20004289,20004289,1000194,Home & Garden,4.28,0,0,0,0,0.0,0.0,0.0,0,3.6e-05,353,0.0,1.0,UNCERTIFIED_MED,False,True,0.0643,LOW_RISK,1,False,0.0308
prod_20003689,20003689,1000405,Sports & Entertainment,4.28,0,0,0,0,0.0,0.0,0.0,0,3.6e-05,261,0.0,1.0,NONE,False,False,0.054,LOW_RISK,1,False,0.0308
prod_20001602,20001602,1000088,Jewelry & Accessories,4.28,0,0,0,0,0.0,0.0,0.0,0,3.6e-05,92,0.0,1.0,NONE,False,False,0.0286,LOW_RISK,1,False,0.0308
prod_20004918,20004918,1000373,Automotive,4.28,0,0,0,0,0.0,0.0,0.0,0,3.6e-05,225,0.0,1.0,NONE,False,False,0.0524,LOW_RISK,1,False,0.0308
prod_20004882,20004882,1000331,Tools & Home Improvement,4.28,0,0,0,0,0.0,0.0,0.0,0,3.6e-05,10,0.0,1.0,NONE,False,False,0.0515,LOW_RISK,1,False,0.0308
prod_20001753,20001753,1000471,Phones & Telecommunications,4.64,0,0,0,0,0.0,0.0,0.0,0,3.6e-05,305,0.0,1.0,NONE,False,False,0.106,LOW_RISK,1,False,0.0309
prod_20002015,20002015,1000098,Consumer Electronics,4.3,0,0,0,0,0.0,0.0,0.0,0,3.6e-05,602,0.0,1.0,NONE,False,False,0.0472,LOW_RISK,1,False,0.0309
prod_20003218,20003218,1000188,Computer & Office,4.31,0,0,0,0,0.0,0.0,0.0,0,3.6e-05,661,0.0,1.0,NONE,False,False,0.0434,LOW_RISK,1,False,0.0309
prod_20002884,20002884,1000192,Home & Garden,3.93,14,44,52,5,0.031,0.0667,0.0013,29,0.000289,501,0.0146,0.015,NONE,False,False,0.0971,LOW_RISK,1,False,0.0309
prod_20000861,20000861,1000424,Jewelry & Accessories,4.31,0,0,0,0,0.0,0.0,0.0,0,3.6e-05,191,0.0,1.0,NONE,False,False,0.0523,LOW_RISK,1,False,0.0309
prod_20002976,20002976,1000087,Phones & Telecommunications,4.31,0,0,0,0,0.0,0.0,0.0,0,3.6e-05,640,0.0,1.0,NONE,False,False,0.0491,LOW_RISK,1,False,0.0309
prod_20001414,20001414,1000230,Computer & Office,4.3,0,0,0,0,0.0,0.0,0.0,0,3.6e-05,562,0.0,1.0,NONE,False,False,0.0442,LOW_RISK,1,False,0.0309
prod_20003013,20003013,1000039,Phones & Telecommunications,4.31,0,0,0,0,0.0,0.0,0.0,0,3.6e-05,262,0.0,1.0,NONE,False,False,0.0555,LOW_RISK,1,False,0.0309
prod_20001828,20001828,1000058,Consumer Electronics,4.3,0,0,0,0,0.0,0.0,0.0,0,3.6e-05,109,0.0,1.0,NONE,False,False,0.056,LOW_RISK,1,False,0.0309
prod_20002830,20002830,1000469,Home & Garden,4.3,0,0,0,0,0.0,0.0,0.0,0,3.6e-05,53,0.0,1.0,NONE,False,False,0.0594,LOW_RISK,1,False,0.0309
prod_20000871,20000871,1000084,Sports & Entertainment,4.3,0,0,0,0,0.0,0.0,0.0,0,3.6e-05,274,0.0,1.0,UNCERTIFIED_MED,False,True,0.1117,LOW_RISK,1,False,0.0309
prod_20001348,20001348,1000493,Consumer Electronics,4.31,0,0,0,0,0.0,0.0,0.0,0,3.6e-05,643,0.0,1.0,NONE,False,False,0.0398,LOW_RISK,1,False,0.0309
prod_20004132,20004132,1000105,Sports & Entertainment,4.64,0,0,0,0,0.0,0.0,0.0,0,3.6e-05,49,0.0,1.0,NONE,False,False,0.0536,LOW_RISK,1,False,0.0309
prod_20000777,20000777,1000427,Tools & Home Improvement,4.3,0,0,0,0,0.0,0.0,0.0,0,3.6e-05,202,0.0,1.0,NONE,False,False,0.0399,LOW_RISK,1,False,0.0309
prod_20002356,20002356,1000263,Sports & Entertainment,1.0,1,4,4,1,0.0323,0.0909,0.0035,4,5.3e-05,714,0.0141,0.006,NONE,False,False,0.0541,LOW_RISK,1,False,0.0309
prod_20001894,20001894,1000195,Sports & Entertainment,4.64,0,0,0,0,0.0,0.0,0.0,0,3.6e-05,513,0.0,1.0,NONE,False,False,0.0327,LOW_RISK,1,False,0.0309
prod_20001751,20001751,1000074,Consumer Electronics,4.31,0,0,0,0,0.0,0.0,0.0,0,3.6e-05,631,0.0,1.0,NONE,False,False,0.0566,LOW_RISK,1,False,0.0309
prod_20001860,20001860,1000284,Phones & Telecommunications,4.64,0,0,0,0,0.0,0.0,0.0,0,3.6e-05,472,0.0,1.0,NONE,False,False,0.0523,LOW_RISK,1,False,0.0309
prod_20001911,20001911,1000474,Tools & Home Improvement,4.64,0,0,0,0,0.0,0.0,0.0,0,3.6e-05,417,0.0,1.0,NONE,False,False,0.0468,LOW_RISK,1,False,0.0309
prod_20002665,20002665,1000205,Automotive,4.3,0,0,0,0,0.0,0.0,0.0,0,3.6e-05,581,0.0,1.0,NONE,False,False,0.0542,LOW_RISK,1,False,0.0309
prod_20000952,20000952,1000105,Automotive,4.64,0,0,0,0,0.0,0.0,0.0,0,3.6e-05,137,0.0,1.0,NONE,False,False,0.0536,LOW_RISK,1,False,0.0309
prod_20001083,20001083,1000177,Sports & Entertainment,4.64,0,0,0,0,0.0,0.0,0.0,0,3.6e-05,598,0.0,1.0,NONE,False,False,0.0345,LOW_RISK,1,False,0.0309
prod_20004689,20004689,1000204,Jewelry & Accessories,4.31,0,0,0,0,0.0,0.0,0.0,0,3.6e-05,91,0.0,1.0,CHOKE_CHILD,False,True,0.1235,LOW_RISK,1,False,0.0309
prod_20000848,20000848,1000072,Tools & Home Improvement,4.64,0,0,0,0,0.0,0.0,0.0,0,3.6e-05,286,0.0,1.0,UNCERTIFIED_MED,True,True,0.2667,MODERATE_RISK,1,False,0.0309
prod_20003938,20003938,1000285,Computer & Office,4.31,0,0,0,0,0.0,0.0,0.0,0,3.6e-05,298,0.0,1.0,NONE,False,False,0.1032,LOW_RISK,1,False,0.0309
prod_20001861,20001861,1000272,Jewelry & Accessories,4.31,0,0,0,0,0.0,0.0,0.0,0,3.6e-05,17,0.0,1.0,NONE,False,False,0.0267,LOW_RISK,1,False,0.0309
prod_20001024,20001024,1000011,Computer & Office,4.64,0,0,0,0,0.0,0.0,0.0,0,3.6e-05,733,0.0,1.0,ELEC_SHOCK,False,True,0.0734,LOW_RISK,1,False,0.0309
prod_20003348,20003348,1000324,Phones & Telecommunications,4.3,0,0,0,0,0.0,0.0,0.0,0,3.6e-05,16,0.0,1.0,NONE,False,False,0.0492,LOW_RISK,1,False,0.0309
prod_20000415,20000415,1000468,Consumer Electronics,5.0,7,28,29,2,0.0651,0.1538,0.001,20,0.000213,270,0.1973,0.02,NONE,False,False,0.0991,LOW_RISK,1,False,0.031
prod_20003730,20003730,1000087,Sports & Entertainment,4.0,1,3,3,1,0.1214,0.3333,0.004,3,5.1e-05,501,0.0146,0.015,NONE,False,False,0.0526,LOW_RISK,1,False,0.031
prod_20004078,20004078,1000467,Consumer Electronics,4.4,20,57,67,6,0.0241,0.05,0.0013,32,0.000366,714,0.0141,0.006,NONE,False,False,0.1094,LOW_RISK,1,False,0.031
prod_20003892,20003892,1000177,Automotive,4.66,0,0,0,0,0.0,0.0,0.0,0,3.6e-05,351,0.0,1.0,NONE,False,False,0.0345,LOW_RISK,1,False,0.0311
prod_20002388,20002388,1000210,Tools & Home Improvement,4.66,0,0,0,0,0.0,0.0,0.0,0,3.6e-05,430,0.0,1.0,NONE,False,False,0.0503,LOW_RISK,1,False,0.0311
prod_20001047,20001047,1000120,Consumer Electronics,4.66,0,0,0,0,0.0,0.0,0.0,0,3.6e-05,329,0.0,1.0,NONE,False,False,0.0429,LOW_RISK,1,False,0.0311
prod_20003076,20003076,1000192,Home & Garden,5.0,1,2,2,1,0.0708,0.125,0.003,2,4.6e-05,923,0.0278,0.022,NONE,False,False,0.0505,LOW_RISK,1,False,0.0311
prod_20001364,20001364,1000002,Automotive,4.66,0,0,0,0,0.0,0.0,0.0,0,3.6e-05,806,0.0,1.0,ELEC_SHOCK,False,True,0.1166,LOW_RISK,1,False,0.0311
prod_20002303,20002303,1000053,Sports & Entertainment,4.66,0,0,0,0,0.0,0.0,0.0,0,3.6e-05,1,0.0,1.0,NONE,False,False,0.088,LOW_RISK,1,False,0.0311
prod_20001553,20001553,1000049,Phones & Telecommunications,4.66,0,0,0,0,0.0,0.0,0.0,0,3.6e-05,234,0.0,1.0,NONE,False,False,0.049,LOW_RISK,1,False,0.0311
prod_20001590,20001590,1000069,Automotive,4.66,0,0,0,0,0.0,0.0,0.0,0,3.6e-05,236,0.0,1.0,NONE,False,False,0.04,LOW_RISK,1,False,0.0311
prod_20001652,20001652,1000198,Automotive,4.63,0,0,0,0,0.0,0.0,0.0,0,3.6e-05,168,0.0,1.0,NONE,False,False,0.054,LOW_RISK,1,False,0.0312
prod_20003200,20003200,1000108,Computer & Office,4.63,0,0,0,0,0.0,0.0,0.0,0,3.6e-05,323,0.0,1.0,NONE,False,False,0.0507,LOW_RISK,1,False,0.0312
prod_20000387,20000387,1000237,Sports & Entertainment,5.0,8,27,31,2,0.0694,0.125,0.001,20,0.000226,270,0.1973,0.02,ELEC_SHOCK,False,True,0.0855,LOW_RISK,1,False,0.0312
prod_20004059,20004059,1000460,Computer & Office,4.63,0,0,0,0,0.0,0.0,0.0,0,3.6e-05,118,0.0,1.0,NONE,False,False,0.0376,LOW_RISK,1,False,0.0312
prod_20004811,20004811,1000045,Jewelry & Accessories,4.63,0,0,0,0,0.0,0.0,0.0,0,3.6e-05,672,0.0,1.0,NONE,False,False,0.0225,LOW_RISK,1,False,0.0312
prod_20001895,20001895,1000108,Computer & Office,4.63,0,0,0,0,0.0,0.0,0.0,0,3.6e-05,357,0.0,1.0,NONE,False,False,0.0507,LOW_RISK,1,False,0.0312
prod_20000911,20000911,1000234,Consumer Electronics,4.63,0,0,0,0,0.0,0.0,0.0,0,3.6e-05,420,0.0,1.0,NONE,False,False,0.0416,LOW_RISK,1,False,0.0312
prod_20003286,20003286,1000494,Phones & Telecommunications,5.0,2,3,3,1,0.1415,0.3333,0.001,3,5.3e-05,282,0.013,0.007,NONE,False,False,0.0541,LOW_RISK,1,False,0.0312
prod_20000293,20000293,1000166,Jewelry & Accessories,4.62,8,28,29,2,0.0614,0.1538,0.001,20,0.000219,816,0.1923,0.02,NONE,False,False,0.0826,LOW_RISK,1,False,0.0313
prod_20003336,20003336,1000004,Computer & Office,4.42,19,39,50,6,0.019,0.0476,0.0022,32,0.000261,714,0.0141,0.006,NONE,False,False,0.1274,LOW_RISK,1,False,0.0313
prod_20000517,20000517,1000137,Automotive,4.75,12,40,43,2,0.0503,0.0952,0.0009,19,0.000306,673,0.1911,0.02,NONE,False,False,0.1165,LOW_RISK,1,False,0.0313
prod_20003919,20003919,1000210,Home & Garden,3.62,16,50,61,4,0.0235,0.0588,0.0017,35,0.000317,282,0.013,0.007,NONE,False,False,0.1072,LOW_RISK,1,False,0.0313
prod_20000059,20000059,1000323,Automotive,5.0,5,17,17,1,0.0702,0.1111,0.001,17,0.000141,730,0.1959,0.013,NONE,False,False,0.0701,LOW_RISK,1,False,0.0313
prod_20000677,20000677,1000179,Home & Garden,4.91,11,32,37,3,0.0562,0.15,0.0009,19,0.000266,497,0.1926,0.013,CHEM_TOXIC,True,True,0.2386,MODERATE_RISK,1,False,0.0314
prod_20000072,20000072,1000126,Jewelry & Accessories,5.0,8,23,25,2,0.0643,0.1818,0.001,18,0.000194,730,0.1959,0.013,NONE,False,False,0.0794,LOW_RISK,1,False,0.0314
prod_20000171,20000171,1000353,Jewelry & Accessories,5.0,16,38,44,2,0.0459,0.087,0.0009,20,0.000316,816,0.1923,0.02,NONE,False,False,0.0861,LOW_RISK,1,False,0.0314
prod_20000038,20000038,1000327,Sports & Entertainment,5.0,9,33,33,1,0.0542,0.0714,0.0009,19,0.00024,730,0.1959,0.013,NONE,False,False,0.0998,LOW_RISK,1,False,0.0315
prod_20000626,20000626,1000291,Tools & Home Improvement,4.82,11,30,30,1,0.05,0.0714,0.0007,19,0.00023,497,0.1926,0.013,NONE,False,False,0.0806,LOW_RISK,1,False,0.0315
prod_20004745,20004745,1000106,Home & Garden,4.32,0,0,0,0,0.0,0.0,0.0,0,3.6e-05,347,0.0,1.0,NONE,False,False,0.0393,LOW_RISK,1,False,0.0315
prod_20004869,20004869,1000309,Tools & Home Improvement,4.32,0,0,0,0,0.0,0.0,0.0,0,3.6e-05,535,0.0,1.0,NONE,False,False,0.058,LOW_RISK,1,False,0.0315
prod_20000393,20000393,1000392,Consumer Electronics,4.71,7,30,32,2,0.0645,0.1111,0.0012,20,0.000228,270,0.1973,0.02,NONE,False,False,0.1038,LOW_RISK,1,False,0.0315
prod_20001410,20001410,1000175,Tools & Home Improvement,4.32,0,0,0,0,0.0,0.0,0.0,0,3.6e-05,78,0.0,1.0,NONE,False,False,0.0318,LOW_RISK,1,False,0.0315
prod_20003325,20003325,1000496,Home & Garden,4.32,0,0,0,0,0.0,0.0,0.0,0,3.6e-05,853,0.0,1.0,NONE,False,False,0.0827,LOW_RISK,1,False,0.0315
prod_20002816,20002816,1000434,Consumer Electronics,4.32,0,0,0,0,0.0,0.0,0.0,0,3.6e-05,725,0.0,1.0,CHOKE_CHILD,False,True,0.0502,LOW_RISK,1,False,0.0315
prod_20000904,20000904,1000021,Sports & Entertainment,4.32,0,0,0,0,0.0,0.0,0.0,0,3.6e-05,255,0.0,1.0,NONE,False,False,0.0392,LOW_RISK,1,False,0.0315
prod_20002176,20002176,1000154,Phones & Telecommunications,4.32,0,0,0,0,0.0,0.0,0.0,0,3.6e-05,43,0.0,1.0,NONE,False,False,0.0583,LOW_RISK,1,False,0.0315
prod_20003099,20003099,1000217,Computer & Office,4.0,1,1,1,1,0.0047,0.0047,0.0,1,4e-05,714,0.0141,0.006,NONE,False,False,0.0489,LOW_RISK,1,False,0.0315
prod_20000783,20000783,1000236,Phones & Telecommunications,4.32,0,0,0,0,0.0,0.0,0.0,0,3.6e-05,280,0.0,1.0,NONE,False,False,0.045,LOW_RISK,1,False,0.0315
prod_20004982,20004982,1000338,Jewelry & Accessories,4.32,0,0,0,0,0.0,0.0,0.0,0,3.6e-05,590,0.0,1.0,NONE,False,False,0.0505,LOW_RISK,1,False,0.0315
prod_20000102,20000102,1000494,Jewelry & Accessories,5.0,13,41,45,2,0.0484,0.087,0.0009,19,0.000315,730,0.1959,0.013,NONE,False,False,0.1047,LOW_RISK,1,False,0.0315
prod_20000511,20000511,1000306,Tools & Home Improvement,5.0,7,23,23,1,0.059,0.0833,0.0011,19,0.00018,673,0.1911,0.02,NONE,False,False,0.0821,LOW_RISK,1,False,0.0316
prod_20000249,20000249,1000390,Computer & Office,4.83,6,19,21,2,0.0691,0.125,0.0013,19,0.000166,816,0.1923,0.02,NONE,False,False,0.1135,LOW_RISK,1,False,0.0316
prod_20001577,20001577,1000085,Computer & Office,4.4,10,42,45,3,0.0343,0.1,0.0015,28,0.000252,923,0.0278,0.022,NONE,False,False,0.0944,LOW_RISK,1,False,0.0316
prod_20000623,20000623,1000312,Sports & Entertainment,4.89,9,15,17,2,0.0608,0.1429,0.0011,15,0.000142,497,0.1926,0.013,NONE,False,False,0.0948,LOW_RISK,1,False,0.0317
prod_20000886,20000886,1000328,Sports & Entertainment,4.0,2,10,10,1,0.0702,0.5,0.0035,9,8.4e-05,714,0.0141,0.006,NONE,False,False,0.066,LOW_RISK,1,False,0.0317
prod_20004609,20004609,1000382,Computer & Office,4.19,21,64,73,4,0.0244,0.0476,0.0011,34,0.0004,282,0.013,0.007,NONE,False,False,0.1115,LOW_RISK,1,False,0.0318
prod_20002064,20002064,1000027,Home & Garden,4.0,2,6,7,2,0.0505,0.1667,0.0054,6,6.7e-05,714,0.0141,0.006,NONE,False,False,0.0624,LOW_RISK,1,False,0.0318
prod_20000909,20000909,1000198,Sports & Entertainment,4.5,2,7,7,1,0.1049,0.5,0.0023,6,8e-05,714,0.0141,0.006,NONE,False,False,0.0727,LOW_RISK,1,False,0.0318
prod_20000742,20000742,1000396,Automotive,5.0,7,16,18,2,0.0656,0.1053,0.0014,16,0.000146,497,0.1926,0.013,NONE,False,False,0.0782,LOW_RISK,1,False,0.0319
prod_20000014,20000014,1000369,Tools & Home Improvement,5.0,6,19,19,1,0.066,0.1,0.001,18,0.000153,730,0.1959,0.013,NONE,False,False,0.0688,LOW_RISK,1,False,0.032
prod_20003573,20003573,1000391,Computer & Office,4.0,1,1,1,1,0.0085,0.0085,0.0,1,4e-05,282,0.013,0.007,NONE,False,False,0.0478,LOW_RISK,1,False,0.032
prod_20000610,20000610,1000275,Automotive,4.91,11,35,42,3,0.0572,0.1364,0.0011,19,0.000294,497,0.1926,0.013,NONE,False,False,0.0877,LOW_RISK,1,False,0.032
prod_20001396,20001396,1000093,Automotive,4.5,2,9,9,1,0.0876,0.5,0.0026,8,8.6e-05,282,0.013,0.007,ELEC_SHOCK,False,True,0.0788,LOW_RISK,1,False,0.032
prod_20003247,20003247,1000356,Home & Garden,5.0,1,1,1,1,0.0145,0.0145,0.0,1,4e-05,714,0.0141,0.006,NONE,False,False,0.1191,LOW_RISK,1,False,0.0321
prod_20000251,20000251,1000450,Automotive,4.79,14,38,45,2,0.0525,0.1176,0.0009,20,0.000325,816,0.1923,0.02,ELEC_SHOCK,False,True,0.1544,MODERATE_RISK,1,False,0.0321
prod_20003294,20003294,1000494,Computer & Office,4.62,0,0,0,0,0.0,0.0,0.0,0,3.6e-05,467,0.0,1.0,NONE,False,False,0.0511,LOW_RISK,1,False,0.0321
prod_20001390,20001390,1000182,Computer & Office,4.62,0,0,0,0,0.0,0.0,0.0,0,3.6e-05,144,0.0,1.0,CHOKE_CHILD,False,True,0.1435,LOW_RISK,1,False,0.0321
prod_20003646,20003646,1000021,Consumer Electronics,3.58,19,57,64,3,0.0248,0.0526,0.0011,33,0.000347,714,0.0141,0.006,NONE,False,False,0.1146,LOW_RISK,1,False,0.0321
prod_20004498,20004498,1000337,Computer & Office,4.62,0,0,0,0,0.0,0.0,0.0,0,3.6e-05,688,0.0,1.0,NONE,False,False,0.0394,LOW_RISK,1,False,0.0321
prod_20002187,20002187,1000347,Phones & Telecommunications,4.62,0,0,0,0,0.0,0.0,0.0,0,3.6e-05,389,0.0,1.0,NONE,False,False,0.052,LOW_RISK,1,False,0.0321
prod_20003116,20003116,1000240,Home & Garden,4.62,0,0,0,0,0.0,0.0,0.0,0,3.6e-05,378,0.0,1.0,NONE,False,False,0.038,LOW_RISK,1,False,0.0321
prod_20000799,20000799,1000314,Home & Garden,4.62,0,0,0,0,0.0,0.0,0.0,0,3.6e-05,804,0.0,1.0,NONE,False,False,0.044,LOW_RISK,1,False,0.0321
prod_20002299,20002299,1000437,Sports & Entertainment,4.62,0,0,0,0,0.0,0.0,0.0,0,3.6e-05,79,0.0,1.0,NONE,False,False,0.0251,LOW_RISK,1,False,0.0321
prod_20002882,20002882,1000319,Home & Garden,4.62,0,0,0,0,0.0,0.0,0.0,0,3.6e-05,622,0.0,1.0,NONE,False,False,0.0363,LOW_RISK,1,False,0.0321
prod_20002742,20002742,1000413,Tools & Home Improvement,4.62,0,0,0,0,0.0,0.0,0.0,0,3.6e-05,796,0.0,1.0,NONE,False,False,0.0582,LOW_RISK,1,False,0.0321
prod_20004585,20004585,1000325,Consumer Electronics,4.33,3,11,12,2,0.0566,0.3333,0.0038,10,9.8e-05,501,0.0146,0.015,NONE,False,False,0.0469,LOW_RISK,1,False,0.0322
prod_20001497,20001497,1000252,Home & Garden,4.0,1,1,1,1,0.0005,0.0005,0.0,1,4e-05,714,0.0141,0.006,NONE,False,False,0.0334,LOW_RISK,1,False,0.0322
prod_20000631,20000631,1000492,Sports & Entertainment,5.0,9,34,41,2,0.0699,0.1429,0.0011,19,0.000295,497,0.1926,0.013,NONE,False,False,0.0988,LOW_RISK,1,False,0.0322
prod_20000500,20000500,1000137,Computer & Office,5.0,8,21,21,1,0.0578,0.0833,0.001,18,0.000169,673,0.1911,0.02,NONE,False,False,0.0825,LOW_RISK,1,False,0.0323
prod_20000265,20000265,1000499,Phones & Telecommunications,5.0,8,25,28,2,0.0709,0.1818,0.001,19,0.000218,816,0.1923,0.02,NONE,False,False,0.0812,LOW_RISK,1,False,0.0323
prod_20002390,20002390,1000136,Automotive,4.0,1,3,3,1,0.1529,0.3333,0.003,3,5.5e-05,501,0.0146,0.015,NONE,False,False,0.0522,LOW_RISK,1,False,0.0323
prod_20002792,20002792,1000275,Phones & Telecommunications,4.0,1,4,4,1,0.0077,0.0145,0.0058,4,5.3e-05,714,0.0141,0.006,NONE,False,False,0.0486,LOW_RISK,1,False,0.0323
prod_20002116,20002116,1000207,Computer & Office,4.0,1,5,5,1,0.1149,0.5,0.0032,5,6.2e-05,714,0.0141,0.006,NONE,False,False,0.0368,LOW_RISK,1,False,0.0324
prod_20003582,20003582,1000426,Sports & Entertainment,4.29,0,0,0,0,0.0,0.0,0.0,0,3.6e-05,195,0.0,1.0,NONE,False,False,0.0477,LOW_RISK,1,False,0.0324
prod_20002257,20002257,1000418,Jewelry & Accessories,4.21,19,59,70,4,0.0217,0.0833,0.0017,37,0.000361,714,0.0141,0.006,NONE,False,False,0.1351,LOW_RISK,1,False,0.0324
prod_20002908,20002908,1000390,Home & Garden,4.29,0,0,0,0,0.0,0.0,0.0,0,3.6e-05,588,0.0,1.0,NONE,False,False,0.098,LOW_RISK,1,False,0.0324
prod_20001560,20001560,1000187,Home & Garden,4.29,0,0,0,0,0.0,0.0,0.0,0,3.6e-05,621,0.0,1.0,NONE,False,False,0.0394,LOW_RISK,1,False,0.0324
prod_20001164,20001164,1000020,Sports & Entertainment,4.29,0,0,0,0,0.0,0.0,0.0,0,3.6e-05,297,0.0,1.0,NONE,False,False,0.0405,LOW_RISK,1,False,0.0324
prod_20004478,20004478,1000386,Computer & Office,4.29,0,0,0,0,0.0,0.0,0.0,0,3.6e-05,231,0.0,1.0,NONE,False,False,0.0312,LOW_RISK,1,False,0.0324
prod_20000294,20000294,1000192,Tools & Home Improvement,5.0,7,23,26,2,0.074,0.1333,0.0009,19,0.000206,816,0.1923,0.02,NONE,False,False,0.0787,LOW_RISK,1,False,0.0324
prod_20002756,20002756,1000072,Sports & Entertainment,4.29,0,0,0,0,0.0,0.0,0.0,0,3.6e-05,470,0.0,1.0,ELEC_SHOCK,False,True,0.1613,MODERATE_RISK,1,False,0.0324
prod_20003899,20003899,1000072,Consumer Electronics,4.29,0,0,0,0,0.0,0.0,0.0,0,3.6e-05,254,0.0,1.0,UNCERTIFIED_MED,False,True,0.1613,MODERATE_RISK,1,False,0.0324
prod_20003495,20003495,1000158,Computer & Office,4.29,0,0,0,0,0.0,0.0,0.0,0,3.6e-05,873,0.0,1.0,NONE,False,False,0.0307,LOW_RISK,1,False,0.0324
prod_20000583,20000583,1000058,Automotive,4.77,13,39,42,2,0.0487,0.1,0.0009,19,0.000299,673,0.1911,0.02,NONE,False,False,0.0983,LOW_RISK,1,False,0.0325
prod_20000099,20000099,1000312,Automotive,4.83,6,22,22,1,0.0597,0.0833,0.0009,19,0.000171,730,0.1959,0.013,ELEC_SHOCK,True,True,0.2417,MODERATE_RISK,1,False,0.0325
prod_20002841,20002841,1000063,Phones & Telecommunications,4.0,1,1,1,1,0.0074,0.0074,0.0,1,4e-05,714,0.0141,0.006,NONE,False,False,0.0315,LOW_RISK,1,False,0.0325
prod_20004005,20004005,1000252,Tools & Home Improvement,5.0,2,2,2,1,0.05,0.0909,0.003,2,4.5e-05,923,0.0278,0.022,NONE,False,False,0.0348,LOW_RISK,1,False,0.0326
prod_20000445,20000445,1000390,Jewelry & Accessories,4.92,13,42,45,2,0.0486,0.1,0.0009,20,0.000308,270,0.1973,0.02,NONE,False,False,0.1395,LOW_RISK,1,False,0.0327
prod_20003172,20003172,1000242,Tools & Home Improvement,3.0,1,5,5,1,0.0702,0.25,0.0045,5,6.1e-05,501,0.0146,0.015,NONE,False,False,0.0551,LOW_RISK,1,False,0.0327
prod_20001666,20001666,1000320,Automotive,4.0,2,8,10,2,0.1211,0.3333,0.0038,8,8.5e-05,714,0.0141,0.006,NONE,False,False,0.065,LOW_RISK,1,False,0.0327
prod_20000042,20000042,1000470,Tools & Home Improvement,4.83,6,18,19,2,0.0675,0.125,0.0013,17,0.000153,730,0.1959,0.013,NONE,False,False,0.0708,LOW_RISK,1,False,0.0327
prod_20004433,20004433,1000286,Home & Garden,4.34,0,0,0,0,0.0,0.0,0.0,0,3.6e-05,388,0.0,1.0,NONE,False,False,0.0447,LOW_RISK,1,False,0.0328
prod_20004883,20004883,1000072,Home & Garden,4.34,0,0,0,0,0.0,0.0,0.0,0,3.6e-05,912,0.0,1.0,CHEM_TOXIC,True,True,0.2667,MODERATE_RISK,1,False,0.0328
prod_20004021,20004021,1000366,Computer & Office,4.34,0,0,0,0,0.0,0.0,0.0,0,3.6e-05,193,0.0,1.0,NONE,False,False,0.0341,LOW_RISK,1,False,0.0328
prod_20002803,20002803,1000113,Home & Garden,4.34,0,0,0,0,0.0,0.0,0.0,0,3.6e-05,438,0.0,1.0,NONE,False,False,0.036,LOW_RISK,1,False,0.0328
prod_20001522,20001522,1000401,Jewelry & Accessories,4.34,0,0,0,0,0.0,0.0,0.0,0,3.6e-05,152,0.0,1.0,NONE,False,False,0.048,LOW_RISK,1,False,0.0328
prod_20004232,20004232,1000387,Jewelry & Accessories,4.34,0,0,0,0,0.0,0.0,0.0,0,3.6e-05,400,0.0,1.0,NONE,False,False,0.0428,LOW_RISK,1,False,0.0328
prod_20002281,20002281,1000087,Consumer Electronics,4.34,0,0,0,0,0.0,0.0,0.0,0,3.6e-05,393,0.0,1.0,NONE,False,False,0.0491,LOW_RISK,1,False,0.0328
prod_20001870,20001870,1000476,Jewelry & Accessories,4.34,0,0,0,0,0.0,0.0,0.0,0,3.6e-05,884,0.0,1.0,NONE,False,False,0.049,LOW_RISK,1,False,0.0328
prod_20002134,20002134,1000389,Home & Garden,4.34,0,0,0,0,0.0,0.0,0.0,0,3.6e-05,597,0.0,1.0,NONE,False,False,0.0295,LOW_RISK,1,False,0.0328
prod_20003354,20003354,1000260,Computer & Office,4.34,0,0,0,0,0.0,0.0,0.0,0,3.6e-05,82,0.0,1.0,NONE,False,False,0.0399,LOW_RISK,1,False,0.0328
prod_20001444,20001444,1000454,Jewelry & Accessories,4.34,0,0,0,0,0.0,0.0,0.0,0,3.6e-05,679,0.0,1.0,NONE,False,False,0.0263,LOW_RISK,1,False,0.0328
prod_20002522,20002522,1000191,Phones & Telecommunications,4.34,0,0,0,0,0.0,0.0,0.0,0,3.6e-05,763,0.0,1.0,NONE,False,False,0.0517,LOW_RISK,1,False,0.0328
prod_20004880,20004880,1000329,Sports & Entertainment,4.34,0,0,0,0,0.0,0.0,0.0,0,3.6e-05,150,0.0,1.0,NONE,False,False,0.1277,LOW_RISK,1,False,0.0328
prod_20004100,20004100,1000118,Phones & Telecommunications,4.34,0,0,0,0,0.0,0.0,0.0,0,3.6e-05,609,0.0,1.0,NONE,False,False,0.0308,LOW_RISK,1,False,0.0328
prod_20000941,20000941,1000421,Jewelry & Accessories,4.34,0,0,0,0,0.0,0.0,0.0,0,3.6e-05,584,0.0,1.0,NONE,False,False,0.0441,LOW_RISK,1,False,0.0328
prod_20000711,20000711,1000125,Phones & Telecommunications,4.92,12,34,38,3,0.0505,0.1429,0.0011,19,0.00027,497,0.1926,0.013,NONE,False,False,0.0861,LOW_RISK,1,False,0.0329
prod_20000427,20000427,1000479,Home & Garden,5.0,11,31,38,2,0.0623,0.125,0.0011,20,0.000265,270,0.1973,0.02,NONE,False,False,0.1067,LOW_RISK,1,False,0.033
prod_20000210,20000210,1000210,Sports & Entertainment,4.86,7,23,25,2,0.0664,0.1538,0.0011,20,0.000193,816,0.1923,0.02,NONE,False,False,0.0846,LOW_RISK,1,False,0.033
prod_20004179,20004179,1000073,Consumer Electronics,3.4,5,10,10,1,0.0833,0.2,0.0015,7,0.000119,923,0.0278,0.022,CHOKE_CHILD,False,True,0.1291,LOW_RISK,1,False,0.033
prod_20000978,20000978,1000273,Jewelry & Accessories,4.25,4,10,11,2,0.0642,0.25,0.0028,9,9.5e-05,923,0.0278,0.022,NONE,False,False,0.0602,LOW_RISK,1,False,0.0332
prod_20000262,20000262,1000283,Automotive,4.86,7,22,22,1,0.0641,0.0909,0.0009,19,0.000178,816,0.1923,0.02,NONE,False,False,0.089,LOW_RISK,1,False,0.0332
prod_20000549,20000549,1000458,Phones & Telecommunications,5.0,10,27,30,3,0.0578,0.1429,0.001,19,0.000229,673,0.1911,0.02,NONE,False,False,0.0894,LOW_RISK,1,False,0.0332
prod_20000709,20000709,1000357,Sports & Entertainment,4.87,15,41,46,2,0.0468,0.1,0.0008,19,0.000326,497,0.1926,0.013,NONE,False,False,0.1079,LOW_RISK,1,False,0.0333
prod_20000001,20000001,1000390,Automotive,4.86,7,17,18,2,0.065,0.1333,0.001,16,0.000148,730,0.1959,0.013,NONE,False,False,0.1115,LOW_RISK,1,False,0.0333
prod_20002321,20002321,1000255,Consumer Electronics,4.11,19,62,70,5,0.0258,0.0526,0.0011,33,0.000403,714,0.0141,0.006,NONE,False,False,0.1175,LOW_RISK,1,False,0.0333
prod_20002328,20002328,1000279,Consumer Electronics,4.0,22,61,66,2,0.0228,0.0541,0.0011,35,0.000387,282,0.013,0.007,NONE,False,False,0.1198,LOW_RISK,1,False,0.0333
prod_20000467,20000467,1000115,Automotive,4.88,8,26,26,1,0.0579,0.0833,0.0008,19,0.0002,673,0.1911,0.02,NONE,False,False,0.0854,LOW_RISK,1,False,0.0334
prod_20000462,20000462,1000076,Home & Garden,4.9,10,35,43,2,0.0644,0.1429,0.0011,19,0.000307,673,0.1911,0.02,NONE,False,False,0.0971,LOW_RISK,1,False,0.0334
prod_20000278,20000278,1000169,Phones & Telecommunications,5.0,13,30,34,3,0.0521,0.1154,0.0009,20,0.000253,816,0.1923,0.02,NONE,False,False,0.0815,LOW_RISK,1,False,0.0334
prod_20000150,20000150,1000093,Computer & Office,4.83,6,18,20,2,0.0711,0.1333,0.0011,18,0.000161,816,0.1923,0.02,ELEC_SHOCK,False,True,0.0917,LOW_RISK,1,False,0.0335
prod_20003352,20003352,1000475,Jewelry & Accessories,5.0,2,3,3,1,0.0105,0.0167,0.0056,3,4.9e-05,714,0.0141,0.006,NONE,False,False,0.1308,LOW_RISK,1,False,0.0335
prod_20000472,20000472,1000326,Consumer Electronics,5.0,9,28,28,1,0.0553,0.0714,0.0009,19,0.000212,673,0.1911,0.02,NONE,False,False,0.0922,LOW_RISK,1,False,0.0335
prod_20000272,20000272,1000310,Computer & Office,4.92,12,39,43,2,0.0539,0.125,0.0008,20,0.000315,816,0.1923,0.02,NONE,False,False,0.1002,LOW_RISK,1,False,0.0335
prod_20000143,20000143,1000129,Consumer Electronics,4.86,7,21,21,1,0.0624,0.1,0.0011,18,0.000167,730,0.1959,0.013,NONE,False,False,0.0695,LOW_RISK,1,False,0.0335
prod_20002130,20002130,1000363,Home & Garden,3.0,1,4,4,1,0.1607,0.25,0.003,4,6.1e-05,282,0.013,0.007,NONE,False,False,0.0485,LOW_RISK,1,False,0.0336
prod_20000169,20000169,1000151,Automotive,4.86,14,41,43,2,0.0458,0.1053,0.0008,20,0.000312,816,0.1923,0.02,NONE,False,False,0.0964,LOW_RISK,1,False,0.0337
prod_20000279,20000279,1000298,Automotive,5.0,7,22,24,2,0.0716,0.1538,0.0009,19,0.00019,816,0.1923,0.02,NONE,False,False,0.0766,LOW_RISK,1,False,0.0338
prod_20000499,20000499,1000365,Phones & Telecommunications,4.86,7,22,22,1,0.0631,0.0909,0.0009,19,0.000175,673,0.1911,0.02,NONE,False,False,0.0733,LOW_RISK,1,False,0.0338
prod_20004009,20004009,1000014,Automotive,2.5,2,5,5,1,0.1133,0.25,0.0012,5,6.4e-05,282,0.013,0.007,NONE,False,False,0.0516,LOW_RISK,1,False,0.0338
prod_20000048,20000048,1000261,Phones & Telecommunications,5.0,10,21,25,2,0.0643,0.1429,0.0012,18,0.000195,730,0.1959,0.013,NONE,False,False,0.0966,LOW_RISK,1,False,0.0339
prod_20000617,20000617,1000225,Home & Garden,4.71,7,20,22,2,0.0703,0.1429,0.0009,17,0.000178,497,0.1926,0.013,NONE,False,False,0.0641,LOW_RISK,1,False,0.0339
prod_20004046,20004046,1000129,Jewelry & Accessories,4.0,1,4,4,1,0.0093,0.0196,0.0055,4,5.2e-05,282,0.013,0.007,NONE,False,False,0.0453,LOW_RISK,1,False,0.0339
prod_20000743,20000743,1000044,Jewelry & Accessories,4.93,14,41,43,2,0.0453,0.0714,0.0009,19,0.000307,497,0.1926,0.013,NONE,False,False,0.0832,LOW_RISK,1,False,0.034
prod_20003463,20003463,1000094,Consumer Electronics,4.35,0,0,0,0,0.0,0.0,0.0,0,3.6e-05,916,0.0,1.0,NONE,False,False,0.0875,LOW_RISK,1,False,0.034
prod_20002096,20002096,1000210,Jewelry & Accessories,3.79,14,37,43,4,0.0235,0.0588,0.0018,29,0.000232,501,0.0146,0.015,NONE,False,False,0.09,LOW_RISK,1,False,0.034
prod_20003798,20003798,1000404,Computer & Office,4.35,0,0,0,0,0.0,0.0,0.0,0,3.6e-05,768,0.0,1.0,NONE,False,False,0.0372,LOW_RISK,1,False,0.034
prod_20000956,20000956,1000410,Consumer Electronics,4.35,0,0,0,0,0.0,0.0,0.0,0,3.6e-05,847,0.0,1.0,UNCERTIFIED_MED,False,True,0.0751,LOW_RISK,1,False,0.034
prod_20001087,20001087,1000445,Computer & Office,4.35,0,0,0,0,0.0,0.0,0.0,0,3.6e-05,676,0.0,1.0,NONE,False,False,0.1013,LOW_RISK,1,False,0.034
prod_20004185,20004185,1000476,Computer & Office,4.35,0,0,0,0,0.0,0.0,0.0,0,3.6e-05,369,0.0,1.0,NONE,False,False,0.049,LOW_RISK,1,False,0.034
prod_20002414,20002414,1000111,Computer & Office,4.0,3,6,6,1,0.1447,0.3333,0.0008,5,8.7e-05,714,0.0141,0.006,NONE,False,False,0.0774,LOW_RISK,1,False,0.034
prod_20004402,20004402,1000319,Sports & Entertainment,4.35,0,0,0,0,0.0,0.0,0.0,0,3.6e-05,426,0.0,1.0,NONE,False,False,0.0363,LOW_RISK,1,False,0.034
prod_20002621,20002621,1000102,Computer & Office,4.35,0,0,0,0,0.0,0.0,0.0,0,3.6e-05,52,0.0,1.0,NONE,False,False,0.049,LOW_RISK,1,False,0.034
prod_20004197,20004197,1000137,Home & Garden,5.0,1,2,2,1,0.0292,0.0556,0.003,2,4.4e-05,923,0.0278,0.022,NONE,False,False,0.0625,LOW_RISK,1,False,0.034
prod_20000110,20000110,1000433,Phones & Telecommunications,4.86,7,19,19,1,0.0595,0.0833,0.001,19,0.000152,730,0.1959,0.013,NONE,False,False,0.0696,LOW_RISK,1,False,0.034
prod_20004593,20004593,1000316,Home & Garden,4.35,0,0,0,0,0.0,0.0,0.0,0,3.6e-05,362,0.0,1.0,CHEM_TOXIC,False,True,0.1727,MODERATE_RISK,1,False,0.034
prod_20003795,20003795,1000309,Tools & Home Improvement,4.35,0,0,0,0,0.0,0.0,0.0,0,3.6e-05,783,0.0,1.0,NONE,False,False,0.058,LOW_RISK,1,False,0.034
prod_20001822,20001822,1000295,Automotive,4.35,0,0,0,0,0.0,0.0,0.0,0,3.6e-05,481,0.0,1.0,NONE,False,False,0.0463,LOW_RISK,1,False,0.034
prod_20000324,20000324,1000378,Consumer Electronics,4.89,9,20,21,2,0.0586,0.1,0.0008,17,0.000165,270,0.1973,0.02,NONE,False,False,0.0746,LOW_RISK,1,False,0.034
prod_20003078,20003078,1000306,Jewelry & Accessories,4.35,0,0,0,0,0.0,0.0,0.0,0,3.6e-05,307,0.0,1.0,NONE,False,False,0.0532,LOW_RISK,1,False,0.034
prod_20004227,20004227,1000311,Phones & Telecommunications,4.35,0,0,0,0,0.0,0.0,0.0,0,3.6e-05,752,0.0,1.0,NONE,False,False,0.0471,LOW_RISK,1,False,0.034
prod_20000801,20000801,1000451,Jewelry & Accessories,4.35,0,0,0,0,0.0,0.0,0.0,0,3.6e-05,518,0.0,1.0,NONE,False,False,0.0563,LOW_RISK,1,False,0.034
prod_20003673,20003673,1000447,Jewelry & Accessories,3.86,7,21,24,3,0.0271,0.1429,0.0025,19,0.000144,923,0.0278,0.022,NONE,False,False,0.0786,LOW_RISK,1,False,0.0341
prod_20000198,20000198,1000177,Phones & Telecommunications,5.0,8,21,25,2,0.0716,0.1538,0.0011,19,0.000195,816,0.1923,0.02,NONE,False,False,0.0786,LOW_RISK,1,False,0.0341
prod_20002758,20002758,1000026,Home & Garden,4.0,2,8,8,1,0.0629,0.2,0.004,8,7.6e-05,923,0.0278,0.022,NONE,False,False,0.048,LOW_RISK,1,False,0.0341
prod_20000736,20000736,1000468,Tools & Home Improvement,4.92,12,34,42,3,0.0579,0.1429,0.001,19,0.000298,497,0.1926,0.013,NONE,False,False,0.0846,LOW_RISK,1,False,0.0341
prod_20003246,20003246,1000036,Automotive,3.0,2,4,4,1,0.1337,0.25,0.001,4,6.7e-05,282,0.013,0.007,NONE,False,False,0.0456,LOW_RISK,1,False,0.0342
prod_20000378,20000378,1000393,Computer & Office,4.92,12,37,42,2,0.0512,0.1111,0.0012,20,0.000286,270,0.1973,0.02,NONE,False,False,0.1097,LOW_RISK,1,False,0.0342
prod_20001062,20001062,1000137,Phones & Telecommunications,2.0,1,3,3,1,0.0183,0.0256,0.0035,3,4.8e-05,714,0.0141,0.006,NONE,False,False,0.0638,LOW_RISK,1,False,0.0342
prod_20000298,20000298,1000142,Automotive,4.89,9,24,24,1,0.0543,0.0833,0.001,20,0.000189,816,0.1923,0.02,NONE,False,False,0.073,LOW_RISK,1,False,0.0342
prod_20000496,20000496,1000283,Sports & Entertainment,5.0,7,18,19,2,0.0626,0.1,0.0011,16,0.000156,673,0.1911,0.02,NONE,False,False,0.0806,LOW_RISK,1,False,0.0342
prod_20000367,20000367,1000232,Computer & Office,5.0,9,33,36,2,0.0591,0.1111,0.0012,20,0.000253,270,0.1973,0.02,NONE,False,False,0.1085,LOW_RISK,1,False,0.0343
prod_20003839,20003839,1000313,Sports & Entertainment,5.0,1,1,1,1,0.0278,0.0278,0.0,1,4e-05,282,0.013,0.007,NONE,False,False,0.0348,LOW_RISK,1,False,0.0343
prod_20001823,20001823,1000456,Home & Garden,4.0,16,44,55,6,0.0222,0.0476,0.0019,32,0.000278,714,0.0141,0.006,NONE,False,False,0.1103,LOW_RISK,1,False,0.0344
prod_20000347,20000347,1000120,Consumer Electronics,4.71,7,23,26,2,0.0706,0.1333,0.001,19,0.000194,270,0.1973,0.02,NONE,False,False,0.0875,LOW_RISK,1,False,0.0345
prod_20003347,20003347,1000208,Tools & Home Improvement,3.9,20,55,61,2,0.0187,0.0455,0.0016,37,0.000311,714,0.0141,0.006,NONE,False,False,0.1056,LOW_RISK,1,False,0.0346
prod_20000307,20000307,1000489,Phones & Telecommunications,5.0,8,22,24,2,0.0575,0.087,0.0013,19,0.000177,270,0.1973,0.02,NONE,False,False,0.0957,LOW_RISK,1,False,0.0346
prod_20000112,20000112,1000230,Computer & Office,4.89,9,22,22,1,0.0548,0.0769,0.001,19,0.000173,730,0.1959,0.013,NONE,False,False,0.0814,LOW_RISK,1,False,0.0346
prod_20000633,20000633,1000443,Computer & Office,4.8,10,30,30,1,0.0511,0.0714,0.0009,19,0.000223,497,0.1926,0.013,NONE,False,False,0.0832,LOW_RISK,1,False,0.0346
prod_20002850,20002850,1000442,Consumer Electronics,4.22,23,62,72,5,0.0208,0.0435,0.0013,36,0.000392,714,0.0141,0.006,NONE,False,False,0.105,LOW_RISK,1,False,0.0347
prod_20000724,20000724,1000364,Phones & Telecommunications,4.86,7,20,22,2,0.0689,0.1429,0.001,17,0.000177,497,0.1926,0.013,NONE,False,False,0.07,LOW_RISK,1,False,0.0347
prod_20002259,20002259,1000363,Automotive,3.0,1,4,4,1,0.0185,0.0357,0.0049,4,5.3e-05,282,0.013,0.007,NONE,False,False,0.0451,LOW_RISK,1,False,0.0347
prod_20001435,20001435,1000228,Phones & Telecommunications,4.53,15,50,59,6,0.0271,0.0625,0.0015,30,0.000317,282,0.013,0.007,NONE,False,False,0.114,LOW_RISK,1,False,0.0348
prod_20002480,20002480,1000305,Automotive,4.04,23,63,70,3,0.0204,0.0435,0.0013,36,0.000387,714,0.0141,0.006,NONE,False,False,0.1208,LOW_RISK,1,False,0.0348
prod_20000216,20000216,1000265,Computer & Office,5.0,9,28,33,2,0.0671,0.1429,0.0009,20,0.000248,816,0.1923,0.02,NONE,False,False,0.0807,LOW_RISK,1,False,0.0348
prod_20004104,20004104,1000039,Consumer Electronics,4.05,21,55,64,3,0.02,0.0455,0.0015,38,0.000337,282,0.013,0.007,NONE,False,False,0.1092,LOW_RISK,1,False,0.0349
prod_20002709,20002709,1000061,Tools & Home Improvement,3.0,1,2,2,1,0.1034,0.2,0.003,2,4.6e-05,714,0.0141,0.006,NONE,False,False,0.0486,LOW_RISK,1,False,0.0349
prod_20004642,20004642,1000056,Automotive,2.67,3,13,13,1,0.0594,0.3333,0.0015,12,0.000105,282,0.013,0.007,NONE,False,False,0.079,LOW_RISK,1,False,0.0349
prod_20000349,20000349,1000081,Sports & Entertainment,5.0,11,28,35,2,0.0599,0.1111,0.0013,20,0.000243,270,0.1973,0.02,NONE,False,False,0.1149,LOW_RISK,1,False,0.0349
prod_20003624,20003624,1000148,Tools & Home Improvement,4.61,0,0,0,0,0.0,0.0,0.0,0,3.6e-05,218,0.0,1.0,CHEM_TOXIC,False,True,0.0485,LOW_RISK,1,False,0.035
prod_20004393,20004393,1000002,Automotive,4.61,0,0,0,0,0.0,0.0,0.0,0,3.6e-05,412,0.0,1.0,ELEC_SHOCK,False,True,0.1166,LOW_RISK,1,False,0.035
prod_20001607,20001607,1000178,Sports & Entertainment,4.61,0,0,0,0,0.0,0.0,0.0,0,3.6e-05,279,0.0,1.0,NONE,False,False,0.037,LOW_RISK,1,False,0.035
prod_20004801,20004801,1000491,Jewelry & Accessories,4.61,0,0,0,0,0.0,0.0,0.0,0,3.6e-05,731,0.0,1.0,CHOKE_CHILD,False,True,0.0828,LOW_RISK,1,False,0.035
prod_20001152,20001152,1000261,Automotive,4.61,0,0,0,0,0.0,0.0,0.0,0,3.6e-05,213,0.0,1.0,NONE,False,False,0.0592,LOW_RISK,1,False,0.035
prod_20001025,20001025,1000187,Consumer Electronics,4.61,0,0,0,0,0.0,0.0,0.0,0,3.6e-05,770,0.0,1.0,NONE,False,False,0.0394,LOW_RISK,1,False,0.035
prod_20000660,20000660,1000202,Automotive,5.0,13,40,44,2,0.0492,0.1053,0.0008,19,0.000313,497,0.1926,0.013,NONE,False,False,0.0904,LOW_RISK,1,False,0.035
prod_20000729,20000729,1000379,Consumer Electronics,5.0,7,29,29,1,0.0595,0.0833,0.001,19,0.000216,497,0.1926,0.013,NONE,False,False,0.0686,LOW_RISK,1,False,0.035
prod_20001730,20001730,1000405,Computer & Office,4.61,0,0,0,0,0.0,0.0,0.0,0,3.6e-05,894,0.0,1.0,NONE,False,False,0.054,LOW_RISK,1,False,0.035
prod_20000853,20000853,1000005,Automotive,4.61,0,0,0,0,0.0,0.0,0.0,0,3.6e-05,291,0.0,1.0,NONE,False,False,0.0486,LOW_RISK,1,False,0.035
prod_20004953,20004953,1000440,Consumer Electronics,4.61,0,0,0,0,0.0,0.0,0.0,0,3.6e-05,385,0.0,1.0,NONE,False,False,0.0395,LOW_RISK,1,False,0.035
prod_20004226,20004226,1000459,Tools & Home Improvement,4.61,0,0,0,0,0.0,0.0,0.0,0,3.6e-05,841,0.0,1.0,NONE,False,False,0.0416,LOW_RISK,1,False,0.035
prod_20000308,20000308,1000473,Jewelry & Accessories,4.91,11,25,29,3,0.0553,0.1111,0.001,20,0.000209,270,0.1973,0.02,NONE,False,False,0.0898,LOW_RISK,1,False,0.035
prod_20003051,20003051,1000106,Sports & Entertainment,4.33,3,9,9,1,0.0781,0.3333,0.0019,7,9.1e-05,923,0.0278,0.022,NONE,False,False,0.0535,LOW_RISK,1,False,0.0351
prod_20000199,20000199,1000277,Automotive,4.86,7,22,22,1,0.0614,0.0909,0.001,19,0.000175,816,0.1923,0.02,NONE,False,False,0.0708,LOW_RISK,1,False,0.0351
prod_20000560,20000560,1000151,Sports & Entertainment,4.91,11,32,38,3,0.0562,0.1071,0.0011,19,0.00027,673,0.1911,0.02,NONE,False,False,0.0953,LOW_RISK,1,False,0.0352
prod_20004111,20004111,1000480,Home & Garden,4.5,2,10,10,1,0.0806,0.5,0.003,9,8.4e-05,282,0.013,0.007,NONE,False,False,0.0615,LOW_RISK,1,False,0.0352
prod_20000180,20000180,1000398,Tools & Home Improvement,4.88,8,25,25,1,0.0583,0.0833,0.0009,20,0.000196,816,0.1923,0.02,NONE,False,False,0.082,LOW_RISK,1,False,0.0352
prod_20001355,20001355,1000044,Automotive,4.0,2,1,1,1,0.0769,0.0769,0.0,1,4.2e-05,282,0.013,0.007,NONE,False,False,0.0411,LOW_RISK,1,False,0.0352
prod_20003257,20003257,1000371,Phones & Telecommunications,4.0,2,3,3,1,0.135,0.3333,0.001,3,5.4e-05,714,0.0141,0.006,CHEM_TOXIC,False,True,0.2128,MODERATE_RISK,1,False,0.0353
prod_20000093,20000093,1000259,Consumer Electronics,5.0,9,23,24,2,0.061,0.0952,0.0007,18,0.000188,730,0.1959,0.013,NONE,False,False,0.094,LOW_RISK,1,False,0.0354
prod_20003616,20003616,1000300,Sports & Entertainment,4.36,0,0,0,0,0.0,0.0,0.0,0,3.6e-05,629,0.0,1.0,NONE,False,False,0.0592,LOW_RISK,1,False,0.0356
prod_20002670,20002670,1000105,Jewelry & Accessories,4.36,0,0,0,0,0.0,0.0,0.0,0,3.6e-05,381,0.0,1.0,NONE,False,False,0.0536,LOW_RISK,1,False,0.0356
prod_20003941,20003941,1000232,Consumer Electronics,4.36,0,0,0,0,0.0,0.0,0.0,0,3.6e-05,18,0.0,1.0,NONE,False,False,0.0472,LOW_RISK,1,False,0.0356
prod_20001401,20001401,1000397,Computer & Office,4.36,0,0,0,0,0.0,0.0,0.0,0,3.6e-05,781,0.0,1.0,NONE,False,False,0.0306,LOW_RISK,1,False,0.0356
prod_20000640,20000640,1000479,Tools & Home Improvement,4.69,13,35,40,3,0.0507,0.1154,0.001,19,0.000287,497,0.1926,0.013,NONE,False,False,0.0942,LOW_RISK,1,False,0.0356
prod_20001423,20001423,1000439,Consumer Electronics,4.36,0,0,0,0,0.0,0.0,0.0,0,3.6e-05,611,0.0,1.0,NONE,False,False,0.0463,LOW_RISK,1,False,0.0356
prod_20000971,20000971,1000412,Sports & Entertainment,4.36,0,0,0,0,0.0,0.0,0.0,0,3.6e-05,325,0.0,1.0,NONE,False,False,0.0315,LOW_RISK,1,False,0.0356
prod_20000418,20000418,1000124,Automotive,4.91,11,31,39,2,0.0601,0.1,0.0012,20,0.000267,270,0.1973,0.02,UNCERTIFIED_MED,True,True,0.2565,MODERATE_RISK,1,False,0.0357
prod_20000544,20000544,1000337,Computer & Office,4.71,7,19,21,2,0.065,0.1111,0.0012,17,0.000166,673,0.1911,0.02,NONE,False,False,0.0695,LOW_RISK,1,False,0.0357
prod_20000302,20000302,1000245,Tools & Home Improvement,4.89,9,37,40,2,0.0591,0.125,0.0011,20,0.000278,270,0.1973,0.02,NONE,False,False,0.118,LOW_RISK,1,False,0.0357
prod_20001338,20001338,1000400,Computer & Office,4.0,2,8,8,1,0.073,0.5,0.0029,7,8e-05,714,0.0141,0.006,NONE,False,False,0.0533,LOW_RISK,1,False,0.0357
prod_20000690,20000690,1000027,Home & Garden,5.0,7,29,29,1,0.0628,0.1,0.0009,19,0.00022,497,0.1926,0.013,NONE,False,False,0.0892,LOW_RISK,1,False,0.0358
prod_20000155,20000155,1000203,Jewelry & Accessories,4.75,12,36,41,2,0.0548,0.1111,0.0008,20,0.000295,816,0.1923,0.02,NONE,False,False,0.0894,LOW_RISK,1,False,0.0358
prod_20000699,20000699,1000134,Home & Garden,4.92,13,39,40,2,0.0446,0.0741,0.0009,19,0.000283,497,0.1926,0.013,NONE,False,False,0.1019,LOW_RISK,1,False,0.0358
prod_20003968,20003968,1000181,Sports & Entertainment,5.0,1,4,4,1,0.0138,0.037,0.0053,4,5.3e-05,501,0.0146,0.015,NONE,False,False,0.0452,LOW_RISK,1,False,0.0358
prod_20000572,20000572,1000081,Tools & Home Improvement,5.0,13,40,45,2,0.0498,0.1,0.001,19,0.000317,673,0.1911,0.02,NONE,False,False,0.1014,LOW_RISK,1,False,0.0358
prod_20003690,20003690,1000266,Consumer Electronics,5.0,1,4,4,1,0.0124,0.0244,0.0057,4,5.2e-05,714,0.0141,0.006,CHEM_TOXIC,False,True,0.0492,LOW_RISK,1,False,0.0359
prod_20000438,20000438,1000288,Home & Garden,4.92,13,39,42,2,0.0489,0.1111,0.0009,20,0.000292,270,0.1973,0.02,NONE,False,False,0.1061,LOW_RISK,1,False,0.0359
prod_20004273,20004273,1000352,Tools & Home Improvement,5.0,2,10,10,1,0.0708,0.5,0.0024,9,8.6e-05,282,0.013,0.007,NONE,False,False,0.0551,LOW_RISK,1,False,0.0359
prod_20000330,20000330,1000145,Jewelry & Accessories,5.0,12,37,45,2,0.0564,0.1,0.001,20,0.000305,270,0.1973,0.02,NONE,False,False,0.1106,LOW_RISK,1,False,0.036
prod_20000574,20000574,1000408,Sports & Entertainment,5.0,15,39,45,2,0.047,0.1,0.0009,19,0.000317,673,0.1911,0.02,ELEC_SHOCK,True,True,0.2493,MODERATE_RISK,1,False,0.036
prod_20000576,20000576,1000336,Sports & Entertainment,4.8,10,18,19,2,0.0537,0.0833,0.0011,17,0.000154,673,0.1911,0.02,NONE,False,False,0.1399,LOW_RISK,1,False,0.036
prod_20004322,20004322,1000025,Home & Garden,3.29,14,41,48,3,0.0254,0.0714,0.002,30,0.000259,282,0.013,0.007,NONE,False,False,0.1382,LOW_RISK,1,False,0.0361
prod_20002101,20002101,1000113,Computer & Office,5.0,1,4,4,1,0.1359,0.3333,0.004,4,5.6e-05,714,0.0141,0.006,NONE,False,False,0.0419,LOW_RISK,1,False,0.0362
prod_20000356,20000356,1000359,Jewelry & Accessories,4.85,13,37,42,2,0.0486,0.0952,0.0011,20,0.000286,270,0.1973,0.02,NONE,False,False,0.1104,LOW_RISK,1,False,0.0362
prod_20000615,20000615,1000421,Tools & Home Improvement,4.92,12,41,43,2,0.0508,0.1333,0.0007,19,0.000312,497,0.1926,0.013,NONE,False,False,0.0868,LOW_RISK,1,False,0.0363
prod_20000212,20000212,1000328,Phones & Telecommunications,5.0,9,32,34,2,0.062,0.1538,0.0009,20,0.000255,816,0.1923,0.02,NONE,False,False,0.0976,LOW_RISK,1,False,0.0363
prod_20004181,20004181,1000499,Sports & Entertainment,5.0,1,2,2,1,0.0066,0.0068,0.0044,2,4.4e-05,282,0.013,0.007,NONE,False,False,0.0537,LOW_RISK,1,False,0.0363
prod_20000011,20000011,1000382,Home & Garden,5.0,8,22,26,2,0.0713,0.1333,0.0011,19,0.000195,730,0.1959,0.013,NONE,False,False,0.0784,LOW_RISK,1,False,0.0363
prod_20000079,20000079,1000347,Sports & Entertainment,4.86,7,26,29,2,0.0674,0.1538,0.0013,19,0.000213,730,0.1959,0.013,NONE,False,False,0.0973,LOW_RISK,1,False,0.0363
prod_20002037,20002037,1000061,Computer & Office,3.33,3,7,8,2,0.0864,0.3333,0.003,6,8.9e-05,714,0.0141,0.006,NONE,False,False,0.0552,LOW_RISK,1,False,0.0363
prod_20000275,20000275,1000172,Jewelry & Accessories,4.92,12,41,46,2,0.0518,0.1,0.001,20,0.000325,816,0.1923,0.02,NONE,False,False,0.0949,LOW_RISK,1,False,0.0364
prod_20000845,20000845,1000016,Computer & Office,4.0,1,5,5,1,0.0449,0.1667,0.0059,5,5.8e-05,282,0.013,0.007,NONE,False,False,0.0476,LOW_RISK,1,False,0.0364
prod_20000257,20000257,1000274,Consumer Electronics,4.85,13,30,34,3,0.0502,0.1154,0.0009,20,0.000249,816,0.1923,0.02,NONE,False,False,0.094,LOW_RISK,1,False,0.0364
prod_20001208,20001208,1000434,Phones & Telecommunications,5.0,1,3,3,1,0.1724,0.3333,0.003,3,5.4e-05,714,0.0141,0.006,NONE,False,False,0.0544,LOW_RISK,1,False,0.0364
prod_20002403,20002403,1000440,Phones & Telecommunications,4.0,1,1,1,1,0.0156,0.0156,0.0,1,4e-05,282,0.013,0.007,ELEC_SHOCK,False,True,0.041,LOW_RISK,1,False,0.0365
prod_20002255,20002255,1000245,Tools & Home Improvement,3.83,12,44,54,5,0.0297,0.0769,0.002,30,0.000288,282,0.013,0.007,NONE,False,False,0.0978,LOW_RISK,1,False,0.0365
prod_20002713,20002713,1000150,Jewelry & Accessories,4.0,1,1,1,1,0.0185,0.0185,0.0,1,4e-05,282,0.013,0.007,NONE,False,False,0.0558,LOW_RISK,1,False,0.0365
prod_20003488,20003488,1000228,Home & Garden,3.0,1,3,3,1,0.1278,0.3333,0.003,3,5.1e-05,714,0.0141,0.006,NONE,False,False,0.0593,LOW_RISK,1,False,0.0366
prod_20001596,20001596,1000079,Computer & Office,4.0,1,2,2,1,0.0077,0.0109,0.0048,2,4.4e-05,714,0.0141,0.006,NONE,False,False,0.0295,LOW_RISK,1,False,0.0367
prod_20000129,20000129,1000154,Phones & Telecommunications,5.0,9,36,40,2,0.0642,0.1429,0.0009,19,0.000287,730,0.1959,0.013,NONE,False,False,0.1022,LOW_RISK,1,False,0.0368
prod_20000034,20000034,1000203,Consumer Electronics,4.77,13,40,43,2,0.049,0.1053,0.0009,19,0.000304,730,0.1959,0.013,NONE,False,False,0.1025,LOW_RISK,1,False,0.0368
prod_20000410,20000410,1000163,Sports & Entertainment,5.0,7,22,23,2,0.0653,0.1111,0.001,18,0.000176,270,0.1973,0.02,NONE,False,False,0.0901,LOW_RISK,1,False,0.0368
prod_20000423,20000423,1000309,Consumer Electronics,5.0,8,24,25,2,0.0609,0.1538,0.0011,19,0.000189,270,0.1973,0.02,NONE,False,False,0.0908,LOW_RISK,1,False,0.0368
prod_20000627,20000627,1000143,Computer & Office,4.79,14,37,40,2,0.0473,0.0952,0.0007,19,0.000291,497,0.1926,0.013,NONE,False,False,0.1194,LOW_RISK,1,False,0.0368
prod_20001678,20001678,1000158,Computer & Office,5.0,1,7,7,1,0.0515,0.25,0.0059,7,6.7e-05,282,0.013,0.007,NONE,False,False,0.0429,LOW_RISK,1,False,0.0369
prod_20004408,20004408,1000300,Sports & Entertainment,4.38,24,52,59,3,0.0207,0.0417,0.0012,33,0.000341,501,0.0146,0.015,NONE,False,False,0.1335,LOW_RISK,1,False,0.037
prod_20004940,20004940,1000134,Phones & Telecommunications,4.67,3,8,9,2,0.1184,0.3333,0.0023,7,0.000101,501,0.0146,0.015,NONE,False,False,0.0838,LOW_RISK,1,False,0.037
prod_20004533,20004533,1000244,Computer & Office,4.37,0,0,0,0,0.0,0.0,0.0,0,3.6e-05,537,0.0,1.0,NONE,False,False,0.0328,LOW_RISK,1,False,0.0371
prod_20002624,20002624,1000120,Home & Garden,4.37,0,0,0,0,0.0,0.0,0.0,0,3.6e-05,188,0.0,1.0,NONE,False,False,0.0429,LOW_RISK,1,False,0.0371
prod_20003337,20003337,1000064,Computer & Office,4.37,0,0,0,0,0.0,0.0,0.0,0,3.6e-05,468,0.0,1.0,NONE,False,False,0.0484,LOW_RISK,1,False,0.0371
prod_20004097,20004097,1000462,Tools & Home Improvement,4.37,0,0,0,0,0.0,0.0,0.0,0,3.6e-05,180,0.0,1.0,NONE,False,False,0.0361,LOW_RISK,1,False,0.0371
prod_20004503,20004503,1000183,Consumer Electronics,4.37,0,0,0,0,0.0,0.0,0.0,0,3.6e-05,618,0.0,1.0,NONE,False,False,0.0327,LOW_RISK,1,False,0.0371
prod_20000890,20000890,1000134,Home & Garden,4.37,0,0,0,0,0.0,0.0,0.0,0,3.6e-05,359,0.0,1.0,NONE,False,False,0.0663,LOW_RISK,1,False,0.0371
prod_20000325,20000325,1000213,Computer & Office,4.91,11,40,43,2,0.0531,0.1176,0.0009,20,0.000297,270,0.1973,0.02,NONE,False,False,0.119,LOW_RISK,1,False,0.0371
prod_20003276,20003276,1000300,Jewelry & Accessories,4.37,0,0,0,0,0.0,0.0,0.0,0,3.6e-05,889,0.0,1.0,NONE,False,False,0.0592,LOW_RISK,1,False,0.0371
prod_20001887,20001887,1000436,Automotive,4.37,0,0,0,0,0.0,0.0,0.0,0,3.6e-05,428,0.0,1.0,NONE,False,False,0.0464,LOW_RISK,1,False,0.0371
prod_20001283,20001283,1000084,Home & Garden,4.5,2,12,12,1,0.0771,0.3333,0.0017,11,9.7e-05,923,0.0278,0.022,CHEM_TOXIC,False,True,0.1218,LOW_RISK,1,False,0.0371
prod_20001924,20001924,1000180,Automotive,4.37,0,0,0,0,0.0,0.0,0.0,0,3.6e-05,452,0.0,1.0,NONE,False,False,0.0341,LOW_RISK,1,False,0.0371
prod_20000763,20000763,1000339,Computer & Office,2.6,5,18,19,2,0.0558,0.2,0.0021,13,0.000137,501,0.0146,0.015,NONE,False,False,0.0602,LOW_RISK,1,False,0.0372
prod_20003581,20003581,1000082,Consumer Electronics,4.41,0,0,0,0,0.0,0.0,0.0,0,3.6e-05,887,0.0,1.0,NONE,False,False,0.0548,LOW_RISK,1,False,0.0372
prod_20001473,20001473,1000146,Jewelry & Accessories,4.17,18,60,67,4,0.0224,0.0526,0.0016,35,0.000357,282,0.013,0.007,NONE,False,False,0.1024,LOW_RISK,1,False,0.0372
prod_20003469,20003469,1000060,Computer & Office,4.41,0,0,0,0,0.0,0.0,0.0,0,3.6e-05,680,0.0,1.0,NONE,False,False,0.0546,LOW_RISK,1,False,0.0372
prod_20004318,20004318,1000309,Consumer Electronics,4.41,0,0,0,0,0.0,0.0,0.0,0,3.6e-05,37,0.0,1.0,NONE,False,False,0.058,LOW_RISK,1,False,0.0372
prod_20002465,20002465,1000423,Jewelry & Accessories,2.5,2,11,11,1,0.0222,0.0833,0.0041,11,8.3e-05,282,0.013,0.007,NONE,False,False,0.0586,LOW_RISK,1,False,0.0372
prod_20001854,20001854,1000179,Jewelry & Accessories,4.41,0,0,0,0,0.0,0.0,0.0,0,3.6e-05,247,0.0,1.0,NONE,False,False,0.0723,LOW_RISK,1,False,0.0372
prod_20002166,20002166,1000274,Automotive,4.41,0,0,0,0,0.0,0.0,0.0,0,3.6e-05,478,0.0,1.0,NONE,False,False,0.0544,LOW_RISK,1,False,0.0372
prod_20004094,20004094,1000064,Sports & Entertainment,3.89,18,51,59,5,0.0213,0.05,0.0015,33,0.000307,282,0.013,0.007,NONE,False,False,0.1053,LOW_RISK,1,False,0.0372
prod_20002668,20002668,1000312,Computer & Office,4.41,0,0,0,0,0.0,0.0,0.0,0,3.6e-05,771,0.0,1.0,NONE,False,False,0.0823,LOW_RISK,1,False,0.0372
prod_20003206,20003206,1000243,Phones & Telecommunications,4.67,18,57,58,2,0.0286,0.0556,0.0008,29,0.000335,282,0.013,0.007,NONE,False,False,0.1371,LOW_RISK,1,False,0.0372
prod_20001110,20001110,1000267,Tools & Home Improvement,4.41,0,0,0,0,0.0,0.0,0.0,0,3.6e-05,42,0.0,1.0,NONE,False,False,0.047,LOW_RISK,1,False,0.0372
prod_20004079,20004079,1000252,Phones & Telecommunications,4.41,0,0,0,0,0.0,0.0,0.0,0,3.6e-05,363,0.0,1.0,NONE,False,False,0.0315,LOW_RISK,1,False,0.0372
prod_20000855,20000855,1000131,Phones & Telecommunications,4.41,0,0,0,0,0.0,0.0,0.0,0,3.6e-05,235,0.0,1.0,ELEC_SHOCK,True,True,0.3056,MODERATE_RISK,1,False,0.0372
prod_20000132,20000132,1000056,Jewelry & Accessories,5.0,7,22,24,2,0.0643,0.1053,0.0012,18,0.000183,730,0.1959,0.013,NONE,False,False,0.0802,LOW_RISK,1,False,0.0372
prod_20004560,20004560,1000441,Sports & Entertainment,4.17,23,66,74,4,0.022,0.0435,0.0011,35,0.000393,714,0.0141,0.006,NONE,False,False,0.1429,LOW_RISK,1,False,0.0373
prod_20002710,20002710,1000148,Consumer Electronics,5.0,1,2,2,1,0.0253,0.05,0.0052,2,4.5e-05,282,0.013,0.007,CHEM_TOXIC,False,True,0.0511,LOW_RISK,1,False,0.0373
prod_20001042,20001042,1000425,Home & Garden,5.0,2,3,4,2,0.0718,0.2,0.0043,3,5.7e-05,714,0.0141,0.006,NONE,False,False,0.0508,LOW_RISK,1,False,0.0374
prod_20001334,20001334,1000189,Jewelry & Accessories,5.0,1,3,3,1,0.0158,0.037,0.0056,3,4.8e-05,714,0.0141,0.006,NONE,False,False,0.0443,LOW_RISK,1,False,0.0374
prod_20003852,20003852,1000039,Phones & Telecommunications,4.0,2,4,4,1,0.0335,0.125,0.0058,4,5.4e-05,501,0.0146,0.015,NONE,False,False,0.0598,LOW_RISK,1,False,0.0374
prod_20003450,20003450,1000281,Automotive,4.38,0,0,0,0,0.0,0.0,0.0,0,3.6e-05,744,0.0,1.0,NONE,False,False,0.0362,LOW_RISK,1,False,0.0375
prod_20001869,20001869,1000339,Phones & Telecommunications,4.38,0,0,0,0,0.0,0.0,0.0,0,3.6e-05,823,0.0,1.0,NONE,False,False,0.0305,LOW_RISK,1,False,0.0375
prod_20003628,20003628,1000290,Jewelry & Accessories,4.38,0,0,0,0,0.0,0.0,0.0,0,3.6e-05,580,0.0,1.0,NONE,False,False,0.056,LOW_RISK,1,False,0.0375
prod_20001862,20001862,1000302,Sports & Entertainment,4.38,0,0,0,0,0.0,0.0,0.0,0,3.6e-05,789,0.0,1.0,NONE,False,False,0.0431,LOW_RISK,1,False,0.0375
prod_20004088,20004088,1000010,Consumer Electronics,4.38,0,0,0,0,0.0,0.0,0.0,0,3.6e-05,181,0.0,1.0,NONE,False,False,0.0483,LOW_RISK,1,False,0.0375
prod_20003025,20003025,1000280,Home & Garden,4.38,0,0,0,0,0.0,0.0,0.0,0,3.6e-05,586,0.0,1.0,CHEM_TOXIC,False,True,0.1464,LOW_RISK,1,False,0.0375
prod_20003800,20003800,1000336,Tools & Home Improvement,4.38,0,0,0,0,0.0,0.0,0.0,0,3.6e-05,650,0.0,1.0,NONE,False,False,0.1237,LOW_RISK,1,False,0.0375
prod_20004486,20004486,1000250,Tools & Home Improvement,4.38,0,0,0,0,0.0,0.0,0.0,0,3.6e-05,546,0.0,1.0,NONE,False,False,0.0399,LOW_RISK,1,False,0.0375
prod_20003841,20003841,1000298,Jewelry & Accessories,4.38,0,0,0,0,0.0,0.0,0.0,0,3.6e-05,831,0.0,1.0,NONE,False,False,0.0416,LOW_RISK,1,False,0.0375
prod_20004861,20004861,1000025,Jewelry & Accessories,4.38,0,0,0,0,0.0,0.0,0.0,0,3.6e-05,253,0.0,1.0,NONE,False,False,0.1077,LOW_RISK,1,False,0.0375
prod_20001982,20001982,1000198,Tools & Home Improvement,4.38,0,0,0,0,0.0,0.0,0.0,0,3.6e-05,12,0.0,1.0,NONE,False,False,0.054,LOW_RISK,1,False,0.0375
prod_20004841,20004841,1000319,Sports & Entertainment,4.38,0,0,0,0,0.0,0.0,0.0,0,3.6e-05,246,0.0,1.0,NONE,False,False,0.0363,LOW_RISK,1,False,0.0375
prod_20000174,20000174,1000222,Automotive,5.0,13,37,41,2,0.0502,0.1,0.0008,20,0.000297,816,0.1923,0.02,CHOKE_CHILD,True,True,0.2493,MODERATE_RISK,1,False,0.0375
prod_20003660,20003660,1000359,Jewelry & Accessories,4.4,0,0,0,0,0.0,0.0,0.0,0,3.6e-05,439,0.0,1.0,NONE,False,False,0.0399,LOW_RISK,1,False,0.0376
prod_20003324,20003324,1000005,Phones & Telecommunications,4.39,0,0,0,0,0.0,0.0,0.0,0,3.6e-05,80,0.0,1.0,NONE,False,False,0.0486,LOW_RISK,1,False,0.0376
prod_20004165,20004165,1000446,Consumer Electronics,3.95,19,62,66,3,0.0244,0.0526,0.0011,34,0.000364,714,0.0141,0.006,NONE,False,False,0.1107,LOW_RISK,1,False,0.0376
prod_20003738,20003738,1000410,Computer & Office,4.4,0,0,0,0,0.0,0.0,0.0,0,3.6e-05,223,0.0,1.0,UNCERTIFIED_MED,False,True,0.0751,LOW_RISK,1,False,0.0376
prod_20003125,20003125,1000390,Sports & Entertainment,4.39,0,0,0,0,0.0,0.0,0.0,0,3.6e-05,26,0.0,1.0,NONE,False,False,0.098,LOW_RISK,1,False,0.0376
prod_20003908,20003908,1000348,Automotive,4.39,0,0,0,0,0.0,0.0,0.0,0,3.6e-05,425,0.0,1.0,NONE,False,False,0.0382,LOW_RISK,1,False,0.0376
prod_20000849,20000849,1000039,Home & Garden,4.4,0,0,0,0,0.0,0.0,0.0,0,3.6e-05,95,0.0,1.0,NONE,False,False,0.0555,LOW_RISK,1,False,0.0376
prod_20004053,20004053,1000184,Sports & Entertainment,4.4,0,0,0,0,0.0,0.0,0.0,0,3.6e-05,910,0.0,1.0,NONE,False,False,0.0511,LOW_RISK,1,False,0.0376
prod_20001048,20001048,1000343,Phones & Telecommunications,3.75,12,34,36,2,0.0321,0.0769,0.0015,23,0.000215,923,0.0278,0.022,NONE,False,False,0.0953,LOW_RISK,1,False,0.0376
prod_20003449,20003449,1000065,Home & Garden,4.4,0,0,0,0,0.0,0.0,0.0,0,3.6e-05,779,0.0,1.0,NONE,False,False,0.0383,LOW_RISK,1,False,0.0376
prod_20004485,20004485,1000225,Automotive,4.39,0,0,0,0,0.0,0.0,0.0,0,3.6e-05,678,0.0,1.0,NONE,False,False,0.0393,LOW_RISK,1,False,0.0376
prod_20000344,20000344,1000228,Automotive,5.0,13,35,39,2,0.0486,0.1,0.001,20,0.000269,270,0.1973,0.02,NONE,False,False,0.1073,LOW_RISK,1,False,0.0376
prod_20003105,20003105,1000225,Sports & Entertainment,4.39,0,0,0,0,0.0,0.0,0.0,0,3.6e-05,500,0.0,1.0,NONE,False,False,0.0393,LOW_RISK,1,False,0.0376
prod_20002849,20002849,1000385,Sports & Entertainment,4.4,0,0,0,0,0.0,0.0,0.0,0,3.6e-05,514,0.0,1.0,NONE,False,False,0.0483,LOW_RISK,1,False,0.0376
prod_20002862,20002862,1000030,Computer & Office,4.4,0,0,0,0,0.0,0.0,0.0,0,3.6e-05,404,0.0,1.0,ELEC_SHOCK,False,True,0.1501,MODERATE_RISK,1,False,0.0376
prod_20002871,20002871,1000176,Home & Garden,4.39,0,0,0,0,0.0,0.0,0.0,0,3.6e-05,572,0.0,1.0,NONE,False,False,0.07,LOW_RISK,1,False,0.0376
prod_20003254,20003254,1000459,Computer & Office,3.77,13,49,54,3,0.0296,0.0667,0.0013,32,0.000291,501,0.0146,0.015,NONE,False,False,0.0973,LOW_RISK,1,False,0.0376
prod_20002739,20002739,1000337,Computer & Office,4.4,0,0,0,0,0.0,0.0,0.0,0,3.6e-05,486,0.0,1.0,NONE,False,False,0.0394,LOW_RISK,1,False,0.0376
prod_20002367,20002367,1000024,Automotive,4.39,0,0,0,0,0.0,0.0,0.0,0,3.6e-05,745,0.0,1.0,NONE,False,False,0.0406,LOW_RISK,1,False,0.0376
prod_20002262,20002262,1000116,Automotive,4.39,0,0,0,0,0.0,0.0,0.0,0,3.6e-05,416,0.0,1.0,NONE,False,False,0.0327,LOW_RISK,1,False,0.0376
prod_20004826,20004826,1000223,Consumer Electronics,4.4,0,0,0,0,0.0,0.0,0.0,0,3.6e-05,215,0.0,1.0,NONE,False,False,0.0442,LOW_RISK,1,False,0.0376
prod_20000259,20000259,1000372,Tools & Home Improvement,5.0,10,37,39,2,0.0548,0.1333,0.0009,20,0.000283,816,0.1923,0.02,NONE,False,False,0.0891,LOW_RISK,1,False,0.0377
prod_20004702,20004702,1000132,Automotive,2.0,1,3,3,1,0.0517,0.0909,0.0033,3,4.9e-05,501,0.0146,0.015,NONE,False,False,0.0515,LOW_RISK,1,False,0.0377
prod_20002823,20002823,1000185,Consumer Electronics,3.62,8,26,26,1,0.0291,0.125,0.0015,23,0.000162,923,0.0278,0.022,UNCERTIFIED_MED,False,True,0.1092,LOW_RISK,1,False,0.0378
prod_20000287,20000287,1000009,Jewelry & Accessories,4.83,12,38,45,2,0.0553,0.1,0.0009,20,0.000321,816,0.1923,0.02,CHOKE_CHILD,False,True,0.1379,LOW_RISK,1,False,0.0378
prod_20000181,20000181,1000196,Consumer Electronics,5.0,15,38,42,2,0.0461,0.1053,0.0009,20,0.000302,816,0.1923,0.02,NONE,False,False,0.0977,LOW_RISK,1,False,0.0379
prod_20001012,20001012,1000355,Tools & Home Improvement,3.0,2,3,3,1,0.0917,0.2,0.001,3,5.4e-05,501,0.0146,0.015,NONE,False,False,0.0408,LOW_RISK,1,False,0.0379
prod_20000719,20000719,1000190,Computer & Office,5.0,13,41,44,2,0.0487,0.125,0.0009,19,0.000315,497,0.1926,0.013,NONE,False,False,0.0923,LOW_RISK,1,False,0.038
prod_20000006,20000006,1000390,Automotive,5.0,9,21,23,2,0.0637,0.1333,0.0009,17,0.000184,730,0.1959,0.013,NONE,False,False,0.1225,LOW_RISK,1,False,0.0381
prod_20002115,20002115,1000237,Computer & Office,3.0,1,4,4,1,0.1193,0.3333,0.003,4,5.6e-05,714,0.0141,0.006,NONE,False,False,0.0458,LOW_RISK,1,False,0.0381
prod_20000118,20000118,1000114,Consumer Electronics,5.0,6,23,25,2,0.0655,0.125,0.0013,19,0.00019,730,0.1959,0.013,NONE,False,False,0.0827,LOW_RISK,1,False,0.0381
prod_20000108,20000108,1000328,Jewelry & Accessories,4.75,8,18,19,2,0.0573,0.1,0.0012,17,0.000152,730,0.1959,0.013,NONE,False,False,0.0827,LOW_RISK,1,False,0.0382
prod_20000060,20000060,1000302,Consumer Electronics,4.88,8,31,31,1,0.057,0.0833,0.001,19,0.000227,730,0.1959,0.013,NONE,False,False,0.0846,LOW_RISK,1,False,0.0382
prod_20000246,20000246,1000214,Home & Garden,5.0,7,26,29,2,0.0713,0.1538,0.001,19,0.000223,816,0.1923,0.02,NONE,False,False,0.0809,LOW_RISK,1,False,0.0382
prod_20004568,20004568,1000413,Jewelry & Accessories,2.5,2,6,6,1,0.0687,0.3333,0.0015,5,6.7e-05,714,0.0141,0.006,NONE,False,False,0.0645,LOW_RISK,1,False,0.0382
prod_20001928,20001928,1000322,Jewelry & Accessories,4.1,21,62,67,2,0.0235,0.0476,0.001,34,0.000363,714,0.0141,0.006,NONE,False,False,0.1064,LOW_RISK,1,False,0.0383
prod_20001764,20001764,1000269,Sports & Entertainment,3.0,2,10,11,2,0.0504,0.1429,0.0044,10,8.6e-05,282,0.013,0.007,NONE,False,False,0.0413,LOW_RISK,1,False,0.0383
prod_20000149,20000149,1000237,Jewelry & Accessories,4.88,8,18,19,2,0.0604,0.1429,0.001,17,0.000155,730,0.1959,0.013,NONE,False,False,0.0649,LOW_RISK,1,False,0.0383
prod_20003149,20003149,1000086,Jewelry & Accessories,4.43,0,0,0,0,0.0,0.0,0.0,0,3.6e-05,637,0.0,1.0,NONE,False,False,0.0439,LOW_RISK,1,False,0.0384
prod_20004573,20004573,1000040,Computer & Office,4.43,0,0,0,0,0.0,0.0,0.0,0,3.6e-05,647,0.0,1.0,NONE,False,False,0.0509,LOW_RISK,1,False,0.0384
prod_20003944,20003944,1000220,Tools & Home Improvement,4.43,0,0,0,0,0.0,0.0,0.0,0,3.6e-05,67,0.0,1.0,NONE,False,False,0.0317,LOW_RISK,1,False,0.0384
prod_20001784,20001784,1000281,Tools & Home Improvement,4.43,0,0,0,0,0.0,0.0,0.0,0,3.6e-05,755,0.0,1.0,NONE,False,False,0.0362,LOW_RISK,1,False,0.0384
prod_20002618,20002618,1000106,Automotive,4.43,0,0,0,0,0.0,0.0,0.0,0,3.6e-05,455,0.0,1.0,NONE,False,False,0.0393,LOW_RISK,1,False,0.0384
prod_20001477,20001477,1000118,Consumer Electronics,4.43,0,0,0,0,0.0,0.0,0.0,0,3.6e-05,151,0.0,1.0,NONE,False,False,0.0308,LOW_RISK,1,False,0.0384
prod_20004862,20004862,1000204,Home & Garden,4.43,0,0,0,0,0.0,0.0,0.0,0,3.6e-05,63,0.0,1.0,ELEC_SHOCK,False,True,0.1235,LOW_RISK,1,False,0.0384
prod_20001312,20001312,1000257,Phones & Telecommunications,5.0,1,4,4,1,0.1522,0.3333,0.0036,4,6e-05,282,0.013,0.007,NONE,False,False,0.0616,LOW_RISK,1,False,0.0384
prod_20000613,20000613,1000261,Phones & Telecommunications,4.85,13,39,42,2,0.0487,0.0952,0.0008,19,0.000304,497,0.1926,0.013,NONE,False,False,0.0976,LOW_RISK,1,False,0.0384
prod_20001451,20001451,1000280,Consumer Electronics,4.43,0,0,0,0,0.0,0.0,0.0,0,3.6e-05,397,0.0,1.0,UNCERTIFIED_MED,True,True,0.2568,MODERATE_RISK,1,False,0.0384
prod_20003160,20003160,1000461,Sports & Entertainment,4.43,0,0,0,0,0.0,0.0,0.0,0,3.6e-05,136,0.0,1.0,UNCERTIFIED_MED,True,True,0.2721,MODERATE_RISK,1,False,0.0384
prod_20004360,20004360,1000127,Phones & Telecommunications,4.43,0,0,0,0,0.0,0.0,0.0,0,3.6e-05,311,0.0,1.0,NONE,False,False,0.0924,LOW_RISK,1,False,0.0384
prod_20002825,20002825,1000470,Sports & Entertainment,4.43,0,0,0,0,0.0,0.0,0.0,0,3.6e-05,365,0.0,1.0,NONE,False,False,0.0364,LOW_RISK,1,False,0.0384
prod_20003382,20003382,1000079,Automotive,4.43,0,0,0,0,0.0,0.0,0.0,0,3.6e-05,507,0.0,1.0,NONE,False,False,0.0242,LOW_RISK,1,False,0.0384
prod_20003984,20003984,1000104,Computer & Office,2.75,4,10,11,2,0.0432,0.125,0.0042,10,8.9e-05,282,0.013,0.007,UNCERTIFIED_MED,True,True,0.2296,MODERATE_RISK,1,False,0.0385
prod_20002288,20002288,1000116,Sports & Entertainment,4.6,0,0,0,0,0.0,0.0,0.0,0,3.6e-05,759,0.0,1.0,NONE,False,False,0.0327,LOW_RISK,1,False,0.0385
prod_20000366,20000366,1000460,Jewelry & Accessories,4.89,9,22,24,2,0.0611,0.125,0.001,18,0.000182,270,0.1973,0.02,NONE,False,False,0.0821,LOW_RISK,1,False,0.0385
prod_20000022,20000022,1000056,Automotive,5.0,13,37,40,2,0.0502,0.1111,0.0008,19,0.000287,730,0.1959,0.013,NONE,False,False,0.0978,LOW_RISK,1,False,0.0385
prod_20000634,20000634,1000074,Tools & Home Improvement,5.0,8,32,36,2,0.0656,0.1429,0.0011,19,0.000259,497,0.1926,0.013,NONE,False,False,0.0943,LOW_RISK,1,False,0.0385
prod_20001352,20001352,1000017,Home & Garden,4.42,0,0,0,0,0.0,0.0,0.0,0,3.6e-05,594,0.0,1.0,NONE,False,False,0.042,LOW_RISK,1,False,0.0385
prod_20001226,20001226,1000058,Computer & Office,3.0,1,6,6,1,0.0429,0.1667,0.0047,6,6.3e-05,501,0.0146,0.015,NONE,False,False,0.0623,LOW_RISK,1,False,0.0385
prod_20001276,20001276,1000334,Sports & Entertainment,4.6,0,0,0,0,0.0,0.0,0.0,0,3.6e-05,526,0.0,1.0,NONE,False,False,0.1324,LOW_RISK,1,False,0.0385
prod_20001548,20001548,1000122,Tools & Home Improvement,4.6,0,0,0,0,0.0,0.0,0.0,0,3.6e-05,0,0.0,1.0,NONE,False,False,0.0449,LOW_RISK,1,False,0.0385
prod_20000147,20000147,1000022,Tools & Home Improvement,5.0,7,18,19,2,0.0645,0.1333,0.0009,18,0.000155,730,0.1959,0.013,UNCERTIFIED_MED,False,True,0.1376,LOW_RISK,1,False,0.0385
prod_20000999,20000999,1000090,Tools & Home Improvement,4.42,0,0,0,0,0.0,0.0,0.0,0,3.6e-05,11,0.0,1.0,NONE,False,False,0.0473,LOW_RISK,1,False,0.0385
prod_20002658,20002658,1000226,Computer & Office,4.42,0,0,0,0,0.0,0.0,0.0,0,3.6e-05,434,0.0,1.0,NONE,False,False,0.0453,LOW_RISK,1,False,0.0385
prod_20004225,20004225,1000150,Phones & Telecommunications,4.42,0,0,0,0,0.0,0.0,0.0,0,3.6e-05,818,0.0,1.0,NONE,False,False,0.0547,LOW_RISK,1,False,0.0385
prod_20000442,20000442,1000117,Sports & Entertainment,4.88,8,21,24,2,0.0663,0.1333,0.001,19,0.000181,270,0.1973,0.02,NONE,False,False,0.0804,LOW_RISK,1,False,0.0385
prod_20003017,20003017,1000013,Phones & Telecommunications,4.42,0,0,0,0,0.0,0.0,0.0,0,3.6e-05,869,0.0,1.0,NONE,False,False,0.0411,LOW_RISK,1,False,0.0385
prod_20004145,20004145,1000381,Home & Garden,4.6,0,0,0,0,0.0,0.0,0.0,0,3.6e-05,807,0.0,1.0,NONE,False,False,0.047,LOW_RISK,1,False,0.0385
prod_20003946,20003946,1000128,Computer & Office,4.42,0,0,0,0,0.0,0.0,0.0,0,3.6e-05,859,0.0,1.0,NONE,False,False,0.094,LOW_RISK,1,False,0.0385
prod_20003345,20003345,1000266,Home & Garden,4.6,0,0,0,0,0.0,0.0,0.0,0,3.6e-05,194,0.0,1.0,NONE,False,False,0.0437,LOW_RISK,1,False,0.0385
prod_20003552,20003552,1000042,Sports & Entertainment,4.42,0,0,0,0,0.0,0.0,0.0,0,3.6e-05,506,0.0,1.0,NONE,False,False,0.0897,LOW_RISK,1,False,0.0385
prod_20000718,20000718,1000264,Automotive,5.0,8,23,25,2,0.0639,0.1538,0.001,18,0.000196,497,0.1926,0.013,NONE,False,False,0.0713,LOW_RISK,1,False,0.0386
prod_20000336,20000336,1000377,Tools & Home Improvement,5.0,9,31,33,2,0.0576,0.1176,0.0012,20,0.000233,270,0.1973,0.02,NONE,False,False,0.178,MODERATE_RISK,1,False,0.0386
prod_20004747,20004747,1000050,Consumer Electronics,5.0,1,3,3,1,0.089,0.1429,0.003,3,5.1e-05,923,0.0278,0.022,NONE,False,False,0.0823,LOW_RISK,1,False,0.0386
prod_20000372,20000372,1000418,Consumer Electronics,4.89,9,22,25,2,0.0595,0.1333,0.0012,19,0.000184,270,0.1973,0.02,NONE,False,False,0.1182,LOW_RISK,1,False,0.0386
prod_20001366,20001366,1000037,Automotive,2.33,3,9,9,1,0.0894,0.25,0.001,8,8.6e-05,282,0.013,0.007,NONE,False,False,0.0324,LOW_RISK,1,False,0.0387
prod_20001240,20001240,1000490,Sports & Entertainment,5.0,4,16,20,3,0.05,0.25,0.0033,14,0.000128,282,0.013,0.007,CHEM_TOXIC,False,True,0.0829,LOW_RISK,1,False,0.0388
prod_20000924,20000924,1000010,Tools & Home Improvement,5.0,1,1,1,1,0.0588,0.0588,0.0,1,4.1e-05,282,0.013,0.007,NONE,False,False,0.0494,LOW_RISK,1,False,0.0388
prod_20002605,20002605,1000457,Sports & Entertainment,4.0,1,1,1,1,0.02,0.02,0.0,1,4e-05,282,0.013,0.007,NONE,False,False,0.0506,LOW_RISK,1,False,0.0388
prod_20004444,20004444,1000421,Consumer Electronics,5.0,2,7,7,1,0.0705,0.3333,0.0025,7,7.1e-05,923,0.0278,0.022,NONE,False,False,0.0536,LOW_RISK,1,False,0.0389
prod_20002127,20002127,1000238,Consumer Electronics,4.5,2,8,8,1,0.0801,0.5,0.0022,7,8.1e-05,714,0.0141,0.006,UNCERTIFIED_MED,False,True,0.0551,LOW_RISK,1,False,0.0389
prod_20000117,20000117,1000197,Phones & Telecommunications,5.0,9,23,26,2,0.0638,0.1111,0.0008,18,0.000203,730,0.1959,0.013,NONE,False,False,0.0806,LOW_RISK,1,False,0.0389
prod_20000154,20000154,1000161,Automotive,5.0,8,28,31,2,0.0659,0.125,0.001,20,0.000233,816,0.1923,0.02,NONE,False,False,0.0807,LOW_RISK,1,False,0.0389
prod_20000338,20000338,1000312,Sports & Entertainment,5.0,9,26,30,2,0.0653,0.1333,0.0009,19,0.000219,270,0.1973,0.02,NONE,False,False,0.1214,LOW_RISK,1,False,0.039
prod_20000119,20000119,1000476,Phones & Telecommunications,4.92,12,38,40,2,0.0505,0.0952,0.0008,19,0.000288,730,0.1959,0.013,NONE,False,False,0.1002,LOW_RISK,1,False,0.039
prod_20004886,20004886,1000355,Jewelry & Accessories,5.0,2,6,6,1,0.0451,0.2,0.0036,6,6.4e-05,923,0.0278,0.022,NONE,False,False,0.0452,LOW_RISK,1,False,0.039
prod_20000364,20000364,1000348,Home & Garden,4.92,13,34,35,2,0.0448,0.087,0.0011,20,0.000244,270,0.1973,0.02,NONE,False,False,0.0959,LOW_RISK,1,False,0.039
prod_20003119,20003119,1000207,Sports & Entertainment,5.0,1,2,2,1,0.1253,0.25,0.0038,2,4.7e-05,282,0.013,0.007,NONE,False,False,0.031,LOW_RISK,1,False,0.0391
prod_20000389,20000389,1000235,Tools & Home Improvement,5.0,7,25,26,2,0.0651,0.125,0.0009,19,0.000196,270,0.1973,0.02,NONE,False,False,0.1196,LOW_RISK,1,False,0.0391
prod_20001256,20001256,1000108,Consumer Electronics,4.0,1,6,6,1,0.1617,0.3333,0.0031,6,7.1e-05,714,0.0141,0.006,NONE,False,False,0.0573,LOW_RISK,1,False,0.0391
prod_20000089,20000089,1000158,Computer & Office,5.0,13,34,37,2,0.0473,0.08,0.0009,19,0.000266,730,0.1959,0.013,NONE,False,False,0.0931,LOW_RISK,1,False,0.0391
prod_20000196,20000196,1000227,Phones & Telecommunications,4.86,7,25,27,2,0.0649,0.1333,0.001,20,0.000206,816,0.1923,0.02,NONE,False,False,0.0908,LOW_RISK,1,False,0.0391
prod_20004690,20004690,1000403,Phones & Telecommunications,4.54,13,40,48,5,0.0238,0.0714,0.002,31,0.000258,282,0.013,0.007,NONE,False,False,0.149,LOW_RISK,1,False,0.0392
prod_20000735,20000735,1000164,Home & Garden,5.0,8,18,20,2,0.0634,0.1,0.001,16,0.000162,497,0.1926,0.013,NONE,False,False,0.0849,LOW_RISK,1,False,0.0392
prod_20001631,20001631,1000335,Consumer Electronics,5.0,1,1,1,1,0.04,0.04,0.0,1,4e-05,282,0.013,0.007,NONE,False,False,0.0451,LOW_RISK,1,False,0.0392
prod_20000402,20000402,1000306,Tools & Home Improvement,4.8,10,34,38,2,0.059,0.1176,0.0011,20,0.000264,270,0.1973,0.02,NONE,False,False,0.1194,LOW_RISK,1,False,0.0392
prod_20000354,20000354,1000078,Jewelry & Accessories,4.86,7,29,32,2,0.0653,0.1176,0.0011,20,0.000227,270,0.1973,0.02,CHEM_TOXIC,True,True,0.2665,MODERATE_RISK,1,False,0.0392
prod_20000245,20000245,1000148,Sports & Entertainment,5.0,8,22,24,2,0.0632,0.1333,0.0009,20,0.000187,816,0.1923,0.02,UNCERTIFIED_MED,False,True,0.0749,LOW_RISK,1,False,0.0393
prod_20004175,20004175,1000261,Phones & Telecommunications,5.0,1,1,1,1,0.0556,0.0556,0.0,1,4.1e-05,282,0.013,0.007,NONE,False,False,0.0601,LOW_RISK,1,False,0.0393
prod_20000668,20000668,1000440,Sports & Entertainment,4.67,12,36,43,2,0.0587,0.1333,0.0009,19,0.000312,497,0.1926,0.013,UNCERTIFIED_MED,False,True,0.0916,LOW_RISK,1,False,0.0393
prod_20001313,20001313,1000246,Computer & Office,3.67,21,49,53,3,0.0225,0.0476,0.001,32,0.000303,714,0.0141,0.006,NONE,False,False,0.1059,LOW_RISK,1,False,0.0393
prod_20003677,20003677,1000458,Sports & Entertainment,3.93,15,54,63,4,0.025,0.0667,0.0016,35,0.000326,714,0.0141,0.006,NONE,False,False,0.1128,LOW_RISK,1,False,0.0394
prod_20000435,20000435,1000050,Jewelry & Accessories,4.93,14,27,36,2,0.0584,0.1053,0.0013,20,0.000254,270,0.1973,0.02,CHOKE_CHILD,True,True,0.2588,MODERATE_RISK,1,False,0.0394
prod_20000015,20000015,1000305,Phones & Telecommunications,4.86,7,27,28,2,0.0649,0.1667,0.001,19,0.000212,730,0.1959,0.013,NONE,False,False,0.0953,LOW_RISK,1,False,0.0394
prod_20002351,20002351,1000120,Automotive,4.19,21,64,72,3,0.024,0.0476,0.0011,33,0.000395,714,0.0141,0.006,NONE,False,False,0.1051,LOW_RISK,1,False,0.0394
prod_20000236,20000236,1000212,Jewelry & Accessories,4.8,10,36,41,2,0.06,0.125,0.001,20,0.000295,816,0.1923,0.02,NONE,False,False,0.0897,LOW_RISK,1,False,0.0394
prod_20000176,20000176,1000343,Sports & Entertainment,4.89,9,29,34,2,0.0637,0.1538,0.0011,20,0.000252,816,0.1923,0.02,NONE,False,False,0.0969,LOW_RISK,1,False,0.0394
prod_20000486,20000486,1000123,Sports & Entertainment,4.81,16,36,42,2,0.0463,0.0952,0.0009,19,0.000301,673,0.1911,0.02,NONE,False,False,0.0975,LOW_RISK,1,False,0.0394
prod_20000332,20000332,1000435,Jewelry & Accessories,5.0,11,34,39,2,0.0566,0.125,0.001,20,0.000272,270,0.1973,0.02,NONE,False,False,0.1023,LOW_RISK,1,False,0.0395
prod_20000565,20000565,1000049,Jewelry & Accessories,4.92,12,38,45,2,0.0575,0.1111,0.0009,19,0.000319,673,0.1911,0.02,NONE,False,False,0.1056,LOW_RISK,1,False,0.0396
prod_20002256,20002256,1000353,Tools & Home Improvement,1.5,2,3,3,1,0.0476,0.1111,0.003,3,5e-05,714,0.0141,0.006,NONE,False,False,0.0369,LOW_RISK,1,False,0.0396
prod_20000408,20000408,1000253,Consumer Electronics,5.0,10,29,34,2,0.0612,0.1333,0.001,20,0.000241,270,0.1973,0.02,NONE,False,False,0.0993,LOW_RISK,1,False,0.0396
prod_20004174,20004174,1000039,Jewelry & Accessories,3.96,23,55,63,4,0.0227,0.0435,0.0011,33,0.000353,714,0.0141,0.006,NONE,False,False,0.1118,LOW_RISK,1,False,0.0396
prod_20002956,20002956,1000405,Phones & Telecommunications,4.22,18,62,69,4,0.0239,0.0526,0.0013,35,0.000353,282,0.013,0.007,NONE,False,False,0.1179,LOW_RISK,1,False,0.0396
prod_20000523,20000523,1000320,Jewelry & Accessories,5.0,10,20,21,2,0.0513,0.1,0.0012,19,0.000166,673,0.1911,0.02,NONE,False,False,0.0854,LOW_RISK,1,False,0.0397
prod_20004893,20004893,1000450,Phones & Telecommunications,4.22,18,46,52,4,0.0183,0.0476,0.0019,36,0.000265,714,0.0141,0.006,CHEM_TOXIC,False,True,0.1537,MODERATE_RISK,1,False,0.0397
prod_20004762,20004762,1000347,Automotive,4.0,1,1,1,1,0.02,0.02,0.0,1,4e-05,714,0.0141,0.006,NONE,False,False,0.0531,LOW_RISK,1,False,0.0397
prod_20000929,20000929,1000373,Sports & Entertainment,5.0,1,5,5,1,0.0245,0.04,0.0034,5,5.7e-05,923,0.0278,0.022,NONE,False,False,0.058,LOW_RISK,1,False,0.0397
prod_20000917,20000917,1000135,Sports & Entertainment,3.0,1,4,4,1,0.0965,0.3333,0.0035,4,5.5e-05,714,0.0141,0.006,NONE,False,False,0.0589,LOW_RISK,1,False,0.0398
prod_20002838,20002838,1000406,Home & Garden,4.26,19,51,61,6,0.0255,0.0526,0.0014,32,0.000343,714,0.0141,0.006,CHEM_TOXIC,False,True,0.1717,MODERATE_RISK,1,False,0.0398
prod_20000380,20000380,1000456,Sports & Entertainment,5.0,10,33,34,2,0.0535,0.0909,0.0008,20,0.000245,270,0.1973,0.02,NONE,False,False,0.1057,LOW_RISK,1,False,0.0398
prod_20000371,20000371,1000011,Sports & Entertainment,4.91,11,38,40,2,0.0503,0.1,0.001,20,0.000273,270,0.1973,0.02,NONE,False,False,0.1234,LOW_RISK,1,False,0.0399
prod_20000955,20000955,1000331,Computer & Office,3.84,19,50,56,4,0.0195,0.0526,0.0018,33,0.000307,714,0.0141,0.006,NONE,False,False,0.0996,LOW_RISK,1,False,0.0399
prod_20000612,20000612,1000380,Jewelry & Accessories,4.75,8,25,26,2,0.0634,0.1429,0.0009,18,0.000203,497,0.1926,0.013,NONE,False,False,0.0843,LOW_RISK,1,False,0.0401
prod_20000243,20000243,1000136,Jewelry & Accessories,4.78,9,33,36,2,0.0621,0.1176,0.0009,20,0.000267,816,0.1923,0.02,NONE,False,False,0.0912,LOW_RISK,1,False,0.0401
prod_20000292,20000292,1000070,Home & Garden,5.0,8,22,24,2,0.0646,0.1538,0.001,19,0.000192,816,0.1923,0.02,NONE,False,False,0.1167,LOW_RISK,1,False,0.0401
prod_20000331,20000331,1000278,Jewelry & Accessories,4.78,9,31,34,2,0.0618,0.1429,0.001,20,0.000242,270,0.1973,0.02,NONE,False,False,0.1097,LOW_RISK,1,False,0.0402
prod_20000406,20000406,1000285,Computer & Office,4.86,7,26,28,2,0.0626,0.125,0.001,20,0.000204,270,0.1973,0.02,NONE,False,False,0.1279,LOW_RISK,1,False,0.0402
prod_20002112,20002112,1000245,Automotive,3.5,2,6,6,1,0.1066,0.25,0.0017,6,7e-05,923,0.0278,0.022,NONE,False,False,0.0575,LOW_RISK,1,False,0.0402
prod_20004867,20004867,1000387,Home & Garden,4.07,14,43,51,6,0.0265,0.0714,0.0016,29,0.000279,282,0.013,0.007,NONE,False,False,0.0932,LOW_RISK,1,False,0.0402
prod_20000807,20000807,1000278,Jewelry & Accessories,4.0,17,55,64,5,0.0251,0.0588,0.0015,33,0.000358,714,0.0141,0.006,NONE,False,False,0.104,LOW_RISK,1,False,0.0403
prod_20003112,20003112,1000194,Jewelry & Accessories,4.33,3,8,9,2,0.0395,0.125,0.0033,8,7.6e-05,923,0.0278,0.022,NONE,False,False,0.0747,LOW_RISK,1,False,0.0403
prod_20000595,20000595,1000305,Computer & Office,4.91,11,29,35,2,0.0628,0.1538,0.0009,19,0.000262,673,0.1911,0.02,NONE,False,False,0.0894,LOW_RISK,1,False,0.0404
prod_20000125,20000125,1000002,Phones & Telecommunications,4.88,8,24,24,1,0.0571,0.0909,0.001,19,0.000185,730,0.1959,0.013,NONE,False,False,0.1369,LOW_RISK,1,False,0.0404
prod_20003521,20003521,1000075,Tools & Home Improvement,3.33,12,29,34,3,0.0251,0.0769,0.0022,25,0.000196,501,0.0146,0.015,NONE,False,False,0.0808,LOW_RISK,1,False,0.0405
prod_20002704,20002704,1000495,Phones & Telecommunications,5.0,1,4,4,1,0.0242,0.0714,0.0056,4,5.3e-05,282,0.013,0.007,ELEC_SHOCK,False,True,0.1364,LOW_RISK,1,False,0.0406
prod_20000540,20000540,1000408,Automotive,4.89,9,20,22,2,0.0598,0.1,0.0009,17,0.000176,673,0.1911,0.02,UNCERTIFIED_MED,False,True,0.0982,LOW_RISK,1,False,0.0407
prod_20004995,20004995,1000029,Phones & Telecommunications,4.0,17,57,63,3,0.0248,0.087,0.0014,32,0.000333,282,0.013,0.007,NONE,False,False,0.0986,LOW_RISK,1,False,0.0407
prod_20000291,20000291,1000372,Consumer Electronics,4.85,13,39,43,2,0.0505,0.1111,0.0009,20,0.000308,816,0.1923,0.02,NONE,False,False,0.0929,LOW_RISK,1,False,0.0407
prod_20003608,20003608,1000483,Automotive,5.0,1,1,1,1,0.04,0.04,0.0,1,4.1e-05,714,0.0141,0.006,NONE,False,False,0.0126,LOW_RISK,1,False,0.0408
prod_20000451,20000451,1000024,Consumer Electronics,5.0,14,37,44,2,0.0519,0.1111,0.0009,19,0.000312,673,0.1911,0.02,NONE,False,False,0.1115,LOW_RISK,1,False,0.0409
prod_20000151,20000151,1000366,Jewelry & Accessories,5.0,9,27,31,2,0.0602,0.1538,0.001,20,0.000231,816,0.1923,0.02,NONE,False,False,0.0753,LOW_RISK,1,False,0.0409
prod_20004763,20004763,1000225,Phones & Telecommunications,3.62,16,48,55,4,0.0216,0.0476,0.0016,34,0.000283,714,0.0141,0.006,NONE,False,False,0.0959,LOW_RISK,1,False,0.041
prod_20000641,20000641,1000486,Jewelry & Accessories,5.0,10,38,41,2,0.0556,0.1,0.0008,19,0.000298,497,0.1926,0.013,NONE,False,False,0.0917,LOW_RISK,1,False,0.041
prod_20002294,20002294,1000167,Jewelry & Accessories,4.0,2,6,6,1,0.077,0.25,0.0053,6,6.5e-05,714,0.0141,0.006,NONE,False,False,0.0514,LOW_RISK,1,False,0.041
prod_20000458,20000458,1000008,Automotive,4.86,7,18,19,2,0.062,0.1,0.001,18,0.000154,673,0.1911,0.02,NONE,False,False,0.0838,LOW_RISK,1,False,0.041
prod_20003585,20003585,1000256,Automotive,4.0,1,2,2,1,0.0134,0.0238,0.0048,2,4.4e-05,714,0.0141,0.006,NONE,False,False,0.0496,LOW_RISK,1,False,0.041
prod_20003747,20003747,1000375,Computer & Office,4.27,26,59,68,4,0.0204,0.037,0.0012,33,0.000389,714,0.0141,0.006,NONE,False,False,0.1243,LOW_RISK,1,False,0.0411
prod_20000186,20000186,1000332,Automotive,5.0,11,35,37,2,0.0528,0.1333,0.0009,20,0.000271,816,0.1923,0.02,NONE,False,False,0.1008,LOW_RISK,1,False,0.0411
prod_20003647,20003647,1000404,Home & Garden,2.67,3,11,11,1,0.0652,0.3333,0.002,10,9.1e-05,714,0.0141,0.006,NONE,False,False,0.0571,LOW_RISK,1,False,0.0411
prod_20004067,20004067,1000199,Tools & Home Improvement,3.0,2,4,4,1,0.1095,0.25,0.0015,4,6.3e-05,501,0.0146,0.015,NONE,False,False,0.0878,LOW_RISK,1,False,0.0411
prod_20001175,20001175,1000278,Sports & Entertainment,5.0,1,2,2,1,0.15,0.25,0.003,2,4.7e-05,714,0.0141,0.006,NONE,False,False,0.0459,LOW_RISK,1,False,0.0411
prod_20000009,20000009,1000336,Sports & Entertainment,4.8,10,19,22,2,0.0623,0.125,0.0011,17,0.000172,730,0.1959,0.013,ELEC_SHOCK,False,True,0.1408,LOW_RISK,1,False,0.0412
prod_20000480,20000480,1000473,Automotive,4.78,9,25,29,2,0.0642,0.125,0.0012,19,0.000218,673,0.1911,0.02,NONE,False,False,0.0804,LOW_RISK,1,False,0.0412
prod_20000433,20000433,1000133,Tools & Home Improvement,4.83,12,36,38,2,0.0489,0.1,0.0009,20,0.000265,270,0.1973,0.02,NONE,False,False,0.1077,LOW_RISK,1,False,0.0412
prod_20000706,20000706,1000261,Home & Garden,4.88,8,30,34,2,0.0688,0.1538,0.001,19,0.000253,497,0.1926,0.013,NONE,False,False,0.0981,LOW_RISK,1,False,0.0412
prod_20003680,20003680,1000246,Jewelry & Accessories,5.0,1,3,3,1,0.1589,0.3333,0.0033,3,5.4e-05,714,0.0141,0.006,NONE,False,False,0.0603,LOW_RISK,1,False,0.0412
prod_20001191,20001191,1000497,Consumer Electronics,4.44,0,0,0,0,0.0,0.0,0.0,0,3.6e-05,409,0.0,1.0,CHEM_TOXIC,False,True,0.0473,LOW_RISK,1,False,0.0413
prod_20001978,20001978,1000232,Automotive,4.44,0,0,0,0,0.0,0.0,0.0,0,3.6e-05,117,0.0,1.0,NONE,False,False,0.0472,LOW_RISK,1,False,0.0413
prod_20001201,20001201,1000036,Home & Garden,4.44,0,0,0,0,0.0,0.0,0.0,0,3.6e-05,408,0.0,1.0,NONE,False,False,0.0388,LOW_RISK,1,False,0.0413
prod_20000391,20000391,1000391,Phones & Telecommunications,4.8,10,36,37,2,0.0538,0.1053,0.0008,20,0.000261,270,0.1973,0.02,NONE,False,False,0.1123,LOW_RISK,1,False,0.0413
prod_20003807,20003807,1000111,Phones & Telecommunications,4.58,0,0,0,0,0.0,0.0,0.0,0,3.6e-05,787,0.0,1.0,NONE,False,False,0.0545,LOW_RISK,1,False,0.0414
prod_20002296,20002296,1000307,Automotive,4.58,0,0,0,0,0.0,0.0,0.0,0,3.6e-05,792,0.0,1.0,NONE,False,False,0.0388,LOW_RISK,1,False,0.0414
prod_20004602,20004602,1000334,Phones & Telecommunications,4.58,0,0,0,0,0.0,0.0,0.0,0,3.6e-05,376,0.0,1.0,ELEC_SHOCK,False,True,0.1324,LOW_RISK,1,False,0.0414
prod_20001727,20001727,1000058,Jewelry & Accessories,5.0,2,7,7,1,0.0769,0.3333,0.0017,7,7.1e-05,923,0.0278,0.022,NONE,False,False,0.0658,LOW_RISK,1,False,0.0414
prod_20003425,20003425,1000026,Automotive,4.58,0,0,0,0,0.0,0.0,0.0,0,3.6e-05,717,0.0,1.0,NONE,False,False,0.0372,LOW_RISK,1,False,0.0414
prod_20002913,20002913,1000372,Phones & Telecommunications,4.58,0,0,0,0,0.0,0.0,0.0,0,3.6e-05,635,0.0,1.0,NONE,False,False,0.0443,LOW_RISK,1,False,0.0414
prod_20003845,20003845,1000270,Home & Garden,4.58,0,0,0,0,0.0,0.0,0.0,0,3.6e-05,689,0.0,1.0,NONE,False,False,0.0139,LOW_RISK,1,False,0.0414
prod_20004211,20004211,1000133,Automotive,4.58,0,0,0,0,0.0,0.0,0.0,0,3.6e-05,482,0.0,1.0,NONE,False,False,0.0596,LOW_RISK,1,False,0.0414
prod_20002319,20002319,1000482,Computer & Office,4.44,18,56,64,4,0.0228,0.0556,0.0013,36,0.000336,282,0.013,0.007,NONE,False,False,0.1176,LOW_RISK,1,False,0.0415
prod_20000317,20000317,1000394,Computer & Office,5.0,9,28,31,2,0.0601,0.125,0.0011,20,0.00022,270,0.1973,0.02,CHOKE_CHILD,False,True,0.1649,MODERATE_RISK,1,False,0.0415
prod_20004086,20004086,1000115,Tools & Home Improvement,4.57,0,0,0,0,0.0,0.0,0.0,0,3.6e-05,436,0.0,1.0,NONE,False,False,0.0488,LOW_RISK,1,False,0.0416
prod_20000984,20000984,1000460,Tools & Home Improvement,4.57,0,0,0,0,0.0,0.0,0.0,0,3.6e-05,59,0.0,1.0,NONE,False,False,0.0376,LOW_RISK,1,False,0.0416
prod_20004518,20004518,1000205,Consumer Electronics,4.57,0,0,0,0,0.0,0.0,0.0,0,3.6e-05,903,0.0,1.0,NONE,False,False,0.0542,LOW_RISK,1,False,0.0416
prod_20001182,20001182,1000123,Home & Garden,4.45,0,0,0,0,0.0,0.0,0.0,0,3.6e-05,392,0.0,1.0,NONE,False,False,0.0424,LOW_RISK,1,False,0.0416
prod_20001258,20001258,1000396,Computer & Office,4.57,0,0,0,0,0.0,0.0,0.0,0,3.6e-05,793,0.0,1.0,NONE,False,False,0.0416,LOW_RISK,1,False,0.0416
prod_20001082,20001082,1000338,Home & Garden,4.45,0,0,0,0,0.0,0.0,0.0,0,3.6e-05,698,0.0,1.0,NONE,False,False,0.0505,LOW_RISK,1,False,0.0416
prod_20002947,20002947,1000394,Automotive,4.45,0,0,0,0,0.0,0.0,0.0,0,3.6e-05,557,0.0,1.0,ELEC_SHOCK,True,True,0.2495,MODERATE_RISK,1,False,0.0416
prod_20003988,20003988,1000479,Consumer Electronics,4.57,0,0,0,0,0.0,0.0,0.0,0,3.6e-05,271,0.0,1.0,NONE,False,False,0.0517,LOW_RISK,1,False,0.0416
prod_20003019,20003019,1000175,Sports & Entertainment,4.57,0,0,0,0,0.0,0.0,0.0,0,3.6e-05,632,0.0,1.0,NONE,False,False,0.0318,LOW_RISK,1,False,0.0416
prod_20004981,20004981,1000306,Jewelry & Accessories,4.45,0,0,0,0,0.0,0.0,0.0,0,3.6e-05,229,0.0,1.0,NONE,False,False,0.0532,LOW_RISK,1,False,0.0416
prod_20000492,20000492,1000429,Phones & Telecommunications,4.83,12,37,42,2,0.0532,0.125,0.001,19,0.0003,673,0.1911,0.02,NONE,False,False,0.1017,LOW_RISK,1,False,0.0416
prod_20003820,20003820,1000018,Consumer Electronics,4.45,0,0,0,0,0.0,0.0,0.0,0,3.6e-05,339,0.0,1.0,ELEC_SHOCK,False,True,0.0997,LOW_RISK,1,False,0.0416
prod_20003805,20003805,1000287,Phones & Telecommunications,4.57,0,0,0,0,0.0,0.0,0.0,0,3.6e-05,718,0.0,1.0,NONE,False,False,0.0426,LOW_RISK,1,False,0.0416
prod_20002368,20002368,1000205,Home & Garden,4.45,0,0,0,0,0.0,0.0,0.0,0,3.6e-05,241,0.0,1.0,NONE,False,False,0.0542,LOW_RISK,1,False,0.0416
prod_20004855,20004855,1000155,Computer & Office,4.45,0,0,0,0,0.0,0.0,0.0,0,3.6e-05,107,0.0,1.0,ELEC_SHOCK,False,True,0.1303,LOW_RISK,1,False,0.0416
prod_20000021,20000021,1000058,Tools & Home Improvement,5.0,10,37,42,2,0.0604,0.125,0.0009,19,0.000299,730,0.1959,0.013,NONE,False,False,0.097,LOW_RISK,1,False,0.0416
prod_20001599,20001599,1000292,Sports & Entertainment,4.45,0,0,0,0,0.0,0.0,0.0,0,3.6e-05,336,0.0,1.0,NONE,False,False,0.052,LOW_RISK,1,False,0.0416
prod_20003713,20003713,1000477,Sports & Entertainment,4.45,0,0,0,0,0.0,0.0,0.0,0,3.6e-05,587,0.0,1.0,NONE,False,False,0.0448,LOW_RISK,1,False,0.0416
prod_20003295,20003295,1000483,Consumer Electronics,4.57,0,0,0,0,0.0,0.0,0.0,0,3.6e-05,848,0.0,1.0,NONE,False,False,0.0064,LOW_RISK,1,False,0.0416
prod_20004283,20004283,1000101,Phones & Telecommunications,4.57,0,0,0,0,0.0,0.0,0.0,0,3.6e-05,155,0.0,1.0,NONE,False,False,0.1209,LOW_RISK,1,False,0.0416
prod_20002265,20002265,1000009,Jewelry & Accessories,4.57,0,0,0,0,0.0,0.0,0.0,0,3.6e-05,583,0.0,1.0,NONE,False,False,0.109,LOW_RISK,1,False,0.0416
prod_20002929,20002929,1000384,Phones & Telecommunications,4.57,0,0,0,0,0.0,0.0,0.0,0,3.6e-05,182,0.0,1.0,ELEC_SHOCK,True,True,0.2303,MODERATE_RISK,1,False,0.0416
prod_20003881,20003881,1000311,Jewelry & Accessories,4.57,0,0,0,0,0.0,0.0,0.0,0,3.6e-05,355,0.0,1.0,NONE,False,False,0.0471,LOW_RISK,1,False,0.0416
prod_20000289,20000289,1000353,Home & Garden,4.89,9,34,37,2,0.0614,0.1333,0.0009,20,0.000272,816,0.1923,0.02,NONE,False,False,0.0801,LOW_RISK,1,False,0.0416
prod_20003152,20003152,1000147,Sports & Entertainment,4.45,0,0,0,0,0.0,0.0,0.0,0,3.6e-05,668,0.0,1.0,NONE,False,False,0.0253,LOW_RISK,1,False,0.0416
prod_20002380,20002380,1000321,Computer & Office,4.59,0,0,0,0,0.0,0.0,0.0,0,3.6e-05,633,0.0,1.0,NONE,False,False,0.0373,LOW_RISK,1,False,0.0417
prod_20001436,20001436,1000314,Automotive,4.59,0,0,0,0,0.0,0.0,0.0,0,3.6e-05,114,0.0,1.0,NONE,False,False,0.044,LOW_RISK,1,False,0.0417
prod_20000439,20000439,1000074,Consumer Electronics,4.89,9,31,35,2,0.06,0.1176,0.0012,20,0.000244,270,0.1973,0.02,NONE,False,False,0.1052,LOW_RISK,1,False,0.0417
prod_20001101,20001101,1000343,Jewelry & Accessories,4.59,0,0,0,0,0.0,0.0,0.0,0,3.6e-05,6,0.0,1.0,NONE,False,False,0.056,LOW_RISK,1,False,0.0417
prod_20004366,20004366,1000164,Sports & Entertainment,4.59,0,0,0,0,0.0,0.0,0.0,0,3.6e-05,398,0.0,1.0,NONE,False,False,0.0614,LOW_RISK,1,False,0.0417
prod_20001626,20001626,1000036,Automotive,4.59,0,0,0,0,0.0,0.0,0.0,0,3.6e-05,47,0.0,1.0,NONE,False,False,0.0388,LOW_RISK,1,False,0.0417
prod_20003884,20003884,1000112,Phones & Telecommunications,4.59,0,0,0,0,0.0,0.0,0.0,0,3.6e-05,504,0.0,1.0,NONE,False,False,0.0912,LOW_RISK,1,False,0.0417
prod_20000035,20000035,1000009,Jewelry & Accessories,5.0,12,40,43,2,0.0502,0.1053,0.001,19,0.000302,730,0.1959,0.013,NONE,False,False,0.1398,LOW_RISK,1,False,0.0417
prod_20000244,20000244,1000072,Phones & Telecommunications,5.0,7,27,28,2,0.0624,0.1333,0.001,20,0.000214,816,0.1923,0.02,NONE,False,False,0.1792,MODERATE_RISK,1,False,0.0417
prod_20000982,20000982,1000379,Automotive,5.0,1,5,5,1,0.0725,0.2,0.0035,5,6e-05,923,0.0278,0.022,NONE,False,False,0.0408,LOW_RISK,1,False,0.0418
prod_20001061,20001061,1000183,Jewelry & Accessories,4.17,6,13,17,4,0.0429,0.0909,0.0037,13,0.000115,501,0.0146,0.015,NONE,False,False,0.0574,LOW_RISK,1,False,0.0418
prod_20002499,20002499,1000160,Sports & Entertainment,4.0,1,3,3,1,0.022,0.0312,0.003,3,4.8e-05,923,0.0278,0.022,NONE,False,False,0.0462,LOW_RISK,1,False,0.0418
prod_20004863,20004863,1000394,Sports & Entertainment,2.0,1,4,4,1,0.084,0.2,0.003,4,5.6e-05,714,0.0141,0.006,NONE,False,False,0.1317,LOW_RISK,1,False,0.0419
prod_20000357,20000357,1000410,Home & Garden,4.88,8,26,29,2,0.0658,0.1333,0.0011,19,0.000213,270,0.1973,0.02,CHOKE_CHILD,True,True,0.2434,MODERATE_RISK,1,False,0.0419
prod_20000003,20000003,1000498,Consumer Electronics,4.62,8,29,30,2,0.061,0.1429,0.001,19,0.000221,730,0.1959,0.013,NONE,False,False,0.0821,LOW_RISK,1,False,0.0419
prod_20000352,20000352,1000314,Home & Garden,4.85,13,32,36,2,0.0487,0.0833,0.0011,20,0.000251,270,0.1973,0.02,NONE,False,False,0.1039,LOW_RISK,1,False,0.042
prod_20000188,20000188,1000376,Computer & Office,5.0,7,31,32,2,0.0656,0.1176,0.0009,20,0.00024,816,0.1923,0.02,NONE,False,False,0.0947,LOW_RISK,1,False,0.042
prod_20004424,20004424,1000484,Automotive,5.0,1,1,1,1,0.0357,0.0357,0.0,1,4e-05,714,0.0141,0.006,NONE,False,False,0.0472,LOW_RISK,1,False,0.042
prod_20004567,20004567,1000324,Phones & Telecommunications,5.0,2,9,9,1,0.1336,0.3333,0.0018,7,8.9e-05,501,0.0146,0.015,NONE,False,False,0.0589,LOW_RISK,1,False,0.0421
prod_20002949,20002949,1000484,Sports & Entertainment,5.0,1,3,3,1,0.0574,0.1667,0.0055,3,4.9e-05,282,0.013,0.007,NONE,False,False,0.0499,LOW_RISK,1,False,0.0421
prod_20000585,20000585,1000494,Tools & Home Improvement,5.0,13,35,37,2,0.0472,0.0952,0.0009,19,0.000266,673,0.1911,0.02,NONE,False,False,0.1042,LOW_RISK,1,False,0.0421
prod_20004878,20004878,1000222,Automotive,4.2,20,52,60,5,0.0256,0.05,0.0009,31,0.00035,714,0.0141,0.006,NONE,False,False,0.1366,LOW_RISK,1,False,0.0423
prod_20000562,20000562,1000159,Tools & Home Improvement,5.0,8,20,21,2,0.0604,0.1111,0.001,17,0.000168,673,0.1911,0.02,NONE,False,False,0.1148,LOW_RISK,1,False,0.0423
prod_20003011,20003011,1000371,Home & Garden,4.46,0,0,0,0,0.0,0.0,0.0,0,3.6e-05,493,0.0,1.0,CHEM_TOXIC,True,True,0.299,MODERATE_RISK,1,False,0.0424
prod_20001056,20001056,1000184,Tools & Home Improvement,4.46,0,0,0,0,0.0,0.0,0.0,0,3.6e-05,607,0.0,1.0,NONE,False,False,0.0511,LOW_RISK,1,False,0.0424
prod_20000516,20000516,1000194,Computer & Office,4.83,12,37,43,2,0.0551,0.1111,0.0009,19,0.000309,673,0.1911,0.02,CHEM_TOXIC,True,True,0.2453,MODERATE_RISK,1,False,0.0424
prod_20004291,20004291,1000336,Computer & Office,4.46,0,0,0,0,0.0,0.0,0.0,0,3.6e-05,170,0.0,1.0,NONE,False,False,0.1237,LOW_RISK,1,False,0.0424
prod_20003715,20003715,1000227,Consumer Electronics,4.27,22,58,66,5,0.0217,0.0435,0.0012,33,0.000353,714,0.0141,0.006,NONE,False,False,0.1121,LOW_RISK,1,False,0.0424
prod_20001815,20001815,1000346,Computer & Office,4.46,0,0,0,0,0.0,0.0,0.0,0,3.6e-05,289,0.0,1.0,NONE,False,False,0.0312,LOW_RISK,1,False,0.0424
prod_20001370,20001370,1000226,Sports & Entertainment,3.77,13,42,44,2,0.0244,0.0769,0.0017,32,0.000248,501,0.0146,0.015,NONE,False,False,0.0887,LOW_RISK,1,False,0.0424
prod_20000096,20000096,1000092,Computer & Office,4.89,9,21,22,2,0.0556,0.1053,0.0012,18,0.000172,730,0.1959,0.013,NONE,False,False,0.0715,LOW_RISK,1,False,0.0424
prod_20002724,20002724,1000258,Jewelry & Accessories,4.46,0,0,0,0,0.0,0.0,0.0,0,3.6e-05,886,0.0,1.0,NONE,False,False,0.0699,LOW_RISK,1,False,0.0424
prod_20000731,20000731,1000023,Jewelry & Accessories,5.0,8,25,28,2,0.0683,0.1429,0.001,18,0.000216,497,0.1926,0.013,NONE,False,False,0.0712,LOW_RISK,1,False,0.0424
prod_20004835,20004835,1000037,Sports & Entertainment,4.46,0,0,0,0,0.0,0.0,0.0,0,3.6e-05,281,0.0,1.0,NONE,False,False,0.0,LOW_RISK,1,False,0.0424
prod_20004087,20004087,1000244,Automotive,3.94,17,45,50,5,0.0215,0.0526,0.0016,31,0.000264,282,0.013,0.007,NONE,False,False,0.0897,LOW_RISK,1,False,0.0424
prod_20003609,20003609,1000182,Automotive,4.46,0,0,0,0,0.0,0.0,0.0,0,3.6e-05,341,0.0,1.0,ELEC_SHOCK,True,True,0.2544,MODERATE_RISK,1,False,0.0424
prod_20003191,20003191,1000219,Jewelry & Accessories,4.46,0,0,0,0,0.0,0.0,0.0,0,3.6e-05,242,0.0,1.0,NONE,False,False,0.0397,LOW_RISK,1,False,0.0424
prod_20003986,20003986,1000114,Computer & Office,3.75,16,48,55,4,0.0219,0.0588,0.002,32,0.000289,714,0.0141,0.006,NONE,False,False,0.1134,LOW_RISK,1,False,0.0424
prod_20003310,20003310,1000233,Phones & Telecommunications,3.0,2,7,7,1,0.0889,0.3333,0.0031,6,7.3e-05,714,0.0141,0.006,NONE,False,False,0.0464,LOW_RISK,1,False,0.0424
prod_20002402,20002402,1000248,Consumer Electronics,5.0,1,5,5,1,0.0968,0.3333,0.0039,5,6.1e-05,501,0.0146,0.015,NONE,False,False,0.0484,LOW_RISK,1,False,0.0425
prod_20000375,20000375,1000032,Consumer Electronics,5.0,9,34,35,2,0.0566,0.1333,0.001,20,0.000247,270,0.1973,0.02,NONE,False,False,0.1155,LOW_RISK,1,False,0.0425
prod_20002685,20002685,1000173,Home & Garden,4.5,6,29,30,2,0.0402,0.1667,0.0018,23,0.000178,923,0.0278,0.022,NONE,False,False,0.0682,LOW_RISK,1,False,0.0426
prod_20000619,20000619,1000447,Consumer Electronics,5.0,8,25,28,2,0.0643,0.1333,0.0012,19,0.000209,497,0.1926,0.013,NONE,False,False,0.0889,LOW_RISK,1,False,0.0426
prod_20001052,20001052,1000329,Home & Garden,3.0,1,6,6,1,0.112,0.3333,0.0031,6,6.7e-05,714,0.0141,0.006,NONE,False,False,0.1323,LOW_RISK,1,False,0.0426
prod_20000052,20000052,1000101,Computer & Office,4.82,11,39,42,2,0.0527,0.1053,0.0009,19,0.000298,730,0.1959,0.013,CHEM_TOXIC,True,True,0.2642,MODERATE_RISK,1,False,0.0426
prod_20000384,20000384,1000091,Sports & Entertainment,5.0,12,35,37,2,0.0505,0.1176,0.0009,20,0.000261,270,0.1973,0.02,NONE,False,False,0.103,LOW_RISK,1,False,0.0427
prod_20000642,20000642,1000297,Consumer Electronics,4.83,12,41,44,2,0.0505,0.1,0.0009,19,0.000311,497,0.1926,0.013,NONE,False,False,0.08,LOW_RISK,1,False,0.0427
prod_20000204,20000204,1000404,Jewelry & Accessories,5.0,13,27,29,2,0.0483,0.0909,0.0008,20,0.000221,816,0.1923,0.02,NONE,False,False,0.074,LOW_RISK,1,False,0.0427
prod_20000714,20000714,1000341,Computer & Office,4.71,7,25,26,2,0.0633,0.1,0.001,18,0.0002,497,0.1926,0.013,NONE,False,False,0.0819,LOW_RISK,1,False,0.0427
prod_20001130,20001130,1000211,Automotive,4.49,0,0,0,0,0.0,0.0,0.0,0,3.6e-05,865,0.0,1.0,ELEC_SHOCK,False,True,0.1361,LOW_RISK,1,False,0.0428
prod_20004597,20004597,1000370,Phones & Telecommunications,4.49,0,0,0,0,0.0,0.0,0.0,0,3.6e-05,601,0.0,1.0,NONE,False,False,0.0436,LOW_RISK,1,False,0.0428
prod_20002594,20002594,1000299,Home & Garden,4.49,0,0,0,0,0.0,0.0,0.0,0,3.6e-05,830,0.0,1.0,NONE,False,False,0.0482,LOW_RISK,1,False,0.0428
prod_20000834,20000834,1000191,Sports & Entertainment,4.49,0,0,0,0,0.0,0.0,0.0,0,3.6e-05,327,0.0,1.0,NONE,False,False,0.0517,LOW_RISK,1,False,0.0428
prod_20001637,20001637,1000387,Phones & Telecommunications,3.0,1,6,6,1,0.0289,0.0909,0.005,6,6.1e-05,714,0.0141,0.006,NONE,False,False,0.0508,LOW_RISK,1,False,0.0428
prod_20000250,20000250,1000263,Jewelry & Accessories,5.0,9,33,36,2,0.0595,0.1176,0.0011,20,0.000261,816,0.1923,0.02,NONE,False,False,0.0995,LOW_RISK,1,False,0.0428
prod_20001540,20001540,1000239,Automotive,4.49,0,0,0,0,0.0,0.0,0.0,0,3.6e-05,27,0.0,1.0,ELEC_SHOCK,False,True,0.0322,LOW_RISK,1,False,0.0428
prod_20003869,20003869,1000136,Consumer Electronics,4.49,0,0,0,0,0.0,0.0,0.0,0,3.6e-05,93,0.0,1.0,NONE,False,False,0.0491,LOW_RISK,1,False,0.0428
prod_20003312,20003312,1000073,Home & Garden,4.49,0,0,0,0,0.0,0.0,0.0,0,3.6e-05,454,0.0,1.0,ELEC_SHOCK,False,True,0.1238,LOW_RISK,1,False,0.0428
prod_20001909,20001909,1000255,Home & Garden,4.49,0,0,0,0,0.0,0.0,0.0,0,3.6e-05,230,0.0,1.0,NONE,False,False,0.0537,LOW_RISK,1,False,0.0428
prod_20004135,20004135,1000277,Tools & Home Improvement,4.49,0,0,0,0,0.0,0.0,0.0,0,3.6e-05,703,0.0,1.0,NONE,False,False,0.0308,LOW_RISK,1,False,0.0428
prod_20003300,20003300,1000160,Tools & Home Improvement,4.49,0,0,0,0,0.0,0.0,0.0,0,3.6e-05,342,0.0,1.0,NONE,False,False,0.0419,LOW_RISK,1,False,0.0428
prod_20003759,20003759,1000467,Home & Garden,4.49,0,0,0,0,0.0,0.0,0.0,0,3.6e-05,815,0.0,1.0,NONE,False,False,0.0294,LOW_RISK,1,False,0.0428
prod_20000135,20000135,1000073,Automotive,4.93,14,35,38,2,0.0489,0.1176,0.0008,19,0.000276,730,0.1959,0.013,UNCERTIFIED_MED,False,True,0.147,LOW_RISK,1,False,0.0428
prod_20000958,20000958,1000495,Automotive,5.0,2,5,5,1,0.0339,0.1111,0.0057,5,5.8e-05,282,0.013,0.007,ELEC_SHOCK,False,True,0.1366,LOW_RISK,1,False,0.043
prod_20000392,20000392,1000414,Sports & Entertainment,5.0,10,29,31,2,0.0578,0.1333,0.0008,19,0.000228,270,0.1973,0.02,NONE,False,False,0.0954,LOW_RISK,1,False,0.043
prod_20003735,20003735,1000088,Sports & Entertainment,3.5,14,44,51,5,0.0301,0.0714,0.0014,29,0.000307,714,0.0141,0.006,NONE,False,False,0.0854,LOW_RISK,1,False,0.043
prod_20003008,20003008,1000453,Computer & Office,4.33,3,12,13,2,0.0943,0.3333,0.0017,11,0.000106,501,0.0146,0.015,NONE,False,False,0.0592,LOW_RISK,1,False,0.043
prod_20001618,20001618,1000042,Jewelry & Accessories,4.0,1,3,3,1,0.1589,0.3333,0.003,3,5.4e-05,714,0.0141,0.006,NONE,False,False,0.0916,LOW_RISK,1,False,0.043
prod_20002544,20002544,1000228,Sports & Entertainment,3.89,19,55,61,4,0.0241,0.0645,0.0012,32,0.000322,282,0.013,0.007,NONE,False,False,0.1077,LOW_RISK,1,False,0.0431
prod_20000217,20000217,1000084,Computer & Office,5.0,9,19,20,2,0.0566,0.0833,0.0011,19,0.000162,816,0.1923,0.02,CHOKE_CHILD,False,True,0.1257,LOW_RISK,1,False,0.0431
prod_20001100,20001100,1000287,Home & Garden,4.48,0,0,0,0,0.0,0.0,0.0,0,3.6e-05,197,0.0,1.0,NONE,False,False,0.0426,LOW_RISK,1,False,0.0432
prod_20001536,20001536,1000361,Jewelry & Accessories,4.48,0,0,0,0,0.0,0.0,0.0,0,3.6e-05,862,0.0,1.0,ELEC_SHOCK,True,True,0.2313,MODERATE_RISK,1,False,0.0432
prod_20002622,20002622,1000251,Phones & Telecommunications,4.48,0,0,0,0,0.0,0.0,0.0,0,3.6e-05,331,0.0,1.0,NONE,False,False,0.0379,LOW_RISK,1,False,0.0432
prod_20001043,20001043,1000360,Sports & Entertainment,4.48,0,0,0,0,0.0,0.0,0.0,0,3.6e-05,553,0.0,1.0,NONE,False,False,0.0558,LOW_RISK,1,False,0.0432
prod_20003171,20003171,1000308,Automotive,4.48,0,0,0,0,0.0,0.0,0.0,0,3.6e-05,605,0.0,1.0,NONE,False,False,0.0387,LOW_RISK,1,False,0.0432
prod_20004529,20004529,1000094,Home & Garden,4.48,0,0,0,0,0.0,0.0,0.0,0,3.6e-05,382,0.0,1.0,NONE,False,False,0.0875,LOW_RISK,1,False,0.0432
prod_20003508,20003508,1000490,Phones & Telecommunications,4.48,0,0,0,0,0.0,0.0,0.0,0,3.6e-05,471,0.0,1.0,CHOKE_CHILD,False,True,0.061,LOW_RISK,1,False,0.0432
prod_20003245,20003245,1000387,Sports & Entertainment,4.48,0,0,0,0,0.0,0.0,0.0,0,3.6e-05,810,0.0,1.0,NONE,False,False,0.0428,LOW_RISK,1,False,0.0432
prod_20002526,20002526,1000336,Consumer Electronics,5.0,1,4,4,1,0.0261,0.0556,0.0033,4,5.3e-05,923,0.0278,0.022,UNCERTIFIED_MED,False,True,0.1263,LOW_RISK,1,False,0.0432
prod_20002773,20002773,1000148,Computer & Office,4.48,0,0,0,0,0.0,0.0,0.0,0,3.6e-05,866,0.0,1.0,CHOKE_CHILD,False,True,0.0485,LOW_RISK,1,False,0.0432
prod_20002280,20002280,1000111,Home & Garden,4.48,0,0,0,0,0.0,0.0,0.0,0,3.6e-05,224,0.0,1.0,NONE,False,False,0.0545,LOW_RISK,1,False,0.0432
prod_20002815,20002815,1000373,Automotive,4.48,0,0,0,0,0.0,0.0,0.0,0,3.6e-05,129,0.0,1.0,NONE,False,False,0.0524,LOW_RISK,1,False,0.0432
prod_20001156,20001156,1000380,Automotive,2.0,1,3,3,1,0.0348,0.0714,0.003,3,4.9e-05,501,0.0146,0.015,NONE,False,False,0.0607,LOW_RISK,1,False,0.0432
prod_20000239,20000239,1000163,Tools & Home Improvement,4.88,8,27,28,2,0.0628,0.0909,0.0008,20,0.000215,816,0.1923,0.02,NONE,False,False,0.0777,LOW_RISK,1,False,0.0432
prod_20002930,20002930,1000227,Tools & Home Improvement,4.17,18,53,62,4,0.0219,0.0526,0.0016,37,0.000322,282,0.013,0.007,NONE,False,False,0.1092,LOW_RISK,1,False,0.0433
prod_20002791,20002791,1000284,Jewelry & Accessories,4.33,3,9,9,1,0.1177,0.3333,0.0008,7,0.000112,714,0.0141,0.006,NONE,False,False,0.0674,LOW_RISK,1,False,0.0433
prod_20000657,20000657,1000047,Tools & Home Improvement,5.0,8,21,22,2,0.0552,0.125,0.0012,19,0.000172,497,0.1926,0.013,NONE,False,False,0.0725,LOW_RISK,1,False,0.0433
prod_20000187,20000187,1000491,Phones & Telecommunications,4.9,10,21,25,2,0.06,0.1,0.0012,19,0.000193,816,0.1923,0.02,NONE,False,False,0.1079,LOW_RISK,1,False,0.0433
prod_20000158,20000158,1000169,Automotive,4.8,10,29,31,2,0.0574,0.1333,0.0007,20,0.000234,816,0.1923,0.02,NONE,False,False,0.0836,LOW_RISK,1,False,0.0434
prod_20000535,20000535,1000192,Automotive,4.73,11,32,36,2,0.0534,0.1176,0.0011,19,0.000258,673,0.1911,0.02,NONE,False,False,0.1032,LOW_RISK,1,False,0.0434
prod_20000464,20000464,1000136,Sports & Entertainment,5.0,11,35,41,2,0.0564,0.1053,0.0011,19,0.000289,673,0.1911,0.02,NONE,False,False,0.1112,LOW_RISK,1,False,0.0434
prod_20000497,20000497,1000095,Sports & Entertainment,4.8,10,33,38,2,0.0591,0.1111,0.0009,19,0.000274,673,0.1911,0.02,NONE,False,False,0.0991,LOW_RISK,1,False,0.0434
prod_20002329,20002329,1000220,Phones & Telecommunications,4.75,4,13,13,1,0.0715,0.25,0.0022,10,0.000129,923,0.0278,0.022,NONE,False,False,0.0557,LOW_RISK,1,False,0.0434
prod_20001180,20001180,1000421,Consumer Electronics,4.56,0,0,0,0,0.0,0.0,0.0,0,3.6e-05,22,0.0,1.0,NONE,False,False,0.0441,LOW_RISK,1,False,0.0435
prod_20000569,20000569,1000434,Tools & Home Improvement,5.0,11,37,41,2,0.0555,0.1176,0.0009,19,0.000291,673,0.1911,0.02,NONE,False,False,0.1047,LOW_RISK,1,False,0.0435
prod_20002748,20002748,1000050,Computer & Office,4.56,0,0,0,0,0.0,0.0,0.0,0,3.6e-05,324,0.0,1.0,NONE,False,False,0.08,LOW_RISK,1,False,0.0435
prod_20002555,20002555,1000076,Computer & Office,4.56,0,0,0,0,0.0,0.0,0.0,0,3.6e-05,480,0.0,1.0,UNCERTIFIED_MED,False,True,0.0407,LOW_RISK,1,False,0.0435
prod_20004739,20004739,1000479,Home & Garden,4.56,0,0,0,0,0.0,0.0,0.0,0,3.6e-05,596,0.0,1.0,NONE,False,False,0.0517,LOW_RISK,1,False,0.0435
prod_20002535,20002535,1000122,Sports & Entertainment,4.56,0,0,0,0,0.0,0.0,0.0,0,3.6e-05,172,0.0,1.0,NONE,False,False,0.0449,LOW_RISK,1,False,0.0435
prod_20002106,20002106,1000414,Phones & Telecommunications,4.56,0,0,0,0,0.0,0.0,0.0,0,3.6e-05,410,0.0,1.0,NONE,False,False,0.0501,LOW_RISK,1,False,0.0435
prod_20001684,20001684,1000492,Sports & Entertainment,5.0,1,2,2,1,0.0106,0.0182,0.0044,2,4.4e-05,714,0.0141,0.006,NONE,False,False,0.0572,LOW_RISK,1,False,0.0435
prod_20002974,20002974,1000291,Jewelry & Accessories,4.0,4,13,15,3,0.0379,0.2,0.0041,12,0.000106,714,0.0141,0.006,NONE,False,False,0.0634,LOW_RISK,1,False,0.0435
prod_20004163,20004163,1000444,Jewelry & Accessories,4.56,0,0,0,0,0.0,0.0,0.0,0,3.6e-05,547,0.0,1.0,NONE,False,False,0.0342,LOW_RISK,1,False,0.0435
prod_20001868,20001868,1000355,Home & Garden,4.0,1,1,1,1,0.0588,0.0588,0.0,1,4e-05,282,0.013,0.007,NONE,False,False,0.0378,LOW_RISK,1,False,0.0435
prod_20003403,20003403,1000121,Consumer Electronics,4.47,0,0,0,0,0.0,0.0,0.0,0,3.6e-05,431,0.0,1.0,NONE,False,False,0.0339,LOW_RISK,1,False,0.0436
prod_20003194,20003194,1000099,Computer & Office,4.55,0,0,0,0,0.0,0.0,0.0,0,3.6e-05,343,0.0,1.0,NONE,False,False,0.0371,LOW_RISK,1,False,0.0436
prod_20004429,20004429,1000178,Computer & Office,4.55,0,0,0,0,0.0,0.0,0.0,0,3.6e-05,864,0.0,1.0,NONE,False,False,0.037,LOW_RISK,1,False,0.0436
prod_20001502,20001502,1000136,Sports & Entertainment,4.55,0,0,0,0,0.0,0.0,0.0,0,3.6e-05,48,0.0,1.0,NONE,False,False,0.0491,LOW_RISK,1,False,0.0436
prod_20002430,20002430,1000198,Consumer Electronics,4.47,0,0,0,0,0.0,0.0,0.0,0,3.6e-05,220,0.0,1.0,NONE,False,False,0.054,LOW_RISK,1,False,0.0436
prod_20003054,20003054,1000088,Consumer Electronics,4.55,0,0,0,0,0.0,0.0,0.0,0,3.6e-05,110,0.0,1.0,NONE,False,False,0.0286,LOW_RISK,1,False,0.0436
prod_20003763,20003763,1000351,Sports & Entertainment,4.47,0,0,0,0,0.0,0.0,0.0,0,3.6e-05,762,0.0,1.0,NONE,False,False,0.0411,LOW_RISK,1,False,0.0436
prod_20000822,20000822,1000288,Computer & Office,4.47,0,0,0,0,0.0,0.0,0.0,0,3.6e-05,603,0.0,1.0,NONE,False,False,0.0374,LOW_RISK,1,False,0.0436
prod_20003392,20003392,1000068,Sports & Entertainment,3.2,5,27,29,2,0.0401,0.1667,0.0023,23,0.000171,501,0.0146,0.015,NONE,False,False,0.1345,LOW_RISK,1,False,0.0436
prod_20002219,20002219,1000155,Jewelry & Accessories,4.55,0,0,0,0,0.0,0.0,0.0,0,3.6e-05,799,0.0,1.0,UNCERTIFIED_MED,False,True,0.1303,LOW_RISK,1,False,0.0436
prod_20000403,20000403,1000154,Computer & Office,4.73,11,28,29,2,0.0519,0.0952,0.001,20,0.000212,270,0.1973,0.02,NONE,False,False,0.1,LOW_RISK,1,False,0.0436
prod_20002755,20002755,1000199,Phones & Telecommunications,4.47,0,0,0,0,0.0,0.0,0.0,0,3.6e-05,845,0.0,1.0,NONE,False,False,0.0839,LOW_RISK,1,False,0.0436
prod_20001479,20001479,1000451,Sports & Entertainment,4.55,0,0,0,0,0.0,0.0,0.0,0,3.6e-05,371,0.0,1.0,NONE,False,False,0.0563,LOW_RISK,1,False,0.0436
prod_20003108,20003108,1000390,Sports & Entertainment,4.47,0,0,0,0,0.0,0.0,0.0,0,3.6e-05,450,0.0,1.0,ELEC_SHOCK,True,True,0.2339,MODERATE_RISK,1,False,0.0436
prod_20003699,20003699,1000154,Automotive,4.55,0,0,0,0,0.0,0.0,0.0,0,3.6e-05,38,0.0,1.0,NONE,False,False,0.0583,LOW_RISK,1,False,0.0436
prod_20002384,20002384,1000372,Consumer Electronics,4.55,0,0,0,0,0.0,0.0,0.0,0,3.6e-05,3,0.0,1.0,NONE,False,False,0.0443,LOW_RISK,1,False,0.0436
prod_20002556,20002556,1000462,Automotive,4.47,0,0,0,0,0.0,0.0,0.0,0,3.6e-05,21,0.0,1.0,NONE,False,False,0.0361,LOW_RISK,1,False,0.0436
prod_20002141,20002141,1000317,Tools & Home Improvement,2.0,2,3,3,1,0.0172,0.0435,0.0026,3,4.8e-05,714,0.0141,0.006,NONE,False,False,0.0443,LOW_RISK,1,False,0.0436
prod_20001387,20001387,1000376,Home & Garden,4.54,0,0,0,0,0.0,0.0,0.0,0,3.6e-05,490,0.0,1.0,NONE,False,False,0.0457,LOW_RISK,1,False,0.0437
prod_20003597,20003597,1000039,Tools & Home Improvement,4.54,0,0,0,0,0.0,0.0,0.0,0,3.6e-05,844,0.0,1.0,NONE,False,False,0.0555,LOW_RISK,1,False,0.0437
prod_20004794,20004794,1000164,Sports & Entertainment,4.54,0,0,0,0,0.0,0.0,0.0,0,3.6e-05,914,0.0,1.0,NONE,False,False,0.0614,LOW_RISK,1,False,0.0437
prod_20001014,20001014,1000257,Automotive,4.54,0,0,0,0,0.0,0.0,0.0,0,3.6e-05,20,0.0,1.0,NONE,False,False,0.0578,LOW_RISK,1,False,0.0437
prod_20004674,20004674,1000125,Jewelry & Accessories,4.54,0,0,0,0,0.0,0.0,0.0,0,3.6e-05,681,0.0,1.0,NONE,False,False,0.0503,LOW_RISK,1,False,0.0437
prod_20003790,20003790,1000196,Sports & Entertainment,4.54,0,0,0,0,0.0,0.0,0.0,0,3.6e-05,521,0.0,1.0,NONE,False,False,0.0445,LOW_RISK,1,False,0.0437
prod_20000434,20000434,1000451,Jewelry & Accessories,5.0,10,28,30,2,0.0539,0.0952,0.0011,20,0.000215,270,0.1973,0.02,NONE,False,False,0.1027,LOW_RISK,1,False,0.0437
prod_20000376,20000376,1000478,Jewelry & Accessories,5.0,10,29,30,2,0.0534,0.0909,0.001,20,0.000219,270,0.1973,0.02,NONE,False,False,0.1189,LOW_RISK,1,False,0.0437
prod_20004796,20004796,1000316,Jewelry & Accessories,4.54,0,0,0,0,0.0,0.0,0.0,0,3.6e-05,573,0.0,1.0,ELEC_SHOCK,True,True,0.2711,MODERATE_RISK,1,False,0.0437
prod_20003893,20003893,1000305,Automotive,4.54,0,0,0,0,0.0,0.0,0.0,0,3.6e-05,693,0.0,1.0,NONE,False,False,0.0461,LOW_RISK,1,False,0.0437
prod_20000518,20000518,1000252,Computer & Office,4.89,9,23,26,2,0.0596,0.1111,0.0013,19,0.000196,673,0.1911,0.02,NONE,False,False,0.0756,LOW_RISK,1,False,0.0437
prod_20003935,20003935,1000474,Computer & Office,4.54,0,0,0,0,0.0,0.0,0.0,0,3.6e-05,726,0.0,1.0,NONE,False,False,0.0468,LOW_RISK,1,False,0.0437
prod_20001888,20001888,1000189,Consumer Electronics,3.0,1,2,2,1,0.0272,0.0476,0.0038,2,4.5e-05,714,0.0141,0.006,NONE,False,False,0.043,LOW_RISK,1,False,0.0437
prod_20002968,20002968,1000402,Consumer Electronics,4.19,21,62,66,2,0.0211,0.0455,0.0012,34,0.000343,282,0.013,0.007,NONE,False,False,0.1038,LOW_RISK,1,False,0.0438
prod_20000005,20000005,1000092,Automotive,4.9,10,34,35,2,0.054,0.08,0.0008,19,0.000254,730,0.1959,0.013,NONE,False,False,0.0886,LOW_RISK,1,False,0.0438
prod_20000440,20000440,1000283,Sports & Entertainment,5.0,9,26,28,2,0.0577,0.125,0.001,20,0.000203,270,0.1973,0.02,CHOKE_CHILD,False,True,0.1058,LOW_RISK,1,False,0.0438
prod_20000725,20000725,1000233,Tools & Home Improvement,5.0,9,31,36,2,0.0601,0.1053,0.0012,19,0.00026,497,0.1926,0.013,NONE,False,False,0.0739,LOW_RISK,1,False,0.0439
prod_20000213,20000213,1000238,Tools & Home Improvement,5.0,8,26,27,2,0.0634,0.1333,0.0008,19,0.000211,816,0.1923,0.02,NONE,False,False,0.0776,LOW_RISK,1,False,0.0439
prod_20001273,20001273,1000020,Tools & Home Improvement,5.0,1,3,3,1,0.0625,0.1667,0.003,3,5e-05,923,0.0278,0.022,UNCERTIFIED_MED,False,True,0.0452,LOW_RISK,1,False,0.044
prod_20000465,20000465,1000191,Sports & Entertainment,4.91,11,33,36,2,0.0557,0.1333,0.0008,19,0.000265,673,0.1911,0.02,NONE,False,False,0.1093,LOW_RISK,1,False,0.044
prod_20000691,20000691,1000197,Phones & Telecommunications,5.0,10,26,30,2,0.0614,0.1538,0.0011,19,0.000226,497,0.1926,0.013,NONE,False,False,0.0716,LOW_RISK,1,False,0.0441
prod_20004222,20004222,1000067,Sports & Entertainment,4.53,17,42,43,2,0.0251,0.0588,0.0008,30,0.000245,501,0.0146,0.015,NONE,False,False,0.0932,LOW_RISK,1,False,0.0441
prod_20001161,20001161,1000229,Computer & Office,3.0,2,8,8,1,0.0237,0.0833,0.0049,8,7.1e-05,714,0.0141,0.006,NONE,False,False,0.0462,LOW_RISK,1,False,0.0442
prod_20002844,20002844,1000031,Jewelry & Accessories,3.0,2,6,6,1,0.0333,0.1111,0.002,6,6.3e-05,923,0.0278,0.022,NONE,False,False,0.0439,LOW_RISK,1,False,0.0442
prod_20000676,20000676,1000332,Computer & Office,4.78,9,21,23,2,0.0619,0.1176,0.0008,18,0.000184,497,0.1926,0.013,NONE,False,False,0.0803,LOW_RISK,1,False,0.0442
prod_20000865,20000865,1000133,Phones & Telecommunications,4.4,15,47,53,4,0.0249,0.0667,0.0017,32,0.000288,501,0.0146,0.015,NONE,False,False,0.1071,LOW_RISK,1,False,0.0442
prod_20000628,20000628,1000360,Automotive,4.9,10,27,31,2,0.064,0.1333,0.0009,18,0.000237,497,0.1926,0.013,NONE,False,False,0.0817,LOW_RISK,1,False,0.0442
prod_20003016,20003016,1000106,Consumer Electronics,4.12,16,52,57,3,0.0281,0.0625,0.0012,31,0.000311,501,0.0146,0.015,NONE,False,False,0.0942,LOW_RISK,1,False,0.0442
prod_20000255,20000255,1000025,Automotive,5.0,9,34,35,2,0.057,0.0952,0.0008,20,0.00026,816,0.1923,0.02,NONE,False,False,0.1299,LOW_RISK,1,False,0.0443
prod_20004152,20004152,1000414,Consumer Electronics,3.82,17,47,52,4,0.0214,0.0556,0.0017,32,0.000275,282,0.013,0.007,NONE,False,False,0.0986,LOW_RISK,1,False,0.0443
prod_20001223,20001223,1000211,Computer & Office,4.1,10,48,48,1,0.0232,0.0769,0.0015,38,0.000251,714,0.0141,0.006,CHOKE_CHILD,True,True,0.2714,MODERATE_RISK,1,False,0.0444
prod_20000214,20000214,1000449,Computer & Office,5.0,10,31,34,2,0.06,0.1333,0.0009,20,0.000258,816,0.1923,0.02,NONE,False,False,0.0743,LOW_RISK,1,False,0.0444
prod_20003297,20003297,1000463,Automotive,5.0,1,4,4,1,0.0531,0.2,0.0056,4,5.3e-05,714,0.0141,0.006,NONE,False,False,0.0293,LOW_RISK,1,False,0.0444
prod_20000256,20000256,1000305,Jewelry & Accessories,5.0,9,23,26,2,0.0646,0.125,0.0011,19,0.000201,816,0.1923,0.02,NONE,False,False,0.074,LOW_RISK,1,False,0.0444
prod_20003343,20003343,1000181,Jewelry & Accessories,3.94,17,44,51,3,0.0257,0.0588,0.0015,28,0.000313,501,0.0146,0.015,NONE,False,False,0.0915,LOW_RISK,1,False,0.0444
prod_20000166,20000166,1000220,Computer & Office,4.92,12,37,43,2,0.0558,0.1111,0.0009,20,0.000311,816,0.1923,0.02,NONE,False,False,0.0949,LOW_RISK,1,False,0.0444
prod_20003924,20003924,1000471,Sports & Entertainment,4.47,17,50,57,5,0.021,0.0526,0.0016,35,0.000297,714,0.0141,0.006,UNCERTIFIED_MED,False,True,0.1488,LOW_RISK,1,False,0.0445
prod_20000453,20000453,1000362,Computer & Office,5.0,12,33,36,2,0.053,0.1053,0.0008,19,0.000265,673,0.1911,0.02,NONE,False,False,0.1487,LOW_RISK,1,False,0.0445
prod_20000774,20000774,1000135,Phones & Telecommunications,5.0,3,3,3,1,0.0273,0.0769,0.0056,3,4.9e-05,714,0.0141,0.006,NONE,False,False,0.0449,LOW_RISK,1,False,0.0445
prod_20001342,20001342,1000421,Computer & Office,4.25,16,47,59,4,0.0295,0.0625,0.0014,29,0.000318,501,0.0146,0.015,NONE,False,False,0.1088,LOW_RISK,1,False,0.0445
prod_20000258,20000258,1000220,Computer & Office,5.0,8,28,30,2,0.0624,0.125,0.0009,20,0.000226,816,0.1923,0.02,NONE,False,False,0.0769,LOW_RISK,1,False,0.0445
prod_20003159,20003159,1000093,Home & Garden,4.19,21,54,65,5,0.0239,0.0476,0.0014,32,0.000374,714,0.0141,0.006,CHOKE_CHILD,False,True,0.1182,LOW_RISK,1,False,0.0445
prod_20000271,20000271,1000265,Jewelry & Accessories,5.0,11,32,35,2,0.0557,0.125,0.0008,20,0.00026,816,0.1923,0.02,NONE,False,False,0.0852,LOW_RISK,1,False,0.0445
prod_20000624,20000624,1000315,Computer & Office,4.88,8,30,33,2,0.0615,0.1333,0.0012,19,0.000238,497,0.1926,0.013,NONE,False,False,0.0831,LOW_RISK,1,False,0.0446
prod_20004256,20004256,1000429,Computer & Office,4.0,1,1,1,1,0.0333,0.0333,0.0,1,4e-05,714,0.0141,0.006,NONE,False,False,0.0453,LOW_RISK,1,False,0.0446
prod_20001781,20001781,1000327,Home & Garden,3.7,10,26,28,2,0.0334,0.0909,0.0018,21,0.000173,923,0.0278,0.022,NONE,False,False,0.0875,LOW_RISK,1,False,0.0447
prod_20000095,20000095,1000192,Computer & Office,4.92,13,37,45,2,0.0557,0.1053,0.001,19,0.000316,730,0.1959,0.013,NONE,False,False,0.0976,LOW_RISK,1,False,0.0447
prod_20000816,20000816,1000417,Consumer Electronics,4.07,15,49,53,3,0.0307,0.0625,0.0011,30,0.000304,501,0.0146,0.015,NONE,False,False,0.1103,LOW_RISK,1,False,0.0447
prod_20003851,20003851,1000331,Home & Garden,3.33,3,12,12,1,0.0505,0.3333,0.0024,11,9.3e-05,501,0.0146,0.015,NONE,False,False,0.0672,LOW_RISK,1,False,0.0447
prod_20000218,20000218,1000478,Home & Garden,4.8,10,28,29,2,0.0546,0.1333,0.0008,20,0.00022,816,0.1923,0.02,NONE,False,False,0.099,LOW_RISK,1,False,0.0448
prod_20004435,20004435,1000005,Home & Garden,4.5,2,1,1,1,0.0294,0.0294,0.0,1,4e-05,714,0.0141,0.006,NONE,False,False,0.0497,LOW_RISK,1,False,0.0448
prod_20000430,20000430,1000468,Home & Garden,4.9,10,36,40,2,0.057,0.1111,0.0009,20,0.000277,270,0.1973,0.02,NONE,False,False,0.1147,LOW_RISK,1,False,0.0448
prod_20003334,20003334,1000412,Sports & Entertainment,3.0,5,22,23,2,0.0684,0.2,0.0014,15,0.000158,714,0.0141,0.006,NONE,False,False,0.0639,LOW_RISK,1,False,0.0448
prod_20000470,20000470,1000207,Sports & Entertainment,4.7,10,30,33,2,0.0581,0.1176,0.0008,19,0.000244,673,0.1911,0.02,NONE,False,False,0.0865,LOW_RISK,1,False,0.0448
prod_20000161,20000161,1000225,Sports & Entertainment,5.0,10,35,39,2,0.0566,0.1111,0.001,20,0.000282,816,0.1923,0.02,NONE,False,False,0.0928,LOW_RISK,1,False,0.0449
prod_20004329,20004329,1000018,Consumer Electronics,4.13,15,55,61,5,0.0262,0.0667,0.0015,34,0.000338,282,0.013,0.007,CHEM_TOXIC,False,True,0.1367,LOW_RISK,1,False,0.0449
prod_20000938,20000938,1000127,Consumer Electronics,2.0,1,4,4,1,0.0376,0.125,0.0037,4,5.3e-05,714,0.0141,0.006,NONE,False,False,0.0957,LOW_RISK,1,False,0.0449
prod_20000018,20000018,1000226,Sports & Entertainment,5.0,12,37,42,2,0.053,0.1,0.0009,19,0.000297,730,0.1959,0.013,NONE,False,False,0.0945,LOW_RISK,1,False,0.0449
prod_20003407,20003407,1000248,Phones & Telecommunications,2.0,1,4,4,1,0.0254,0.0435,0.0035,4,5.3e-05,282,0.013,0.007,NONE,False,False,0.0474,LOW_RISK,1,False,0.045
prod_20000189,20000189,1000265,Sports & Entertainment,4.83,12,35,40,2,0.0532,0.1176,0.0009,20,0.000288,816,0.1923,0.02,NONE,False,False,0.0955,LOW_RISK,1,False,0.045
prod_20003244,20003244,1000216,Jewelry & Accessories,4.0,2,6,6,1,0.1293,0.3333,0.0015,6,7.2e-05,501,0.0146,0.015,NONE,False,False,0.0524,LOW_RISK,1,False,0.045
prod_20000268,20000268,1000101,Sports & Entertainment,4.91,11,28,33,2,0.062,0.1333,0.0008,20,0.000249,816,0.1923,0.02,NONE,False,False,0.1464,LOW_RISK,1,False,0.045
prod_20000489,20000489,1000370,Phones & Telecommunications,4.56,9,31,33,2,0.0572,0.1176,0.001,19,0.000241,673,0.1911,0.02,NONE,False,False,0.0924,LOW_RISK,1,False,0.0451
prod_20003971,20003971,1000045,Computer & Office,5.0,1,6,6,1,0.1015,0.3333,0.004,6,6.5e-05,714,0.0141,0.006,NONE,False,False,0.0347,LOW_RISK,1,False,0.0451
prod_20000487,20000487,1000459,Tools & Home Improvement,5.0,8,25,27,2,0.0656,0.1111,0.0008,19,0.000216,673,0.1911,0.02,NONE,False,False,0.0863,LOW_RISK,1,False,0.0451
prod_20001987,20001987,1000251,Phones & Telecommunications,5.0,1,3,3,1,0.0188,0.0435,0.0053,3,4.8e-05,714,0.0141,0.006,NONE,False,False,0.0427,LOW_RISK,1,False,0.0452
prod_20000501,20000501,1000364,Computer & Office,4.89,9,28,31,2,0.0618,0.1538,0.001,19,0.00023,673,0.1911,0.02,NONE,False,False,0.0871,LOW_RISK,1,False,0.0452
prod_20002572,20002572,1000094,Phones & Telecommunications,4.51,0,0,0,0,0.0,0.0,0.0,0,3.6e-05,636,0.0,1.0,NONE,False,False,0.0875,LOW_RISK,1,False,0.0452
prod_20000963,20000963,1000052,Consumer Electronics,4.51,0,0,0,0,0.0,0.0,0.0,0,3.6e-05,35,0.0,1.0,NONE,False,False,0.0518,LOW_RISK,1,False,0.0452
prod_20000284,20000284,1000268,Sports & Entertainment,5.0,11,34,35,2,0.0507,0.1,0.0008,20,0.000258,816,0.1923,0.02,NONE,False,False,0.0876,LOW_RISK,1,False,0.0452
prod_20003954,20003954,1000415,Sports & Entertainment,4.51,0,0,0,0,0.0,0.0,0.0,0,3.6e-05,358,0.0,1.0,CHOKE_CHILD,False,True,0.0196,LOW_RISK,1,False,0.0452
prod_20004725,20004725,1000342,Phones & Telecommunications,4.51,0,0,0,0,0.0,0.0,0.0,0,3.6e-05,556,0.0,1.0,NONE,False,False,0.1106,LOW_RISK,1,False,0.0452
prod_20001656,20001656,1000260,Phones & Telecommunications,4.51,0,0,0,0,0.0,0.0,0.0,0,3.6e-05,238,0.0,1.0,NONE,False,False,0.0399,LOW_RISK,1,False,0.0452
prod_20002576,20002576,1000059,Consumer Electronics,4.51,0,0,0,0,0.0,0.0,0.0,0,3.6e-05,663,0.0,1.0,NONE,False,False,0.0462,LOW_RISK,1,False,0.0452
prod_20003342,20003342,1000234,Computer & Office,4.51,0,0,0,0,0.0,0.0,0.0,0,3.6e-05,294,0.0,1.0,NONE,False,False,0.0416,LOW_RISK,1,False,0.0452
prod_20003635,20003635,1000186,Tools & Home Improvement,4.51,0,0,0,0,0.0,0.0,0.0,0,3.6e-05,140,0.0,1.0,NONE,False,False,0.0455,LOW_RISK,1,False,0.0452
prod_20002873,20002873,1000174,Home & Garden,5.0,1,5,5,1,0.0399,0.1111,0.0058,5,5.8e-05,714,0.0141,0.006,NONE,False,False,0.0489,LOW_RISK,1,False,0.0453
prod_20000241,20000241,1000287,Phones & Telecommunications,4.78,9,23,26,2,0.063,0.1333,0.0011,19,0.000202,816,0.1923,0.02,NONE,False,False,0.0845,LOW_RISK,1,False,0.0453
prod_20000219,20000219,1000485,Automotive,5.0,12,36,40,2,0.0517,0.1111,0.001,20,0.000288,816,0.1923,0.02,ELEC_SHOCK,False,True,0.2075,MODERATE_RISK,1,False,0.0453
prod_20004018,20004018,1000032,Computer & Office,3.71,14,43,50,4,0.0222,0.0625,0.0022,31,0.000261,714,0.0141,0.006,NONE,False,False,0.0906,LOW_RISK,1,False,0.0453
prod_20001377,20001377,1000211,Tools & Home Improvement,3.0,1,3,3,1,0.0718,0.2,0.0037,3,5e-05,501,0.0146,0.015,ELEC_SHOCK,False,True,0.1379,LOW_RISK,1,False,0.0454
prod_20002602,20002602,1000365,Consumer Electronics,3.91,11,41,49,5,0.0317,0.0833,0.0019,28,0.000263,282,0.013,0.007,NONE,False,False,0.0835,LOW_RISK,1,False,0.0454
prod_20001777,20001777,1000434,Home & Garden,3.0,3,14,14,1,0.0556,0.3333,0.0018,12,0.000104,714,0.0141,0.006,NONE,False,False,0.0658,LOW_RISK,1,False,0.0454
prod_20000190,20000190,1000060,Automotive,5.0,7,23,24,2,0.0631,0.1111,0.001,20,0.000187,816,0.1923,0.02,NONE,False,False,0.0869,LOW_RISK,1,False,0.0454
prod_20001898,20001898,1000078,Automotive,4.0,1,5,5,1,0.084,0.3333,0.0043,5,6e-05,714,0.0141,0.006,CHOKE_CHILD,False,True,0.1355,LOW_RISK,1,False,0.0454
prod_20000537,20000537,1000102,Computer & Office,5.0,12,32,34,2,0.0482,0.0909,0.0011,19,0.000245,673,0.1911,0.02,NONE,False,False,0.1048,LOW_RISK,1,False,0.0455
prod_20000337,20000337,1000290,Home & Garden,5.0,12,27,30,2,0.0502,0.0952,0.001,20,0.000215,270,0.1973,0.02,NONE,False,False,0.0982,LOW_RISK,1,False,0.0456
prod_20004336,20004336,1000418,Automotive,4.25,12,48,51,2,0.0267,0.0833,0.0015,34,0.000275,501,0.0146,0.015,NONE,False,False,0.1218,LOW_RISK,1,False,0.0456
prod_20001546,20001546,1000094,Consumer Electronics,4.52,0,0,0,0,0.0,0.0,0.0,0,3.6e-05,309,0.0,1.0,NONE,False,False,0.0875,LOW_RISK,1,False,0.0457
prod_20003973,20003973,1000297,Tools & Home Improvement,4.52,0,0,0,0,0.0,0.0,0.0,0,3.6e-05,669,0.0,1.0,NONE,False,False,0.037,LOW_RISK,1,False,0.0457
prod_20003509,20003509,1000376,Tools & Home Improvement,4.52,0,0,0,0,0.0,0.0,0.0,0,3.6e-05,199,0.0,1.0,NONE,False,False,0.0457,LOW_RISK,1,False,0.0457
prod_20001106,20001106,1000231,Phones & Telecommunications,4.33,3,9,11,3,0.0196,0.0556,0.0042,9,8.3e-05,282,0.013,0.007,NONE,False,False,0.0605,LOW_RISK,1,False,0.0457
prod_20004671,20004671,1000067,Automotive,4.52,0,0,0,0,0.0,0.0,0.0,0,3.6e-05,15,0.0,1.0,NONE,False,False,0.0497,LOW_RISK,1,False,0.0457
prod_20000164,20000164,1000473,Automotive,4.9,10,22,23,2,0.0511,0.08,0.001,19,0.000181,816,0.1923,0.02,NONE,False,False,0.0821,LOW_RISK,1,False,0.0457
prod_20001697,20001697,1000098,Home & Garden,4.52,0,0,0,0,0.0,0.0,0.0,0,3.6e-05,558,0.0,1.0,NONE,False,False,0.0472,LOW_RISK,1,False,0.0457
prod_20002763,20002763,1000247,Consumer Electronics,4.52,0,0,0,0,0.0,0.0,0.0,0,3.6e-05,200,0.0,1.0,NONE,False,False,0.0459,LOW_RISK,1,False,0.0457
prod_20004508,20004508,1000095,Consumer Electronics,5.0,2,3,3,1,0.1443,0.25,0.001,3,5.9e-05,714,0.0141,0.006,NONE,False,False,0.0449,LOW_RISK,1,False,0.0457
prod_20004608,20004608,1000389,Sports & Entertainment,4.2,5,23,24,2,0.062,0.1667,0.0012,18,0.000161,923,0.0278,0.022,NONE,False,False,0.0621,LOW_RISK,1,False,0.0457
prod_20002775,20002775,1000306,Automotive,4.52,0,0,0,0,0.0,0.0,0.0,0,3.6e-05,113,0.0,1.0,NONE,False,False,0.0532,LOW_RISK,1,False,0.0457
prod_20003088,20003088,1000446,Sports & Entertainment,4.52,0,0,0,0,0.0,0.0,0.0,0,3.6e-05,654,0.0,1.0,ELEC_SHOCK,False,True,0.0338,LOW_RISK,1,False,0.0457
prod_20004309,20004309,1000200,Jewelry & Accessories,4.52,0,0,0,0,0.0,0.0,0.0,0,3.6e-05,817,0.0,1.0,NONE,False,False,0.0265,LOW_RISK,1,False,0.0457
prod_20002024,20002024,1000445,Computer & Office,5.0,1,4,4,1,0.0469,0.1667,0.0057,4,5.5e-05,714,0.0141,0.006,NONE,False,False,0.1041,LOW_RISK,1,False,0.0458
prod_20003305,20003305,1000308,Home & Garden,4.5,0,0,0,0,0.0,0.0,0.0,0,3.6e-05,350,0.0,1.0,NONE,False,False,0.0387,LOW_RISK,1,False,0.0458
prod_20001122,20001122,1000247,Computer & Office,4.5,0,0,0,0,0.0,0.0,0.0,0,3.6e-05,760,0.0,1.0,NONE,False,False,0.0459,LOW_RISK,1,False,0.0458
prod_20000192,20000192,1000313,Automotive,4.92,13,35,40,2,0.0522,0.125,0.0009,20,0.000291,816,0.1923,0.02,NONE,False,False,0.0847,LOW_RISK,1,False,0.0458
prod_20004363,20004363,1000392,Jewelry & Accessories,4.5,0,0,0,0,0.0,0.0,0.0,0,3.6e-05,510,0.0,1.0,NONE,False,False,0.0523,LOW_RISK,1,False,0.0458
prod_20004250,20004250,1000249,Jewelry & Accessories,4.5,4,13,15,3,0.0248,0.1111,0.0044,13,0.0001,714,0.0141,0.006,NONE,False,False,0.0997,LOW_RISK,1,False,0.0458
prod_20002988,20002988,1000380,Phones & Telecommunications,4.5,0,0,0,0,0.0,0.0,0.0,0,3.6e-05,727,0.0,1.0,NONE,False,False,0.0552,LOW_RISK,1,False,0.0458
prod_20004776,20004776,1000080,Home & Garden,4.5,0,0,0,0,0.0,0.0,0.0,0,3.6e-05,187,0.0,1.0,NONE,False,False,0.0439,LOW_RISK,1,False,0.0458
prod_20004958,20004958,1000366,Computer & Office,4.5,0,0,0,0,0.0,0.0,0.0,0,3.6e-05,209,0.0,1.0,NONE,False,False,0.0341,LOW_RISK,1,False,0.0458
prod_20004389,20004389,1000474,Computer & Office,4.5,0,0,0,0,0.0,0.0,0.0,0,3.6e-05,115,0.0,1.0,NONE,False,False,0.0468,LOW_RISK,1,False,0.0458
prod_20000207,20000207,1000452,Phones & Telecommunications,5.0,11,27,28,2,0.0515,0.0952,0.0008,20,0.000214,816,0.1923,0.02,NONE,False,False,0.0781,LOW_RISK,1,False,0.0458
prod_20004785,20004785,1000161,Jewelry & Accessories,4.5,0,0,0,0,0.0,0.0,0.0,0,3.6e-05,421,0.0,1.0,NONE,False,False,0.0393,LOW_RISK,1,False,0.0458
prod_20003437,20003437,1000006,Computer & Office,4.5,0,0,0,0,0.0,0.0,0.0,0,3.6e-05,418,0.0,1.0,NONE,False,False,0.0751,LOW_RISK,1,False,0.0458
prod_20002757,20002757,1000132,Sports & Entertainment,4.5,0,0,0,0,0.0,0.0,0.0,0,3.6e-05,260,0.0,1.0,NONE,False,False,0.0366,LOW_RISK,1,False,0.0458
prod_20002649,20002649,1000125,Jewelry & Accessories,4.5,0,0,0,0,0.0,0.0,0.0,0,3.6e-05,909,0.0,1.0,NONE,False,False,0.0503,LOW_RISK,1,False,0.0458
prod_20001081,20001081,1000267,Phones & Telecommunications,4.5,0,0,0,0,0.0,0.0,0.0,0,3.6e-05,338,0.0,1.0,NONE,False,False,0.047,LOW_RISK,1,False,0.0458
prod_20002339,20002339,1000287,Computer & Office,4.5,0,0,0,0,0.0,0.0,0.0,0,3.6e-05,103,0.0,1.0,NONE,False,False,0.0426,LOW_RISK,1,False,0.0458
prod_20000441,20000441,1000078,Home & Garden,4.88,8,20,21,2,0.0576,0.1053,0.0011,19,0.000161,270,0.1973,0.02,CHEM_TOXIC,True,True,0.2613,MODERATE_RISK,1,False,0.0458
prod_20002326,20002326,1000254,Jewelry & Accessories,4.5,0,0,0,0,0.0,0.0,0.0,0,3.6e-05,99,0.0,1.0,NONE,False,False,0.0477,LOW_RISK,1,False,0.0458
prod_20000670,20000670,1000117,Sports & Entertainment,5.0,9,21,22,2,0.056,0.1333,0.0009,18,0.000175,497,0.1926,0.013,NONE,False,False,0.0683,LOW_RISK,1,False,0.0459
prod_20000463,20000463,1000317,Automotive,4.92,12,35,38,2,0.0492,0.0952,0.0009,19,0.000273,673,0.1911,0.02,NONE,False,False,0.0881,LOW_RISK,1,False,0.0459
prod_20002562,20002562,1000368,Automotive,3.64,14,47,54,4,0.0295,0.0714,0.0014,32,0.000295,282,0.013,0.007,NONE,False,False,0.0986,LOW_RISK,1,False,0.0459
prod_20003038,20003038,1000353,Automotive,4.0,2,9,9,1,0.0157,0.0625,0.0053,9,7.4e-05,282,0.013,0.007,NONE,False,False,0.0462,LOW_RISK,1,False,0.0459
prod_20000614,20000614,1000058,Automotive,5.0,10,38,40,2,0.0541,0.0952,0.0009,19,0.000286,497,0.1926,0.013,NONE,False,False,0.1054,LOW_RISK,1,False,0.046
prod_20002696,20002696,1000189,Sports & Entertainment,4.5,4,17,17,1,0.0633,0.25,0.0021,14,0.000121,923,0.0278,0.022,NONE,False,False,0.0608,LOW_RISK,1,False,0.046
prod_20003204,20003204,1000392,Automotive,5.0,1,2,2,1,0.0175,0.0303,0.0044,2,4.4e-05,714,0.0141,0.006,NONE,False,False,0.0545,LOW_RISK,1,False,0.046
prod_20000137,20000137,1000292,Sports & Entertainment,4.9,10,40,42,2,0.0549,0.1176,0.0009,19,0.000297,730,0.1959,0.013,NONE,False,False,0.1094,LOW_RISK,1,False,0.0461
prod_20000390,20000390,1000141,Home & Garden,4.89,9,24,26,2,0.0571,0.1,0.0011,20,0.000192,270,0.1973,0.02,NONE,False,False,0.0892,LOW_RISK,1,False,0.0461
prod_20000682,20000682,1000373,Sports & Entertainment,4.8,10,22,25,2,0.0594,0.125,0.001,18,0.000195,497,0.1926,0.013,NONE,False,False,0.0827,LOW_RISK,1,False,0.0461
prod_20000231,20000231,1000455,Automotive,4.89,9,25,28,2,0.0648,0.1333,0.0009,19,0.000218,816,0.1923,0.02,NONE,False,False,0.0745,LOW_RISK,1,False,0.0461
prod_20003293,20003293,1000063,Automotive,4.35,17,43,50,3,0.0231,0.08,0.0018,30,0.000267,501,0.0146,0.015,UNCERTIFIED_MED,False,True,0.0944,LOW_RISK,1,False,0.0461
prod_20001255,20001255,1000296,Sports & Entertainment,4.0,19,56,62,4,0.0251,0.0526,0.0011,32,0.000346,714,0.0141,0.006,NONE,False,False,0.101,LOW_RISK,1,False,0.0461
prod_20004344,20004344,1000051,Automotive,3.5,2,8,8,1,0.0747,0.2,0.0026,8,7.5e-05,923,0.0278,0.022,NONE,False,False,0.0557,LOW_RISK,1,False,0.0461
prod_20000914,20000914,1000290,Phones & Telecommunications,4.53,0,0,0,0,0.0,0.0,0.0,0,3.6e-05,773,0.0,1.0,NONE,False,False,0.056,LOW_RISK,1,False,0.0462
prod_20004955,20004955,1000484,Computer & Office,4.53,0,0,0,0,0.0,0.0,0.0,0,3.6e-05,582,0.0,1.0,NONE,False,False,0.0461,LOW_RISK,1,False,0.0462
prod_20004220,20004220,1000426,Sports & Entertainment,4.53,0,0,0,0,0.0,0.0,0.0,0,3.6e-05,453,0.0,1.0,NONE,False,False,0.0477,LOW_RISK,1,False,0.0462
prod_20001897,20001897,1000196,Tools & Home Improvement,4.53,0,0,0,0,0.0,0.0,0.0,0,3.6e-05,315,0.0,1.0,NONE,False,False,0.0445,LOW_RISK,1,False,0.0462
prod_20000543,20000543,1000155,Home & Garden,5.0,10,32,37,2,0.0595,0.1176,0.0009,19,0.000269,673,0.1911,0.02,NONE,False,False,0.1608,MODERATE_RISK,1,False,0.0462
prod_20002399,20002399,1000014,Automotive,4.53,0,0,0,0,0.0,0.0,0.0,0,3.6e-05,102,0.0,1.0,CHOKE_CHILD,False,True,0.0447,LOW_RISK,1,False,0.0462
prod_20000571,20000571,1000124,Computer & Office,4.91,11,35,41,2,0.054,0.1053,0.0011,19,0.000286,673,0.1911,0.02,CHEM_TOXIC,True,True,0.2546,MODERATE_RISK,1,False,0.0462
prod_20002300,20002300,1000438,Phones & Telecommunications,4.53,0,0,0,0,0.0,0.0,0.0,0,3.6e-05,655,0.0,1.0,NONE,False,False,0.0448,LOW_RISK,1,False,0.0462
prod_20004815,20004815,1000445,Tools & Home Improvement,4.53,0,0,0,0,0.0,0.0,0.0,0,3.6e-05,108,0.0,1.0,NONE,False,False,0.1013,LOW_RISK,1,False,0.0462
prod_20001005,20001005,1000219,Sports & Entertainment,4.53,0,0,0,0,0.0,0.0,0.0,0,3.6e-05,701,0.0,1.0,NONE,False,False,0.0397,LOW_RISK,1,False,0.0462
prod_20004540,20004540,1000204,Tools & Home Improvement,4.53,0,0,0,0,0.0,0.0,0.0,0,3.6e-05,248,0.0,1.0,UNCERTIFIED_MED,False,True,0.1235,LOW_RISK,1,False,0.0462
prod_20000299,20000299,1000482,Automotive,4.92,12,37,41,2,0.0506,0.1,0.001,20,0.000293,816,0.1923,0.02,NONE,False,False,0.1091,LOW_RISK,1,False,0.0462
prod_20001139,20001139,1000382,Automotive,4.53,0,0,0,0,0.0,0.0,0.0,0,3.6e-05,578,0.0,1.0,NONE,False,False,0.0472,LOW_RISK,1,False,0.0462
prod_20004820,20004820,1000101,Automotive,4.53,0,0,0,0,0.0,0.0,0.0,0,3.6e-05,660,0.0,1.0,NONE,False,False,0.1209,LOW_RISK,1,False,0.0462
prod_20003262,20003262,1000091,Consumer Electronics,4.53,0,0,0,0,0.0,0.0,0.0,0,3.6e-05,374,0.0,1.0,NONE,False,False,0.0379,LOW_RISK,1,False,0.0462
prod_20000008,20000008,1000445,Computer & Office,4.75,8,22,23,2,0.0602,0.125,0.0011,19,0.000179,730,0.1959,0.013,NONE,False,False,0.1249,LOW_RISK,1,False,0.0462
prod_20003120,20003120,1000496,Tools & Home Improvement,3.89,19,43,51,5,0.0204,0.0526,0.002,30,0.000292,714,0.0141,0.006,NONE,False,False,0.1173,LOW_RISK,1,False,0.0463
prod_20000637,20000637,1000212,Sports & Entertainment,4.92,12,36,39,2,0.0516,0.1053,0.0008,19,0.000285,497,0.1926,0.013,NONE,False,False,0.0949,LOW_RISK,1,False,0.0464
prod_20003728,20003728,1000078,Tools & Home Improvement,3.89,19,54,56,2,0.0208,0.0526,0.0014,34,0.000307,282,0.013,0.007,ELEC_SHOCK,False,True,0.1636,MODERATE_RISK,1,False,0.0464
prod_20000019,20000019,1000310,Jewelry & Accessories,5.0,8,27,30,2,0.0663,0.1333,0.001,19,0.000222,730,0.1959,0.013,NONE,False,False,0.0915,LOW_RISK,1,False,0.0465
prod_20003531,20003531,1000457,Automotive,4.14,7,28,28,1,0.0361,0.1429,0.0013,23,0.000179,923,0.0278,0.022,NONE,False,False,0.0853,LOW_RISK,1,False,0.0465
prod_20004365,20004365,1000172,Computer & Office,5.0,1,3,3,1,0.0294,0.0833,0.0056,3,4.9e-05,714,0.0141,0.006,NONE,False,False,0.0505,LOW_RISK,1,False,0.0465
prod_20003413,20003413,1000242,Phones & Telecommunications,4.5,2,6,6,1,0.144,0.3333,0.0028,6,7.1e-05,501,0.0146,0.015,NONE,False,False,0.0505,LOW_RISK,1,False,0.0465
prod_20000399,20000399,1000111,Consumer Electronics,4.9,10,34,37,2,0.0561,0.1053,0.0011,20,0.000258,270,0.1973,0.02,NONE,False,False,0.1147,LOW_RISK,1,False,0.0465
prod_20000659,20000659,1000462,Computer & Office,4.9,10,38,42,2,0.0577,0.1429,0.001,19,0.000299,497,0.1926,0.013,NONE,False,False,0.0797,LOW_RISK,1,False,0.0465
prod_20004574,20004574,1000172,Automotive,5.0,1,4,4,1,0.02,0.0526,0.0055,4,5.3e-05,714,0.0141,0.006,NONE,False,False,0.0516,LOW_RISK,1,False,0.0466
prod_20000581,20000581,1000052,Computer & Office,5.0,10,29,31,2,0.055,0.08,0.0009,19,0.000231,673,0.1911,0.02,NONE,False,False,0.0912,LOW_RISK,1,False,0.0466
prod_20000374,20000374,1000216,Tools & Home Improvement,5.0,13,31,35,2,0.0526,0.1176,0.0009,20,0.000252,270,0.1973,0.02,NONE,False,False,0.1041,LOW_RISK,1,False,0.0466
prod_20001676,20001676,1000067,Home & Garden,4.8,5,18,19,2,0.0644,0.2,0.0016,14,0.000144,923,0.0278,0.022,NONE,False,False,0.0701,LOW_RISK,1,False,0.0466
prod_20000098,20000098,1000186,Home & Garden,4.9,10,36,41,2,0.0592,0.1429,0.001,19,0.000292,730,0.1959,0.013,NONE,False,False,0.0998,LOW_RISK,1,False,0.0466
prod_20000457,20000457,1000272,Sports & Entertainment,4.9,10,23,24,2,0.0535,0.1,0.0008,19,0.000187,673,0.1911,0.02,NONE,False,False,0.0719,LOW_RISK,1,False,0.0466
prod_20000090,20000090,1000174,Jewelry & Accessories,5.0,8,24,27,2,0.0667,0.125,0.0011,19,0.000206,730,0.1959,0.013,NONE,False,False,0.0773,LOW_RISK,1,False,0.0467
prod_20000062,20000062,1000236,Jewelry & Accessories,5.0,11,26,27,2,0.0503,0.0909,0.0008,19,0.000203,730,0.1959,0.013,NONE,False,False,0.0821,LOW_RISK,1,False,0.0467
prod_20000184,20000184,1000293,Computer & Office,4.88,8,28,29,2,0.0609,0.1333,0.0009,20,0.000221,816,0.1923,0.02,NONE,False,False,0.0801,LOW_RISK,1,False,0.0468
prod_20000045,20000045,1000040,Sports & Entertainment,4.92,13,32,33,2,0.0465,0.0741,0.0009,19,0.000242,730,0.1959,0.013,NONE,False,False,0.0952,LOW_RISK,1,False,0.0468
prod_20000484,20000484,1000073,Sports & Entertainment,4.92,12,36,41,2,0.0524,0.1,0.0011,19,0.00029,673,0.1911,0.02,CHEM_TOXIC,False,True,0.1523,MODERATE_RISK,1,False,0.0468
prod_20003096,20003096,1000259,Phones & Telecommunications,4.0,16,47,51,2,0.0269,0.0625,0.0015,29,0.000299,501,0.0146,0.015,NONE,False,False,0.0976,LOW_RISK,1,False,0.0469
prod_20000233,20000233,1000125,Sports & Entertainment,5.0,11,29,32,2,0.0543,0.1333,0.0009,20,0.000238,816,0.1923,0.02,NONE,False,False,0.09,LOW_RISK,1,False,0.0469
prod_20000146,20000146,1000376,Tools & Home Improvement,5.0,9,21,22,2,0.0543,0.1176,0.0009,19,0.000171,730,0.1959,0.013,NONE,False,False,0.0748,LOW_RISK,1,False,0.0469
prod_20000678,20000678,1000383,Computer & Office,4.93,14,37,45,2,0.0517,0.1053,0.001,19,0.000317,497,0.1926,0.013,NONE,False,False,0.0933,LOW_RISK,1,False,0.047
prod_20004164,20004164,1000116,Computer & Office,4.06,17,57,63,4,0.0242,0.0588,0.0012,36,0.000355,714,0.0141,0.006,NONE,False,False,0.097,LOW_RISK,1,False,0.0471
prod_20002354,20002354,1000010,Tools & Home Improvement,3.0,3,9,10,2,0.0704,0.2,0.0036,8,9.5e-05,714,0.0141,0.006,NONE,False,False,0.0592,LOW_RISK,1,False,0.0471
prod_20000350,20000350,1000257,Automotive,4.9,10,34,36,2,0.0557,0.125,0.001,20,0.000255,270,0.1973,0.02,NONE,False,False,0.1125,LOW_RISK,1,False,0.0471
prod_20004581,20004581,1000151,Consumer Electronics,4.41,17,59,63,2,0.0252,0.0556,0.0011,35,0.000339,282,0.013,0.007,NONE,False,False,0.1021,LOW_RISK,1,False,0.0471
prod_20000274,20000274,1000201,Automotive,4.86,7,21,22,2,0.0631,0.1111,0.0011,19,0.000175,816,0.1923,0.02,NONE,False,False,0.0602,LOW_RISK,1,False,0.0471
prod_20001324,20001324,1000380,Consumer Electronics,2.75,4,13,13,1,0.0633,0.1429,0.0009,12,0.0001,501,0.0146,0.015,NONE,False,False,0.0803,LOW_RISK,1,False,0.0471
prod_20000316,20000316,1000241,Phones & Telecommunications,5.0,9,29,30,2,0.0584,0.1,0.0009,20,0.000219,270,0.1973,0.02,NONE,False,False,0.1091,LOW_RISK,1,False,0.0471
prod_20000788,20000788,1000300,Automotive,4.16,19,57,65,3,0.0262,0.069,0.0011,33,0.000356,282,0.013,0.007,NONE,False,False,0.1128,LOW_RISK,1,False,0.0471
prod_20000131,20000131,1000406,Jewelry & Accessories,4.86,7,30,32,2,0.0673,0.1429,0.001,19,0.000235,730,0.1959,0.013,NONE,False,False,0.1554,MODERATE_RISK,1,False,0.0471
prod_20000000,20000000,1000432,Tools & Home Improvement,5.0,8,30,31,2,0.0606,0.1333,0.0008,19,0.000231,730,0.1959,0.013,NONE,False,False,0.086,LOW_RISK,1,False,0.0472
prod_20000148,20000148,1000173,Computer & Office,4.85,13,30,32,2,0.0478,0.087,0.0008,19,0.000237,730,0.1959,0.013,CHOKE_CHILD,False,True,0.0867,LOW_RISK,1,False,0.0472
prod_20000400,20000400,1000257,Automotive,5.0,14,24,29,2,0.0531,0.1053,0.0008,19,0.000214,270,0.1973,0.02,NONE,False,False,0.1042,LOW_RISK,1,False,0.0472
prod_20004345,20004345,1000295,Jewelry & Accessories,3.7,10,30,31,2,0.0385,0.0909,0.0016,21,0.000209,923,0.0278,0.022,NONE,False,False,0.0805,LOW_RISK,1,False,0.0472
prod_20001143,20001143,1000028,Home & Garden,3.0,1,6,6,1,0.0657,0.3333,0.0034,6,6.4e-05,714,0.0141,0.006,NONE,False,False,0.0497,LOW_RISK,1,False,0.0473
prod_20000297,20000297,1000247,Home & Garden,4.8,10,27,31,2,0.0609,0.1176,0.001,20,0.000233,816,0.1923,0.02,NONE,False,False,0.092,LOW_RISK,1,False,0.0473
prod_20004410,20004410,1000446,Jewelry & Accessories,5.0,2,8,8,1,0.0454,0.25,0.0053,8,7.3e-05,714,0.0141,0.006,NONE,False,False,0.0463,LOW_RISK,1,False,0.0473
prod_20002295,20002295,1000197,Automotive,5.0,1,4,4,1,0.1264,0.25,0.0038,4,5.7e-05,501,0.0146,0.015,NONE,False,False,0.0434,LOW_RISK,1,False,0.0473
prod_20000318,20000318,1000493,Computer & Office,4.89,9,26,27,2,0.0556,0.1,0.001,20,0.000197,270,0.1973,0.02,NONE,False,False,0.0863,LOW_RISK,1,False,0.0474
prod_20002883,20002883,1000246,Tools & Home Improvement,4.47,15,52,56,3,0.0277,0.0667,0.0013,32,0.000321,501,0.0146,0.015,CHEM_TOXIC,False,True,0.1137,LOW_RISK,1,False,0.0474
prod_20000136,20000136,1000000,Tools & Home Improvement,5.0,14,33,38,2,0.0497,0.0952,0.0009,19,0.000272,730,0.1959,0.013,CHEM_TOXIC,True,True,0.2648,MODERATE_RISK,1,False,0.0475
prod_20000726,20000726,1000255,Computer & Office,4.75,8,24,26,2,0.0617,0.1,0.001,19,0.000201,497,0.1926,0.013,NONE,False,False,0.0884,LOW_RISK,1,False,0.0475
prod_20000426,20000426,1000489,Consumer Electronics,5.0,11,27,31,2,0.0579,0.1111,0.0008,19,0.000228,270,0.1973,0.02,NONE,False,False,0.1192,LOW_RISK,1,False,0.0475
prod_20000012,20000012,1000214,Jewelry & Accessories,4.83,12,36,40,2,0.0508,0.1,0.001,19,0.00028,730,0.1959,0.013,NONE,False,False,0.0977,LOW_RISK,1,False,0.0475
prod_20003255,20003255,1000111,Home & Garden,4.05,20,51,59,4,0.0206,0.0741,0.0017,34,0.000307,714,0.0141,0.006,NONE,False,False,0.1052,LOW_RISK,1,False,0.0475
prod_20000277,20000277,1000417,Consumer Electronics,4.92,13,35,40,2,0.0512,0.1111,0.0009,20,0.000289,816,0.1923,0.02,NONE,False,False,0.0985,LOW_RISK,1,False,0.0476
prod_20000621,20000621,1000224,Phones & Telecommunications,4.67,9,27,29,2,0.056,0.0952,0.0011,19,0.000214,497,0.1926,0.013,NONE,False,False,0.0957,LOW_RISK,1,False,0.0476
prod_20001269,20001269,1000189,Home & Garden,4.0,9,35,40,6,0.0271,0.1,0.0019,29,0.000216,714,0.0141,0.006,UNCERTIFIED_MED,False,True,0.0909,LOW_RISK,1,False,0.0476
prod_20003313,20003313,1000322,Automotive,4.56,16,55,62,3,0.0273,0.0625,0.0013,32,0.000352,282,0.013,0.007,NONE,False,False,0.1176,LOW_RISK,1,False,0.0476
prod_20000032,20000032,1000360,Home & Garden,4.78,9,23,25,2,0.0603,0.1333,0.0009,19,0.000192,730,0.1959,0.013,NONE,False,False,0.0903,LOW_RISK,1,False,0.0477
prod_20000252,20000252,1000011,Phones & Telecommunications,4.91,11,33,37,2,0.0555,0.1333,0.0009,20,0.000272,816,0.1923,0.02,NONE,False,False,0.109,LOW_RISK,1,False,0.0477
prod_20003269,20003269,1000381,Sports & Entertainment,4.78,9,29,35,3,0.0194,0.0909,0.0031,26,0.000189,714,0.0141,0.006,NONE,False,False,0.0822,LOW_RISK,1,False,0.0477
prod_20004780,20004780,1000304,Sports & Entertainment,3.0,1,3,3,1,0.0147,0.0244,0.0038,3,4.8e-05,714,0.0141,0.006,NONE,False,False,0.0421,LOW_RISK,1,False,0.0477
prod_20000521,20000521,1000400,Phones & Telecommunications,4.85,13,29,31,2,0.0493,0.1053,0.0007,19,0.000232,673,0.1911,0.02,NONE,False,False,0.0836,LOW_RISK,1,False,0.0477
prod_20004476,20004476,1000041,Home & Garden,5.0,1,2,2,1,0.1003,0.2,0.0038,2,4.6e-05,282,0.013,0.007,NONE,False,False,0.0437,LOW_RISK,1,False,0.0477
prod_20000049,20000049,1000261,Home & Garden,5.0,12,36,41,2,0.0528,0.1,0.001,19,0.00029,730,0.1959,0.013,NONE,False,False,0.1173,LOW_RISK,1,False,0.0478
prod_20000466,20000466,1000289,Home & Garden,5.0,12,30,32,2,0.0503,0.1,0.0007,19,0.000242,673,0.1911,0.02,NONE,False,False,0.1267,LOW_RISK,1,False,0.0478
prod_20000732,20000732,1000196,Computer & Office,4.88,8,22,23,2,0.061,0.1,0.001,18,0.000181,497,0.1926,0.013,NONE,False,False,0.0689,LOW_RISK,1,False,0.0478
prod_20000211,20000211,1000037,Computer & Office,5.0,11,34,37,2,0.0534,0.1111,0.0009,20,0.00027,816,0.1923,0.02,NONE,False,False,0.0861,LOW_RISK,1,False,0.0478
prod_20000539,20000539,1000236,Home & Garden,4.82,11,22,27,2,0.0612,0.1053,0.001,19,0.000206,673,0.1911,0.02,NONE,False,False,0.0842,LOW_RISK,1,False,0.0478
prod_20001537,20001537,1000150,Jewelry & Accessories,3.0,3,11,11,1,0.0604,0.3333,0.002,10,9.2e-05,714,0.0141,0.006,NONE,False,False,0.0668,LOW_RISK,1,False,0.0479
prod_20000107,20000107,1000070,Automotive,5.0,7,24,25,2,0.0653,0.1111,0.001,19,0.000191,730,0.1959,0.013,ELEC_SHOCK,False,True,0.1195,LOW_RISK,1,False,0.0479
prod_20001827,20001827,1000076,Computer & Office,3.0,3,9,9,1,0.0692,0.3333,0.0025,8,8.2e-05,714,0.0141,0.006,CHEM_TOXIC,False,True,0.0532,LOW_RISK,1,False,0.0479
prod_20000234,20000234,1000232,Phones & Telecommunications,5.0,11,34,35,2,0.0507,0.0952,0.0009,20,0.000258,816,0.1923,0.02,NONE,False,False,0.0922,LOW_RISK,1,False,0.048
prod_20004299,20004299,1000126,Sports & Entertainment,3.0,1,2,2,1,0.0244,0.0256,0.003,2,4.5e-05,714,0.0141,0.006,NONE,False,False,0.0346,LOW_RISK,1,False,0.048
prod_20000163,20000163,1000354,Jewelry & Accessories,5.0,10,36,37,2,0.0543,0.1,0.0009,20,0.000273,816,0.1923,0.02,NONE,False,False,0.0806,LOW_RISK,1,False,0.048
prod_20002021,20002021,1000172,Consumer Electronics,4.19,16,45,47,2,0.0275,0.0556,0.001,30,0.000258,501,0.0146,0.015,NONE,False,False,0.0892,LOW_RISK,1,False,0.0481
prod_20003394,20003394,1000082,Home & Garden,2.0,4,10,11,2,0.0533,0.1667,0.002,9,9.1e-05,714,0.0141,0.006,NONE,False,False,0.0817,LOW_RISK,1,False,0.0481
prod_20000525,20000525,1000054,Computer & Office,5.0,10,27,30,2,0.0589,0.1429,0.0008,19,0.000228,673,0.1911,0.02,NONE,False,False,0.0938,LOW_RISK,1,False,0.0481
prod_20002313,20002313,1000482,Sports & Entertainment,4.0,1,3,3,1,0.0354,0.1,0.0053,3,4.9e-05,282,0.013,0.007,NONE,False,False,0.0635,LOW_RISK,1,False,0.0482
prod_20000082,20000082,1000158,Sports & Entertainment,4.92,13,36,42,2,0.0535,0.0952,0.0009,19,0.000299,730,0.1959,0.013,NONE,False,False,0.087,LOW_RISK,1,False,0.0482
prod_20001311,20001311,1000243,Consumer Electronics,4.0,8,23,30,4,0.0359,0.1,0.0033,18,0.000173,501,0.0146,0.015,NONE,False,False,0.127,LOW_RISK,1,False,0.0482
prod_20000502,20000502,1000199,Tools & Home Improvement,5.0,11,30,35,2,0.0603,0.1176,0.0009,19,0.000259,673,0.1911,0.02,NONE,False,False,0.1201,LOW_RISK,1,False,0.0483
prod_20001866,20001866,1000416,Sports & Entertainment,3.78,9,26,28,2,0.0363,0.0909,0.0019,20,0.000169,923,0.0278,0.022,NONE,False,False,0.0857,LOW_RISK,1,False,0.0483
prod_20002458,20002458,1000498,Jewelry & Accessories,4.33,3,7,7,1,0.0993,0.3333,0.0038,5,8.7e-05,282,0.013,0.007,NONE,False,False,0.0485,LOW_RISK,1,False,0.0484
prod_20004732,20004732,1000103,Tools & Home Improvement,4.0,1,3,3,1,0.144,0.3333,0.003,3,5.7e-05,282,0.013,0.007,NONE,False,False,0.0448,LOW_RISK,1,False,0.0484
prod_20000541,20000541,1000035,Sports & Entertainment,5.0,13,33,35,2,0.0478,0.1111,0.0009,19,0.000255,673,0.1911,0.02,NONE,False,False,0.082,LOW_RISK,1,False,0.0484
prod_20001452,20001452,1000394,Sports & Entertainment,5.0,2,5,5,1,0.0244,0.0526,0.0025,5,5.8e-05,923,0.0278,0.022,CHEM_TOXIC,False,True,0.1324,LOW_RISK,1,False,0.0484
prod_20000133,20000133,1000274,Consumer Electronics,5.0,10,23,25,2,0.0559,0.1,0.0009,19,0.000192,730,0.1959,0.013,NONE,False,False,0.087,LOW_RISK,1,False,0.0485
prod_20003519,20003519,1000000,Home & Garden,3.86,14,42,48,3,0.0285,0.0909,0.0015,29,0.000263,501,0.0146,0.015,UNCERTIFIED_MED,True,True,0.2638,MODERATE_RISK,1,False,0.0486
prod_20000542,20000542,1000255,Computer & Office,5.0,8,32,34,2,0.0617,0.1176,0.0009,19,0.000248,673,0.1911,0.02,NONE,False,False,0.0956,LOW_RISK,1,False,0.0486
prod_20004927,20004927,1000017,Home & Garden,4.06,17,41,46,4,0.0189,0.0556,0.0021,32,0.000254,714,0.0141,0.006,NONE,False,False,0.0878,LOW_RISK,1,False,0.0486
prod_20002173,20002173,1000162,Tools & Home Improvement,4.21,19,51,58,5,0.0241,0.0526,0.0013,32,0.000328,282,0.013,0.007,NONE,False,False,0.1063,LOW_RISK,1,False,0.0486
prod_20000649,20000649,1000280,Computer & Office,4.91,11,33,40,2,0.0604,0.1176,0.0011,19,0.000283,497,0.1926,0.013,NONE,False,False,0.1725,MODERATE_RISK,1,False,0.0487
prod_20000749,20000749,1000003,Sports & Entertainment,4.92,12,38,42,2,0.051,0.1,0.0009,19,0.000298,497,0.1926,0.013,NONE,False,False,0.0832,LOW_RISK,1,False,0.0487
prod_20000723,20000723,1000268,Phones & Telecommunications,4.78,9,27,30,2,0.0592,0.125,0.0012,19,0.000222,497,0.1926,0.013,NONE,False,False,0.0867,LOW_RISK,1,False,0.0487
prod_20003356,20003356,1000007,Home & Garden,3.71,17,41,47,3,0.0216,0.0526,0.0017,32,0.000245,282,0.013,0.007,NONE,False,False,0.1267,LOW_RISK,1,False,0.0487
prod_20004207,20004207,1000117,Jewelry & Accessories,4.0,1,3,3,1,0.1273,0.3333,0.003,3,5.3e-05,501,0.0146,0.015,NONE,False,False,0.0407,LOW_RISK,1,False,0.0487
prod_20003786,20003786,1000406,Home & Garden,3.8,5,14,16,3,0.0345,0.2,0.0037,12,0.000113,714,0.0141,0.006,CHEM_TOXIC,True,True,0.2557,MODERATE_RISK,1,False,0.0487
prod_20002208,20002208,1000427,Phones & Telecommunications,3.6,5,14,14,1,0.0687,0.2,0.0014,10,0.000129,923,0.0278,0.022,NONE,False,False,0.0594,LOW_RISK,1,False,0.0488
prod_20000578,20000578,1000303,Sports & Entertainment,4.82,11,22,24,2,0.0526,0.1053,0.0009,19,0.000187,673,0.1911,0.02,NONE,False,False,0.084,LOW_RISK,1,False,0.0489
prod_20004505,20004505,1000172,Phones & Telecommunications,4.0,6,26,26,1,0.0323,0.125,0.0019,22,0.000155,923,0.0278,0.022,NONE,False,False,0.0743,LOW_RISK,1,False,0.0489
prod_20000645,20000645,1000407,Sports & Entertainment,4.75,12,33,39,2,0.0554,0.1053,0.001,19,0.00028,497,0.1926,0.013,NONE,False,False,0.0836,LOW_RISK,1,False,0.0489
prod_20000282,20000282,1000400,Home & Garden,4.82,11,34,38,2,0.054,0.1111,0.001,20,0.000274,816,0.1923,0.02,NONE,False,False,0.0865,LOW_RISK,1,False,0.0489
prod_20000536,20000536,1000186,Phones & Telecommunications,4.92,12,35,41,2,0.0556,0.1176,0.0009,19,0.000295,673,0.1911,0.02,NONE,False,False,0.1112,LOW_RISK,1,False,0.0489
prod_20003012,20003012,1000210,Phones & Telecommunications,5.0,1,5,5,1,0.0339,0.125,0.0053,5,5.8e-05,282,0.013,0.007,NONE,False,False,0.0663,LOW_RISK,1,False,0.0489
prod_20000456,20000456,1000249,Consumer Electronics,4.8,10,24,25,2,0.0525,0.087,0.0009,19,0.000192,673,0.1911,0.02,NONE,False,False,0.1176,LOW_RISK,1,False,0.0489
prod_20000153,20000153,1000405,Home & Garden,4.89,9,21,23,2,0.0605,0.1,0.0009,19,0.000182,816,0.1923,0.02,NONE,False,False,0.0914,LOW_RISK,1,False,0.0489
prod_20001099,20001099,1000405,Automotive,3.67,18,43,50,4,0.0268,0.0556,0.0013,28,0.000312,282,0.013,0.007,NONE,False,False,0.1005,LOW_RISK,1,False,0.049
prod_20003583,20003583,1000485,Jewelry & Accessories,3.8,15,42,48,4,0.0216,0.0625,0.0018,33,0.000258,714,0.0141,0.006,NONE,False,False,0.206,MODERATE_RISK,1,False,0.0491
prod_20003530,20003530,1000092,Sports & Entertainment,4.47,15,57,62,3,0.0266,0.0625,0.0012,33,0.000325,282,0.013,0.007,NONE,False,False,0.0999,LOW_RISK,1,False,0.0491
prod_20004221,20004221,1000353,Computer & Office,4.5,4,12,13,2,0.0176,0.1,0.0044,12,9.1e-05,714,0.0141,0.006,NONE,False,False,0.0515,LOW_RISK,1,False,0.0492
prod_20004911,20004911,1000342,Phones & Telecommunications,4.11,18,55,61,5,0.0249,0.0556,0.0011,34,0.000336,714,0.0141,0.006,NONE,False,False,0.1546,MODERATE_RISK,1,False,0.0492
prod_20000680,20000680,1000044,Phones & Telecommunications,5.0,7,24,25,2,0.0619,0.1176,0.0011,19,0.00019,497,0.1926,0.013,NONE,False,False,0.0677,LOW_RISK,1,False,0.0492
prod_20000717,20000717,1000487,Tools & Home Improvement,4.83,12,36,39,2,0.0502,0.1,0.0009,19,0.00028,497,0.1926,0.013,NONE,False,False,0.0892,LOW_RISK,1,False,0.0492
prod_20002747,20002747,1000131,Phones & Telecommunications,3.5,2,3,3,1,0.1233,0.2,0.001,3,5.6e-05,282,0.013,0.007,UNCERTIFIED_MED,True,True,0.309,MODERATE_RISK,1,False,0.0493
prod_20004423,20004423,1000040,Home & Garden,3.64,14,47,54,4,0.0266,0.0714,0.0017,32,0.000292,714,0.0141,0.006,NONE,False,False,0.106,LOW_RISK,1,False,0.0494
prod_20000513,20000513,1000198,Phones & Telecommunications,4.88,8,20,21,2,0.058,0.1176,0.0011,19,0.000168,673,0.1911,0.02,NONE,False,False,0.0934,LOW_RISK,1,False,0.0495
prod_20004641,20004641,1000202,Home & Garden,4.6,5,8,9,2,0.0265,0.0909,0.0021,8,7.6e-05,923,0.0278,0.022,NONE,False,False,0.0533,LOW_RISK,1,False,0.0495
prod_20004282,20004282,1000254,Automotive,4.2,15,57,66,4,0.0243,0.0667,0.0015,35,0.000343,714,0.0141,0.006,NONE,False,False,0.1084,LOW_RISK,1,False,0.0495
prod_20000687,20000687,1000013,Automotive,4.9,10,36,38,2,0.0534,0.1176,0.0008,19,0.000272,497,0.1926,0.013,NONE,False,False,0.0839,LOW_RISK,1,False,0.0495
prod_20000587,20000587,1000058,Tools & Home Improvement,5.0,10,32,35,2,0.056,0.1429,0.001,19,0.000255,673,0.1911,0.02,NONE,False,False,0.0938,LOW_RISK,1,False,0.0495
prod_20000592,20000592,1000122,Automotive,4.91,11,33,38,2,0.0558,0.1333,0.001,19,0.000272,673,0.1911,0.02,NONE,False,False,0.0923,LOW_RISK,1,False,0.0495
prod_20002856,20002856,1000006,Phones & Telecommunications,4.43,7,21,22,2,0.0496,0.1429,0.0016,16,0.000183,923,0.0278,0.022,NONE,False,False,0.0989,LOW_RISK,1,False,0.0496
prod_20000394,20000394,1000105,Phones & Telecommunications,4.89,9,28,30,2,0.0577,0.1176,0.0011,20,0.000218,270,0.1973,0.02,NONE,False,False,0.0953,LOW_RISK,1,False,0.0496
prod_20000017,20000017,1000025,Phones & Telecommunications,5.0,11,23,24,2,0.0513,0.1111,0.001,19,0.000185,730,0.1959,0.013,NONE,False,False,0.128,LOW_RISK,1,False,0.0496
prod_20000443,20000443,1000426,Home & Garden,5.0,11,28,32,2,0.058,0.1111,0.001,20,0.000229,270,0.1973,0.02,NONE,False,False,0.1126,LOW_RISK,1,False,0.0496
prod_20003371,20003371,1000472,Automotive,3.0,3,10,10,1,0.0542,0.3333,0.0018,9,8.5e-05,714,0.0141,0.006,NONE,False,False,0.0556,LOW_RISK,1,False,0.0497
prod_20000083,20000083,1000304,Phones & Telecommunications,4.9,10,33,36,2,0.0571,0.1176,0.0008,19,0.00026,730,0.1959,0.013,NONE,False,False,0.088,LOW_RISK,1,False,0.0497
prod_20000673,20000673,1000070,Sports & Entertainment,4.89,9,25,30,2,0.0657,0.125,0.0011,19,0.000224,497,0.1926,0.013,UNCERTIFIED_MED,False,True,0.1263,LOW_RISK,1,False,0.0497
prod_20000590,20000590,1000302,Phones & Telecommunications,5.0,12,28,30,2,0.0519,0.0952,0.0008,19,0.000229,673,0.1911,0.02,NONE,False,False,0.0851,LOW_RISK,1,False,0.0497
prod_20002777,20002777,1000108,Automotive,4.0,14,42,51,5,0.027,0.087,0.0016,31,0.000299,714,0.0141,0.006,NONE,False,False,0.1032,LOW_RISK,1,False,0.0497
prod_20000109,20000109,1000283,Phones & Telecommunications,5.0,9,30,33,2,0.0603,0.1176,0.0011,19,0.000242,730,0.1959,0.013,NONE,False,False,0.1045,LOW_RISK,1,False,0.0497
prod_20002237,20002237,1000027,Automotive,4.33,3,13,13,1,0.0328,0.125,0.0031,13,9.5e-05,923,0.0278,0.022,NONE,False,False,0.0655,LOW_RISK,1,False,0.0498
prod_20002459,20002459,1000134,Computer & Office,5.0,2,10,10,1,0.1005,0.3333,0.0013,9,9e-05,501,0.0146,0.015,NONE,False,False,0.0761,LOW_RISK,1,False,0.0498
prod_20000620,20000620,1000134,Tools & Home Improvement,4.92,12,38,42,2,0.0511,0.1111,0.001,19,0.000297,497,0.1926,0.013,NONE,False,False,0.102,LOW_RISK,1,False,0.0498
prod_20002457,20002457,1000472,Home & Garden,3.5,2,8,8,1,0.1212,0.3333,0.0014,8,8.2e-05,282,0.013,0.007,NONE,False,False,0.0527,LOW_RISK,1,False,0.0498
prod_20000811,20000811,1000458,Automotive,4.5,4,6,6,1,0.087,0.25,0.0015,5,7.6e-05,923,0.0278,0.022,NONE,False,False,0.0623,LOW_RISK,1,False,0.0498
prod_20000373,20000373,1000111,Phones & Telecommunications,5.0,10,31,33,2,0.0574,0.1111,0.0009,20,0.00024,270,0.1973,0.02,NONE,False,False,0.1029,LOW_RISK,1,False,0.0499
prod_20000202,20000202,1000260,Home & Garden,4.9,10,28,30,2,0.0557,0.125,0.0008,20,0.000227,816,0.1923,0.02,NONE,False,False,0.0826,LOW_RISK,1,False,0.0499
prod_20000697,20000697,1000488,Phones & Telecommunications,4.7,10,32,36,2,0.0556,0.1176,0.0011,19,0.000259,497,0.1926,0.013,NONE,False,False,0.0756,LOW_RISK,1,False,0.0499
prod_20001557,20001557,1000050,Consumer Electronics,2.0,2,4,4,1,0.0675,0.1429,0.0034,4,5.5e-05,714,0.0141,0.006,NONE,False,False,0.083,LOW_RISK,1,False,0.05
prod_20003652,20003652,1000198,Jewelry & Accessories,4.43,21,56,63,3,0.0227,0.0667,0.0012,31,0.000336,282,0.013,0.007,NONE,False,False,0.1087,LOW_RISK,1,False,0.05
prod_20000106,20000106,1000418,Home & Garden,4.91,11,33,37,2,0.0532,0.1,0.0011,19,0.000264,730,0.1959,0.013,NONE,False,False,0.1258,LOW_RISK,1,False,0.05
prod_20000238,20000238,1000073,Tools & Home Improvement,5.0,12,32,36,2,0.0543,0.1176,0.0009,20,0.00027,816,0.1923,0.02,ELEC_SHOCK,False,True,0.1459,LOW_RISK,1,False,0.05
prod_20000044,20000044,1000223,Sports & Entertainment,4.78,9,30,31,2,0.0591,0.1333,0.0009,19,0.00023,730,0.1959,0.013,NONE,False,False,0.0883,LOW_RISK,1,False,0.0501
prod_20004419,20004419,1000286,Sports & Entertainment,4.0,1,3,3,1,0.0435,0.125,0.0053,3,4.9e-05,714,0.0141,0.006,NONE,False,False,0.0487,LOW_RISK,1,False,0.0501
prod_20000128,20000128,1000397,Automotive,4.73,11,26,31,2,0.0561,0.1053,0.0011,19,0.000225,730,0.1959,0.013,NONE,False,False,0.0908,LOW_RISK,1,False,0.0502
prod_20000092,20000092,1000039,Automotive,5.0,10,26,27,2,0.0543,0.1,0.0008,19,0.000206,730,0.1959,0.013,NONE,False,False,0.0878,LOW_RISK,1,False,0.0502
prod_20000529,20000529,1000417,Computer & Office,4.82,11,33,36,2,0.0565,0.1176,0.0009,19,0.000266,673,0.1911,0.02,NONE,False,False,0.1033,LOW_RISK,1,False,0.0502
prod_20000603,20000603,1000417,Sports & Entertainment,4.9,10,37,40,2,0.0569,0.1,0.0009,19,0.000289,497,0.1926,0.013,NONE,False,False,0.0864,LOW_RISK,1,False,0.0502
prod_20000295,20000295,1000235,Tools & Home Improvement,4.8,10,32,33,2,0.0534,0.1053,0.0008,20,0.000246,816,0.1923,0.02,NONE,False,False,0.1235,LOW_RISK,1,False,0.0503
prod_20000261,20000261,1000026,Home & Garden,4.92,12,30,33,2,0.0529,0.125,0.0008,20,0.000246,816,0.1923,0.02,NONE,False,False,0.085,LOW_RISK,1,False,0.0504
prod_20004586,20004586,1000057,Tools & Home Improvement,2.0,1,3,3,1,0.0353,0.0714,0.0033,3,4.9e-05,282,0.013,0.007,NONE,False,False,0.028,LOW_RISK,1,False,0.0504
prod_20000323,20000323,1000293,Home & Garden,4.9,10,27,29,2,0.056,0.1053,0.001,20,0.000213,270,0.1973,0.02,NONE,False,False,0.1037,LOW_RISK,1,False,0.0505
prod_20000221,20000221,1000489,Automotive,5.0,11,30,35,2,0.0574,0.0952,0.0009,20,0.000259,816,0.1923,0.02,NONE,False,False,0.0912,LOW_RISK,1,False,0.0505
prod_20000305,20000305,1000419,Tools & Home Improvement,4.91,11,28,31,2,0.0575,0.1111,0.0008,19,0.000226,270,0.1973,0.02,NONE,False,False,0.0997,LOW_RISK,1,False,0.0505
prod_20000040,20000040,1000494,Tools & Home Improvement,4.83,12,30,36,2,0.0583,0.125,0.0009,19,0.000264,730,0.1959,0.013,NONE,False,False,0.0982,LOW_RISK,1,False,0.0506
prod_20000013,20000013,1000080,Tools & Home Improvement,5.0,9,26,29,2,0.0597,0.1333,0.0011,19,0.000213,730,0.1959,0.013,NONE,False,False,0.0805,LOW_RISK,1,False,0.0506
prod_20001207,20001207,1000299,Consumer Electronics,4.0,2,4,4,1,0.0777,0.1667,0.0046,4,5.6e-05,501,0.0146,0.015,NONE,False,False,0.0629,LOW_RISK,1,False,0.0506
prod_20000276,20000276,1000288,Automotive,5.0,12,31,33,2,0.0517,0.1,0.0008,20,0.000248,816,0.1923,0.02,NONE,False,False,0.084,LOW_RISK,1,False,0.0506
prod_20002391,20002391,1000082,Automotive,5.0,1,3,3,1,0.1433,0.3333,0.003,3,5.3e-05,282,0.013,0.007,NONE,False,False,0.0577,LOW_RISK,1,False,0.0506
prod_20002678,20002678,1000014,Automotive,2.8,5,16,17,2,0.0322,0.2,0.003,14,0.000125,282,0.013,0.007,NONE,False,False,0.0692,LOW_RISK,1,False,0.0506
prod_20000738,20000738,1000190,Phones & Telecommunications,4.89,9,32,36,2,0.0631,0.1429,0.001,19,0.000266,497,0.1926,0.013,NONE,False,False,0.098,LOW_RISK,1,False,0.0507
prod_20000084,20000084,1000286,Sports & Entertainment,4.9,10,34,38,2,0.0576,0.1333,0.001,19,0.000271,730,0.1959,0.013,NONE,False,False,0.0921,LOW_RISK,1,False,0.0507
prod_20004928,20004928,1000203,Tools & Home Improvement,4.62,16,53,57,3,0.0232,0.0625,0.0016,35,0.000303,714,0.0141,0.006,NONE,False,False,0.1117,LOW_RISK,1,False,0.0507
prod_20002606,20002606,1000059,Jewelry & Accessories,4.16,19,58,64,2,0.0233,0.0526,0.0011,34,0.00035,714,0.0141,0.006,NONE,False,False,0.1083,LOW_RISK,1,False,0.0507
prod_20000039,20000039,1000058,Sports & Entertainment,4.92,12,35,40,2,0.0543,0.1176,0.001,19,0.000283,730,0.1959,0.013,NONE,False,False,0.1114,LOW_RISK,1,False,0.0508
prod_20003398,20003398,1000384,Sports & Entertainment,4.73,15,44,54,5,0.0301,0.0667,0.0015,28,0.000303,714,0.0141,0.006,NONE,False,False,0.1333,LOW_RISK,1,False,0.0508
prod_20000534,20000534,1000400,Home & Garden,5.0,11,33,37,2,0.0552,0.1053,0.001,19,0.000267,673,0.1911,0.02,NONE,False,False,0.0921,LOW_RISK,1,False,0.0508
prod_20000767,20000767,1000231,Automotive,5.0,1,2,2,1,0.0836,0.1667,0.0038,2,4.6e-05,282,0.013,0.007,NONE,False,False,0.0502,LOW_RISK,1,False,0.0508
prod_20002287,20002287,1000217,Home & Garden,2.0,1,5,5,1,0.0393,0.1,0.0036,5,5.8e-05,714,0.0141,0.006,NONE,False,False,0.0563,LOW_RISK,1,False,0.0508
prod_20001640,20001640,1000007,Tools & Home Improvement,4.12,17,58,62,3,0.0243,0.0588,0.0012,35,0.000345,714,0.0141,0.006,NONE,False,False,0.1398,LOW_RISK,1,False,0.0508
prod_20001544,20001544,1000187,Jewelry & Accessories,4.5,2,2,2,1,0.007,0.0119,0.0,2,4.4e-05,714,0.0141,0.006,NONE,False,False,0.0425,LOW_RISK,1,False,0.0508
prod_20004831,20004831,1000399,Phones & Telecommunications,4.06,18,38,49,5,0.0207,0.0526,0.0019,30,0.000261,714,0.0141,0.006,NONE,False,False,0.098,LOW_RISK,1,False,0.0508
prod_20004139,20004139,1000400,Consumer Electronics,4.0,16,51,55,3,0.0231,0.0588,0.0014,35,0.000299,282,0.013,0.007,NONE,False,False,0.1067,LOW_RISK,1,False,0.0509
prod_20000488,20000488,1000386,Computer & Office,5.0,9,29,33,2,0.0602,0.1053,0.0011,19,0.000238,673,0.1911,0.02,NONE,False,False,0.0895,LOW_RISK,1,False,0.0509
prod_20001262,20001262,1000186,Consumer Electronics,4.0,3,7,7,1,0.1155,0.3333,0.0033,6,0.000114,714,0.0141,0.006,NONE,False,False,0.054,LOW_RISK,1,False,0.0509
prod_20000007,20000007,1000179,Consumer Electronics,5.0,11,34,38,2,0.0574,0.1111,0.001,19,0.000274,730,0.1959,0.013,NONE,False,False,0.1165,LOW_RISK,1,False,0.0509
prod_20004655,20004655,1000424,Tools & Home Improvement,3.5,4,13,15,2,0.0428,0.25,0.004,11,0.00011,714,0.0141,0.006,NONE,False,False,0.0784,LOW_RISK,1,False,0.0509
prod_20000247,20000247,1000416,Tools & Home Improvement,4.8,10,29,30,2,0.0534,0.1053,0.0009,20,0.000225,816,0.1923,0.02,NONE,False,False,0.0898,LOW_RISK,1,False,0.051
prod_20004746,20004746,1000299,Jewelry & Accessories,3.71,17,52,59,2,0.0255,0.0645,0.0015,32,0.000326,714,0.0141,0.006,NONE,False,False,0.1098,LOW_RISK,1,False,0.051
prod_20001857,20001857,1000294,Computer & Office,4.11,18,55,61,4,0.0244,0.0556,0.0012,34,0.000337,282,0.013,0.007,NONE,False,False,0.0961,LOW_RISK,1,False,0.051
prod_20003799,20003799,1000125,Phones & Telecommunications,4.5,2,7,7,1,0.0413,0.1,0.0056,7,6.7e-05,714,0.0141,0.006,NONE,False,False,0.058,LOW_RISK,1,False,0.051
prod_20000452,20000452,1000070,Home & Garden,4.92,13,27,30,2,0.0488,0.0952,0.0009,19,0.000223,673,0.1911,0.02,CHOKE_CHILD,False,True,0.1238,LOW_RISK,1,False,0.051
prod_20000130,20000130,1000122,Sports & Entertainment,5.0,12,33,38,2,0.0548,0.1111,0.001,19,0.000271,730,0.1959,0.013,NONE,False,False,0.0997,LOW_RISK,1,False,0.0511
prod_20000055,20000055,1000386,Jewelry & Accessories,5.0,8,26,29,2,0.0643,0.1176,0.001,19,0.000215,730,0.1959,0.013,NONE,False,False,0.0756,LOW_RISK,1,False,0.0511
prod_20000193,20000193,1000469,Jewelry & Accessories,4.88,8,23,24,2,0.0611,0.1111,0.001,19,0.000188,816,0.1923,0.02,NONE,False,False,0.0897,LOW_RISK,1,False,0.0511
prod_20000745,20000745,1000288,Automotive,4.86,14,33,37,2,0.049,0.1,0.0009,19,0.000272,497,0.1926,0.013,NONE,False,False,0.0748,LOW_RISK,1,False,0.0511
prod_20001449,20001449,1000085,Sports & Entertainment,3.94,18,51,54,3,0.0232,0.0556,0.0012,33,0.000329,714,0.0141,0.006,CHEM_TOXIC,False,True,0.1083,LOW_RISK,1,False,0.0511
prod_20000671,20000671,1000374,Phones & Telecommunications,4.89,9,23,24,2,0.0573,0.1429,0.0009,19,0.000187,497,0.1926,0.013,UNCERTIFIED_MED,True,True,0.239,MODERATE_RISK,1,False,0.0512
prod_20000564,20000564,1000247,Tools & Home Improvement,5.0,12,31,36,2,0.0558,0.1111,0.0009,19,0.000265,673,0.1911,0.02,NONE,False,False,0.0857,LOW_RISK,1,False,0.0512
prod_20000531,20000531,1000160,Computer & Office,4.89,9,32,34,2,0.0603,0.1333,0.001,19,0.000252,673,0.1911,0.02,NONE,False,False,0.0884,LOW_RISK,1,False,0.0512
prod_20000113,20000113,1000046,Home & Garden,5.0,8,28,29,2,0.063,0.1333,0.001,19,0.000219,730,0.1959,0.013,NONE,False,False,0.0831,LOW_RISK,1,False,0.0512
prod_20003828,20003828,1000434,Phones & Telecommunications,5.0,1,2,2,1,0.101,0.1111,0.003,2,4.8e-05,501,0.0146,0.015,NONE,False,False,0.0541,LOW_RISK,1,False,0.0512
prod_20004668,20004668,1000234,Tools & Home Improvement,4.33,3,5,5,1,0.0442,0.1667,0.0033,5,6.1e-05,923,0.0278,0.022,NONE,False,False,0.0493,LOW_RISK,1,False,0.0512
prod_20001996,20001996,1000077,Tools & Home Improvement,2.0,2,8,8,1,0.0745,0.2,0.0014,8,7.6e-05,714,0.0141,0.006,UNCERTIFIED_MED,False,True,0.1383,LOW_RISK,1,False,0.0513
prod_20000784,20000784,1000062,Consumer Electronics,4.0,2,6,6,1,0.0254,0.0667,0.0053,6,6.1e-05,714,0.0141,0.006,NONE,False,False,0.0472,LOW_RISK,1,False,0.0513
prod_20003765,20003765,1000465,Jewelry & Accessories,3.86,14,46,52,4,0.0288,0.0625,0.0012,32,0.000278,282,0.013,0.007,NONE,False,False,0.0962,LOW_RISK,1,False,0.0513
prod_20000593,20000593,1000093,Tools & Home Improvement,5.0,9,27,29,2,0.0606,0.1111,0.0009,19,0.000222,673,0.1911,0.02,CHOKE_CHILD,True,True,0.2379,MODERATE_RISK,1,False,0.0513
prod_20000054,20000054,1000487,Jewelry & Accessories,4.91,11,25,26,2,0.0514,0.1,0.0011,19,0.000197,730,0.1959,0.013,NONE,False,False,0.0761,LOW_RISK,1,False,0.0513
prod_20000636,20000636,1000072,Automotive,4.88,8,30,32,2,0.063,0.1429,0.0009,19,0.000237,497,0.1926,0.013,NONE,False,False,0.1778,MODERATE_RISK,1,False,0.0514
prod_20001704,20001704,1000218,Sports & Entertainment,4.33,18,57,64,3,0.025,0.0526,0.0012,32,0.000354,714,0.0141,0.006,NONE,False,False,0.1012,LOW_RISK,1,False,0.0514
prod_20001994,20001994,1000334,Consumer Electronics,4.24,17,53,62,4,0.0295,0.0714,0.0011,29,0.000345,282,0.013,0.007,CHEM_TOXIC,False,True,0.1672,MODERATE_RISK,1,False,0.0515
prod_20000165,20000165,1000372,Sports & Entertainment,4.9,10,27,29,2,0.0573,0.1333,0.001,20,0.00022,816,0.1923,0.02,NONE,False,False,0.0831,LOW_RISK,1,False,0.0515
prod_20000071,20000071,1000043,Computer & Office,4.88,8,30,33,2,0.0632,0.1333,0.001,19,0.00024,730,0.1959,0.013,NONE,False,False,0.0924,LOW_RISK,1,False,0.0515
prod_20002971,20002971,1000104,Sports & Entertainment,3.25,4,11,12,2,0.0314,0.2,0.0039,10,9.7e-05,282,0.013,0.007,UNCERTIFIED_MED,False,True,0.0932,LOW_RISK,1,False,0.0515
prod_20000635,20000635,1000389,Sports & Entertainment,4.92,12,35,40,2,0.0544,0.0952,0.0009,19,0.000287,497,0.1926,0.013,NONE,False,False,0.0895,LOW_RISK,1,False,0.0515
prod_20000666,20000666,1000348,Jewelry & Accessories,5.0,12,35,38,2,0.0521,0.1053,0.0009,19,0.000277,497,0.1926,0.013,NONE,False,False,0.0897,LOW_RISK,1,False,0.0516
prod_20001448,20001448,1000128,Phones & Telecommunications,3.43,7,28,30,3,0.0354,0.1111,0.0025,21,0.000179,501,0.0146,0.015,NONE,False,False,0.1201,LOW_RISK,1,False,0.0516
prod_20000172,20000172,1000228,Consumer Electronics,4.89,9,34,35,2,0.0564,0.125,0.0009,20,0.000257,816,0.1923,0.02,NONE,False,False,0.0892,LOW_RISK,1,False,0.0517
prod_20001985,20001985,1000475,Home & Garden,5.0,1,2,2,1,0.0633,0.125,0.0038,2,4.5e-05,501,0.0146,0.015,ELEC_SHOCK,False,True,0.1292,LOW_RISK,1,False,0.0517
prod_20000758,20000758,1000211,Tools & Home Improvement,5.0,1,3,3,1,0.1352,0.3333,0.003,3,5.2e-05,282,0.013,0.007,CHOKE_CHILD,True,True,0.2533,MODERATE_RISK,1,False,0.0517
prod_20004697,20004697,1000168,Phones & Telecommunications,4.33,3,11,11,1,0.076,0.2,0.0019,11,9e-05,923,0.0278,0.022,NONE,False,False,0.0528,LOW_RISK,1,False,0.0517
prod_20000025,20000025,1000112,Sports & Entertainment,4.8,10,35,36,2,0.0521,0.1176,0.001,19,0.000257,730,0.1959,0.013,NONE,False,False,0.1239,LOW_RISK,1,False,0.0517
prod_20002036,20002036,1000172,Sports & Entertainment,4.38,21,58,64,2,0.0218,0.0455,0.0014,34,0.000349,714,0.0141,0.006,NONE,False,False,0.107,LOW_RISK,1,False,0.0517
prod_20003474,20003474,1000127,Home & Garden,3.67,15,49,54,2,0.0239,0.0667,0.0014,34,0.000284,714,0.0141,0.006,NONE,False,False,0.1297,LOW_RISK,1,False,0.0517
prod_20000232,20000232,1000489,Automotive,5.0,10,25,28,2,0.0574,0.0952,0.0009,20,0.000213,816,0.1923,0.02,NONE,False,False,0.0993,LOW_RISK,1,False,0.0517
prod_20000878,20000878,1000027,Tools & Home Improvement,5.0,3,6,7,2,0.0712,0.2,0.0035,6,7e-05,501,0.0146,0.015,NONE,False,False,0.0594,LOW_RISK,1,False,0.0518
prod_20002980,20002980,1000466,Sports & Entertainment,3.33,6,26,28,2,0.0488,0.1667,0.002,20,0.000178,501,0.0146,0.015,NONE,False,False,0.0695,LOW_RISK,1,False,0.0518
prod_20000685,20000685,1000141,Phones & Telecommunications,4.83,12,30,32,2,0.0494,0.0909,0.0009,19,0.000237,497,0.1926,0.013,NONE,False,False,0.0873,LOW_RISK,1,False,0.0518
prod_20001339,20001339,1000109,Sports & Entertainment,3.83,18,49,52,3,0.0246,0.0556,0.0011,32,0.000287,714,0.0141,0.006,NONE,False,False,0.0862,LOW_RISK,1,False,0.0519
prod_20000596,20000596,1000196,Sports & Entertainment,4.88,8,27,29,2,0.0615,0.1176,0.001,19,0.000217,673,0.1911,0.02,NONE,False,False,0.092,LOW_RISK,1,False,0.0519
prod_20001811,20001811,1000463,Computer & Office,4.35,17,50,62,3,0.025,0.0833,0.0017,31,0.000329,282,0.013,0.007,NONE,False,False,0.1022,LOW_RISK,1,False,0.0519
prod_20000503,20000503,1000054,Phones & Telecommunications,4.8,10,24,25,2,0.0531,0.1053,0.001,19,0.000193,673,0.1911,0.02,NONE,False,False,0.0921,LOW_RISK,1,False,0.0519
prod_20002525,20002525,1000321,Automotive,4.0,6,17,18,2,0.0466,0.1429,0.0018,14,0.000128,923,0.0278,0.022,NONE,False,False,0.0646,LOW_RISK,1,False,0.0519
prod_20000567,20000567,1000034,Automotive,5.0,8,24,25,2,0.0599,0.1111,0.0009,19,0.000192,673,0.1911,0.02,ELEC_SHOCK,True,True,0.2409,MODERATE_RISK,1,False,0.0519
prod_20003404,20003404,1000424,Tools & Home Improvement,4.39,18,46,52,4,0.0204,0.0556,0.0018,34,0.000279,282,0.013,0.007,NONE,False,False,0.099,LOW_RISK,1,False,0.0519
prod_20000024,20000024,1000341,Automotive,5.0,8,26,27,2,0.0584,0.1053,0.0011,19,0.000203,730,0.1959,0.013,NONE,False,False,0.0794,LOW_RISK,1,False,0.0519
prod_20002309,20002309,1000102,Sports & Entertainment,4.38,8,26,28,2,0.0289,0.1111,0.0022,23,0.000164,923,0.0278,0.022,NONE,False,False,0.0771,LOW_RISK,1,False,0.052
prod_20000140,20000140,1000488,Consumer Electronics,5.0,9,28,31,2,0.0627,0.1333,0.001,19,0.000232,730,0.1959,0.013,NONE,False,False,0.083,LOW_RISK,1,False,0.052
prod_20001795,20001795,1000371,Tools & Home Improvement,5.0,1,3,3,1,0.1261,0.3333,0.0033,3,5.1e-05,282,0.013,0.007,UNCERTIFIED_MED,True,True,0.3011,MODERATE_RISK,1,False,0.052
prod_20000230,20000230,1000327,Consumer Electronics,5.0,11,29,32,2,0.0535,0.1176,0.0009,20,0.000239,816,0.1923,0.02,NONE,False,False,0.0879,LOW_RISK,1,False,0.0521
prod_20003874,20003874,1000257,Sports & Entertainment,4.57,14,44,49,4,0.0281,0.0714,0.0014,29,0.000287,501,0.0146,0.015,NONE,False,False,0.1148,LOW_RISK,1,False,0.0522
prod_20000029,20000029,1000167,Phones & Telecommunications,5.0,8,26,27,2,0.0623,0.1111,0.001,19,0.000204,730,0.1959,0.013,NONE,False,False,0.0821,LOW_RISK,1,False,0.0522
prod_20004562,20004562,1000294,Sports & Entertainment,5.0,1,2,2,1,0.0139,0.0238,0.0038,2,4.4e-05,282,0.013,0.007,NONE,False,False,0.039,LOW_RISK,1,False,0.0522
prod_20000178,20000178,1000073,Jewelry & Accessories,5.0,10,30,33,2,0.0582,0.125,0.001,20,0.000245,816,0.1923,0.02,CHOKE_CHILD,False,True,0.1418,LOW_RISK,1,False,0.0522
prod_20003872,20003872,1000043,Tools & Home Improvement,3.93,14,45,52,3,0.0236,0.0625,0.0017,34,0.000289,282,0.013,0.007,NONE,False,False,0.1036,LOW_RISK,1,False,0.0522
prod_20000727,20000727,1000080,Automotive,5.0,9,27,29,2,0.0574,0.1333,0.0011,19,0.000215,497,0.1926,0.013,NONE,False,False,0.0797,LOW_RISK,1,False,0.0522
prod_20002140,20002140,1000363,Automotive,3.94,18,47,51,2,0.022,0.0556,0.0016,32,0.000274,282,0.013,0.007,NONE,False,False,0.0959,LOW_RISK,1,False,0.0523
prod_20000124,20000124,1000240,Jewelry & Accessories,5.0,8,25,26,2,0.0588,0.125,0.001,19,0.000197,730,0.1959,0.013,NONE,False,False,0.081,LOW_RISK,1,False,0.0523
prod_20002308,20002308,1000186,Home & Garden,4.0,4,10,10,1,0.0348,0.2,0.0029,9,8.4e-05,923,0.0278,0.022,NONE,False,False,0.0572,LOW_RISK,1,False,0.0523
prod_20002279,20002279,1000419,Consumer Electronics,4.64,11,41,47,3,0.0358,0.0909,0.0012,28,0.000272,501,0.0146,0.015,NONE,False,False,0.101,LOW_RISK,1,False,0.0524
prod_20000041,20000041,1000410,Jewelry & Accessories,4.8,10,30,31,2,0.0556,0.0952,0.0008,19,0.000233,730,0.1959,0.013,CHEM_TOXIC,False,True,0.1024,LOW_RISK,1,False,0.0525
prod_20000702,20000702,1000364,Sports & Entertainment,5.0,11,28,30,2,0.0542,0.125,0.0009,18,0.000228,497,0.1926,0.013,NONE,False,False,0.0826,LOW_RISK,1,False,0.0525
prod_20001592,20001592,1000438,Tools & Home Improvement,4.38,16,46,52,5,0.024,0.0588,0.0016,29,0.000276,282,0.013,0.007,NONE,False,False,0.1008,LOW_RISK,1,False,0.0525
prod_20000962,20000962,1000266,Sports & Entertainment,3.5,4,5,5,1,0.1071,0.25,0.0006,4,0.000107,714,0.0141,0.006,NONE,False,False,0.0635,LOW_RISK,1,False,0.0525
prod_20004099,20004099,1000470,Consumer Electronics,4.56,16,54,60,2,0.0269,0.0588,0.0011,34,0.000319,282,0.013,0.007,NONE,False,False,0.1017,LOW_RISK,1,False,0.0526
prod_20001374,20001374,1000059,Automotive,2.83,6,22,22,1,0.0405,0.1667,0.0023,17,0.000167,714,0.0141,0.006,NONE,False,False,0.0697,LOW_RISK,1,False,0.0526
prod_20001934,20001934,1000143,Automotive,3.0,2,6,6,1,0.0153,0.0333,0.0028,6,6.1e-05,501,0.0146,0.015,ELEC_SHOCK,True,True,0.2295,MODERATE_RISK,1,False,0.0526
prod_20004941,20004941,1000218,Consumer Electronics,4.67,3,12,13,2,0.037,0.1667,0.0041,12,9.4e-05,282,0.013,0.007,NONE,False,False,0.0572,LOW_RISK,1,False,0.0527
prod_20000600,20000600,1000431,Jewelry & Accessories,4.92,12,36,42,2,0.0554,0.1053,0.0009,19,0.000298,497,0.1926,0.013,NONE,False,False,0.0867,LOW_RISK,1,False,0.0527
prod_20002366,20002366,1000109,Automotive,4.67,6,17,18,2,0.0466,0.1667,0.0018,14,0.000132,923,0.0278,0.022,NONE,False,False,0.058,LOW_RISK,1,False,0.0527
prod_20003493,20003493,1000291,Jewelry & Accessories,4.15,13,47,52,3,0.0287,0.0769,0.0015,30,0.000279,501,0.0146,0.015,NONE,False,False,0.0996,LOW_RISK,1,False,0.0528
prod_20004517,20004517,1000396,Automotive,3.88,16,50,55,2,0.0265,0.0588,0.0014,32,0.000308,282,0.013,0.007,NONE,False,False,0.0961,LOW_RISK,1,False,0.0529
prod_20000208,20000208,1000158,Sports & Entertainment,5.0,11,30,33,2,0.0542,0.1176,0.001,20,0.000245,816,0.1923,0.02,NONE,False,False,0.0812,LOW_RISK,1,False,0.0529
prod_20003501,20003501,1000370,Computer & Office,4.0,1,2,2,1,0.134,0.1429,0.003,2,5e-05,282,0.013,0.007,NONE,False,False,0.0458,LOW_RISK,1,False,0.0529
prod_20000644,20000644,1000340,Tools & Home Improvement,5.0,12,27,30,2,0.0512,0.0909,0.0009,19,0.000224,497,0.1926,0.013,NONE,False,False,0.0837,LOW_RISK,1,False,0.0529
prod_20000573,20000573,1000218,Jewelry & Accessories,5.0,10,29,33,2,0.058,0.1176,0.0011,19,0.00024,673,0.1911,0.02,NONE,False,False,0.0856,LOW_RISK,1,False,0.0529
prod_20000594,20000594,1000072,Sports & Entertainment,4.83,12,31,36,2,0.0539,0.1053,0.001,19,0.000259,673,0.1911,0.02,ELEC_SHOCK,False,True,0.1829,MODERATE_RISK,1,False,0.0529
prod_20003281,20003281,1000166,Phones & Telecommunications,4.0,1,3,3,1,0.0143,0.0238,0.0049,3,4.8e-05,714,0.0141,0.006,NONE,False,False,0.0433,LOW_RISK,1,False,0.053
prod_20001529,20001529,1000274,Phones & Telecommunications,4.5,2,8,8,1,0.112,0.3333,0.0032,7,8.1e-05,501,0.0146,0.015,NONE,False,False,0.0625,LOW_RISK,1,False,0.053
prod_20004722,20004722,1000331,Computer & Office,4.0,1,3,3,1,0.0065,0.0093,0.0043,3,4.8e-05,714,0.0141,0.006,NONE,False,False,0.0558,LOW_RISK,1,False,0.053
prod_20000471,20000471,1000282,Jewelry & Accessories,4.9,10,29,33,2,0.0596,0.125,0.001,19,0.000243,673,0.1911,0.02,NONE,False,False,0.0767,LOW_RISK,1,False,0.0531
prod_20004038,20004038,1000472,Phones & Telecommunications,4.87,15,48,51,2,0.0287,0.0625,0.0012,29,0.000287,282,0.013,0.007,NONE,False,False,0.0915,LOW_RISK,1,False,0.0531
prod_20000476,20000476,1000439,Phones & Telecommunications,4.89,9,28,30,2,0.0592,0.1,0.0009,19,0.000225,673,0.1911,0.02,NONE,False,False,0.0891,LOW_RISK,1,False,0.0531
prod_20003889,20003889,1000201,Phones & Telecommunications,4.0,20,52,60,4,0.0239,0.069,0.0013,31,0.000323,714,0.0141,0.006,NONE,False,False,0.0887,LOW_RISK,1,False,0.0531
prod_20004305,20004305,1000120,Consumer Electronics,4.5,2,6,6,1,0.0476,0.1111,0.0053,6,6.3e-05,714,0.0141,0.006,NONE,False,False,0.0506,LOW_RISK,1,False,0.0532
prod_20000010,20000010,1000072,Consumer Electronics,5.0,10,28,32,2,0.0607,0.125,0.001,19,0.000239,730,0.1959,0.013,CHOKE_CHILD,False,True,0.1787,MODERATE_RISK,1,False,0.0532
prod_20000478,20000478,1000108,Jewelry & Accessories,4.89,9,29,32,2,0.06,0.1176,0.0009,19,0.000236,673,0.1911,0.02,NONE,False,False,0.0983,LOW_RISK,1,False,0.0532
prod_20002772,20002772,1000416,Jewelry & Accessories,4.0,1,4,4,1,0.0151,0.04,0.005,4,5.3e-05,282,0.013,0.007,NONE,False,False,0.0675,LOW_RISK,1,False,0.0532
prod_20000618,20000618,1000052,Home & Garden,4.92,12,30,31,2,0.049,0.1,0.0008,19,0.000234,497,0.1926,0.013,NONE,False,False,0.0979,LOW_RISK,1,False,0.0533
prod_20002025,20002025,1000296,Home & Garden,4.5,2,7,7,1,0.0595,0.3333,0.0041,7,6.9e-05,714,0.0141,0.006,NONE,False,False,0.0415,LOW_RISK,1,False,0.0533
prod_20002445,20002445,1000205,Home & Garden,4.17,18,50,58,4,0.0216,0.0556,0.0018,33,0.000307,714,0.0141,0.006,NONE,False,False,0.1104,LOW_RISK,1,False,0.0533
prod_20002611,20002611,1000224,Home & Garden,5.0,3,8,9,2,0.0771,0.3333,0.002,7,8.6e-05,282,0.013,0.007,NONE,False,False,0.0732,LOW_RISK,1,False,0.0534
prod_20003057,20003057,1000112,Phones & Telecommunications,5.0,1,5,5,1,0.0186,0.0667,0.005,5,5.7e-05,714,0.0141,0.006,NONE,False,False,0.0949,LOW_RISK,1,False,0.0534
prod_20003377,20003377,1000179,Computer & Office,2.0,1,5,5,1,0.0514,0.1429,0.0032,5,6e-05,714,0.0141,0.006,NONE,False,False,0.0769,LOW_RISK,1,False,0.0534
prod_20004166,20004166,1000058,Consumer Electronics,3.92,13,47,55,4,0.0291,0.0769,0.0015,29,0.000299,282,0.013,0.007,NONE,False,False,0.1083,LOW_RISK,1,False,0.0534
prod_20000185,20000185,1000187,Sports & Entertainment,5.0,12,25,29,2,0.0527,0.1,0.001,20,0.000218,816,0.1923,0.02,NONE,False,False,0.0798,LOW_RISK,1,False,0.0535
prod_20000288,20000288,1000214,Computer & Office,4.91,11,29,31,2,0.0517,0.0952,0.001,20,0.000231,816,0.1923,0.02,NONE,False,False,0.0902,LOW_RISK,1,False,0.0535
prod_20000461,20000461,1000054,Phones & Telecommunications,4.88,8,27,28,2,0.0594,0.1176,0.001,19,0.000212,673,0.1911,0.02,NONE,False,False,0.0903,LOW_RISK,1,False,0.0536
prod_20000684,20000684,1000405,Computer & Office,4.83,12,33,37,2,0.0532,0.1176,0.0009,19,0.000268,497,0.1926,0.013,NONE,False,False,0.0851,LOW_RISK,1,False,0.0536
prod_20004101,20004101,1000005,Home & Garden,5.0,1,2,2,1,0.0849,0.1111,0.003,2,4.7e-05,501,0.0146,0.015,NONE,False,False,0.0515,LOW_RISK,1,False,0.0537
prod_20000286,20000286,1000293,Phones & Telecommunications,4.9,10,32,34,2,0.056,0.1053,0.0008,20,0.000253,816,0.1923,0.02,NONE,False,False,0.0881,LOW_RISK,1,False,0.0538
prod_20000455,20000455,1000030,Jewelry & Accessories,4.91,11,25,27,2,0.0511,0.1176,0.0009,19,0.000204,673,0.1911,0.02,ELEC_SHOCK,False,True,0.1703,MODERATE_RISK,1,False,0.0539
prod_20004015,20004015,1000004,Computer & Office,3.5,2,5,6,2,0.0698,0.2,0.0039,5,6.4e-05,282,0.013,0.007,UNCERTIFIED_MED,True,True,0.2354,MODERATE_RISK,1,False,0.0539
prod_20003278,20003278,1000092,Sports & Entertainment,4.0,12,41,45,3,0.028,0.0833,0.0014,30,0.000251,501,0.0146,0.015,NONE,False,False,0.0888,LOW_RISK,1,False,0.0539
prod_20000077,20000077,1000331,Tools & Home Improvement,4.8,10,28,29,2,0.0543,0.1111,0.0008,19,0.000218,730,0.1959,0.013,NONE,False,False,0.0892,LOW_RISK,1,False,0.0539
prod_20000498,20000498,1000395,Automotive,5.0,10,30,33,2,0.056,0.1053,0.0009,19,0.000243,673,0.1911,0.02,NONE,False,False,0.1,LOW_RISK,1,False,0.054
prod_20003578,20003578,1000056,Computer & Office,3.0,1,2,2,1,0.0647,0.1,0.003,2,4.6e-05,282,0.013,0.007,NONE,False,False,0.049,LOW_RISK,1,False,0.054
prod_20000264,20000264,1000143,Phones & Telecommunications,4.82,11,32,34,2,0.0522,0.1111,0.0009,20,0.000251,816,0.1923,0.02,NONE,False,False,0.1151,LOW_RISK,1,False,0.054
prod_20001146,20001146,1000429,Consumer Electronics,5.0,2,2,2,1,0.0533,0.0667,0.0,2,4.5e-05,282,0.013,0.007,NONE,False,False,0.0467,LOW_RISK,1,False,0.054
prod_20004153,20004153,1000157,Tools & Home Improvement,4.67,3,8,8,1,0.0761,0.3333,0.0036,7,8.5e-05,501,0.0146,0.015,NONE,False,False,0.0557,LOW_RISK,1,False,0.0541
prod_20004708,20004708,1000324,Automotive,3.92,13,44,44,1,0.0295,0.0714,0.001,29,0.000249,282,0.013,0.007,NONE,False,False,0.0971,LOW_RISK,1,False,0.0541
prod_20000209,20000209,1000368,Jewelry & Accessories,4.91,11,31,34,2,0.0539,0.125,0.0009,20,0.000251,816,0.1923,0.02,NONE,False,False,0.0809,LOW_RISK,1,False,0.0541
prod_20000075,20000075,1000209,Tools & Home Improvement,4.82,11,26,28,2,0.0524,0.1111,0.0009,19,0.00021,730,0.1959,0.013,UNCERTIFIED_MED,False,True,0.1401,LOW_RISK,1,False,0.0542
prod_20004023,20004023,1000034,Jewelry & Accessories,4.16,19,58,60,2,0.0223,0.0526,0.0013,34,0.000337,282,0.013,0.007,NONE,False,False,0.1204,LOW_RISK,1,False,0.0542
prod_20001088,20001088,1000384,Jewelry & Accessories,3.78,18,40,46,4,0.0231,0.0455,0.0015,30,0.000247,714,0.0141,0.006,ELEC_SHOCK,False,True,0.1364,LOW_RISK,1,False,0.0542
prod_20000290,20000290,1000256,Jewelry & Accessories,4.9,10,32,35,2,0.0583,0.1176,0.0009,20,0.000258,816,0.1923,0.02,NONE,False,False,0.0856,LOW_RISK,1,False,0.0542
prod_20000580,20000580,1000142,Phones & Telecommunications,5.0,10,30,31,2,0.0544,0.1053,0.0009,19,0.000231,673,0.1911,0.02,NONE,False,False,0.0832,LOW_RISK,1,False,0.0542
prod_20000530,20000530,1000164,Home & Garden,5.0,9,29,31,2,0.0571,0.125,0.0009,19,0.000228,673,0.1911,0.02,NONE,False,False,0.0991,LOW_RISK,1,False,0.0543
prod_20002482,20002482,1000170,Home & Garden,4.75,12,35,35,1,0.0326,0.0833,0.0008,25,0.000215,501,0.0146,0.015,NONE,False,False,0.096,LOW_RISK,1,False,0.0543
prod_20000713,20000713,1000311,Consumer Electronics,4.93,14,25,28,2,0.0498,0.1053,0.0008,19,0.000215,497,0.1926,0.013,NONE,False,False,0.0883,LOW_RISK,1,False,0.0543
prod_20004840,20004840,1000205,Automotive,4.0,16,49,54,4,0.0285,0.0625,0.0011,29,0.000301,282,0.013,0.007,NONE,False,False,0.1032,LOW_RISK,1,False,0.0543
prod_20004406,20004406,1000091,Automotive,5.0,1,3,3,1,0.0251,0.0435,0.0048,3,4.9e-05,282,0.013,0.007,NONE,False,False,0.0431,LOW_RISK,1,False,0.0543
prod_20002420,20002420,1000279,Sports & Entertainment,5.0,1,3,3,1,0.132,0.3333,0.003,3,5.4e-05,282,0.013,0.007,NONE,False,False,0.0445,LOW_RISK,1,False,0.0543
prod_20001200,20001200,1000091,Automotive,4.05,21,50,58,3,0.0234,0.0833,0.0014,31,0.000347,714,0.0141,0.006,NONE,False,False,0.1069,LOW_RISK,1,False,0.0544
prod_20004491,20004491,1000275,Home & Garden,4.67,3,12,12,1,0.0538,0.3333,0.0038,11,9.3e-05,714,0.0141,0.006,CHEM_TOXIC,False,True,0.0564,LOW_RISK,1,False,0.0544
prod_20002158,20002158,1000303,Jewelry & Accessories,5.0,2,10,10,1,0.0315,0.2,0.0043,10,8e-05,501,0.0146,0.015,NONE,False,False,0.0594,LOW_RISK,1,False,0.0544
prod_20001220,20001220,1000305,Sports & Entertainment,2.75,4,9,10,2,0.0456,0.1429,0.0036,9,8.2e-05,714,0.0141,0.006,NONE,False,False,0.0597,LOW_RISK,1,False,0.0544
prod_20000020,20000020,1000139,Home & Garden,4.89,9,30,33,2,0.0601,0.1429,0.001,19,0.00024,730,0.1959,0.013,NONE,False,False,0.1103,LOW_RISK,1,False,0.0544
prod_20000997,20000997,1000161,Computer & Office,3.79,14,48,52,3,0.0281,0.0667,0.0013,31,0.000287,282,0.013,0.007,NONE,False,False,0.1013,LOW_RISK,1,False,0.0544
prod_20003668,20003668,1000108,Consumer Electronics,5.0,1,3,3,1,0.119,0.3333,0.0035,3,5.2e-05,282,0.013,0.007,NONE,False,False,0.0545,LOW_RISK,1,False,0.0545
prod_20000674,20000674,1000328,Computer & Office,5.0,8,27,28,2,0.0562,0.1111,0.0011,19,0.000207,497,0.1926,0.013,NONE,False,False,0.0894,LOW_RISK,1,False,0.0545
prod_20004698,20004698,1000460,Jewelry & Accessories,3.0,4,17,19,2,0.0471,0.2,0.0026,16,0.000123,282,0.013,0.007,CHEM_TOXIC,False,True,0.0625,LOW_RISK,1,False,0.0545
prod_20000601,20000601,1000027,Tools & Home Improvement,5.0,10,28,29,2,0.0515,0.0909,0.001,19,0.000217,497,0.1926,0.013,NONE,False,False,0.0791,LOW_RISK,1,False,0.0545
prod_20002409,20002409,1000340,Automotive,5.0,3,11,12,2,0.0685,0.3333,0.0019,10,9.7e-05,714,0.0141,0.006,NONE,False,False,0.0704,LOW_RISK,1,False,0.0547
prod_20004761,20004761,1000127,Tools & Home Improvement,3.0,2,9,9,1,0.0215,0.0769,0.0043,9,7.4e-05,714,0.0141,0.006,NONE,False,False,0.0989,LOW_RISK,1,False,0.0547
prod_20002171,20002171,1000133,Tools & Home Improvement,5.0,1,3,3,1,0.0103,0.0238,0.0043,3,4.8e-05,714,0.0141,0.006,NONE,False,False,0.0628,LOW_RISK,1,False,0.0547
prod_20002359,20002359,1000292,Sports & Entertainment,4.15,13,47,52,4,0.024,0.0667,0.0018,35,0.000275,714,0.0141,0.006,NONE,False,False,0.1035,LOW_RISK,1,False,0.0548
prod_20000076,20000076,1000306,Consumer Electronics,4.9,10,27,29,2,0.0534,0.125,0.0011,19,0.000214,730,0.1959,0.013,NONE,False,False,0.1077,LOW_RISK,1,False,0.0548
prod_20000224,20000224,1000328,Computer & Office,4.91,11,32,34,2,0.052,0.0952,0.0009,20,0.000253,816,0.1923,0.02,NONE,False,False,0.0883,LOW_RISK,1,False,0.0548
prod_20001613,20001613,1000257,Home & Garden,4.38,16,57,61,3,0.0258,0.0588,0.0013,34,0.000335,282,0.013,0.007,CHEM_TOXIC,False,True,0.1187,LOW_RISK,1,False,0.0548
prod_20002932,20002932,1000262,Tools & Home Improvement,3.0,1,2,2,1,0.0617,0.1,0.003,2,4.7e-05,714,0.0141,0.006,NONE,False,False,0.0477,LOW_RISK,1,False,0.0548
prod_20003709,20003709,1000432,Sports & Entertainment,4.0,3,5,5,1,0.0108,0.0189,0.0048,5,5.7e-05,282,0.013,0.007,NONE,False,False,0.045,LOW_RISK,1,False,0.0548
prod_20002250,20002250,1000052,Home & Garden,4.39,18,49,55,5,0.0228,0.0556,0.0014,33,0.000292,714,0.0141,0.006,NONE,False,False,0.102,LOW_RISK,1,False,0.0548
prod_20001320,20001320,1000068,Automotive,4.5,8,25,28,3,0.0393,0.1111,0.0018,19,0.000174,923,0.0278,0.022,CHEM_TOXIC,False,True,0.1311,LOW_RISK,1,False,0.0549
prod_20004372,20004372,1000284,Phones & Telecommunications,4.0,1,5,5,1,0.0915,0.3333,0.0034,5,6e-05,501,0.0146,0.015,NONE,False,False,0.0575,LOW_RISK,1,False,0.0549
prod_20000579,20000579,1000002,Home & Garden,5.0,8,25,26,2,0.059,0.1111,0.001,19,0.000197,673,0.1911,0.02,CHOKE_CHILD,False,True,0.1339,LOW_RISK,1,False,0.0549
prod_20000740,20000740,1000114,Consumer Electronics,5.0,10,31,34,2,0.059,0.1333,0.0009,19,0.000252,497,0.1926,0.013,NONE,False,False,0.0954,LOW_RISK,1,False,0.0549
prod_20003878,20003878,1000475,Sports & Entertainment,4.0,16,39,46,3,0.0191,0.0625,0.0023,31,0.000248,714,0.0141,0.006,NONE,False,False,0.1539,MODERATE_RISK,1,False,0.0549
prod_20001316,20001316,1000215,Tools & Home Improvement,4.33,3,10,10,1,0.0955,0.3333,0.0015,8,0.000103,501,0.0146,0.015,NONE,False,False,0.0692,LOW_RISK,1,False,0.055
prod_20000830,20000830,1000174,Computer & Office,5.0,2,6,6,1,0.1043,0.3333,0.0025,6,6.9e-05,501,0.0146,0.015,NONE,False,False,0.0505,LOW_RISK,1,False,0.055
prod_20000474,20000474,1000432,Sports & Entertainment,4.91,11,26,28,2,0.0536,0.1111,0.0009,19,0.000212,673,0.1911,0.02,NONE,False,False,0.0771,LOW_RISK,1,False,0.055
prod_20002310,20002310,1000119,Sports & Entertainment,4.0,2,2,2,1,0.1096,0.2,0.003,2,4.7e-05,282,0.013,0.007,NONE,False,False,0.0362,LOW_RISK,1,False,0.055
prod_20003822,20003822,1000240,Phones & Telecommunications,4.18,11,24,27,3,0.0349,0.0909,0.0017,18,0.000184,923,0.0278,0.022,NONE,False,False,0.0697,LOW_RISK,1,False,0.055
prod_20002401,20002401,1000436,Consumer Electronics,2.5,2,7,7,1,0.0539,0.2,0.0024,7,7e-05,501,0.0146,0.015,NONE,False,False,0.0549,LOW_RISK,1,False,0.055
prod_20003688,20003688,1000255,Tools & Home Improvement,3.33,3,5,5,1,0.0417,0.1667,0.0048,5,5.9e-05,714,0.0141,0.006,CHEM_TOXIC,False,True,0.0591,LOW_RISK,1,False,0.055
prod_20004930,20004930,1000439,Tools & Home Improvement,3.4,10,37,40,3,0.0353,0.1,0.0013,27,0.00023,282,0.013,0.007,NONE,False,False,0.0867,LOW_RISK,1,False,0.0551
prod_20000715,20000715,1000006,Computer & Office,5.0,9,28,30,2,0.0598,0.1111,0.0009,19,0.000227,497,0.1926,0.013,CHEM_TOXIC,True,True,0.2404,MODERATE_RISK,1,False,0.0551
prod_20002877,20002877,1000153,Sports & Entertainment,4.0,1,6,6,1,0.11,0.3333,0.003,6,6.7e-05,501,0.0146,0.015,NONE,False,False,0.0619,LOW_RISK,1,False,0.0551
prod_20001936,20001936,1000089,Computer & Office,3.93,15,43,49,3,0.0245,0.0667,0.0016,32,0.000272,282,0.013,0.007,NONE,False,False,0.0987,LOW_RISK,1,False,0.0551
prod_20002584,20002584,1000417,Consumer Electronics,3.86,7,19,19,1,0.0453,0.125,0.0015,15,0.000135,923,0.0278,0.022,NONE,False,False,0.0694,LOW_RISK,1,False,0.0552
prod_20002928,20002928,1000281,Phones & Telecommunications,3.0,3,11,11,1,0.0736,0.25,0.0024,9,9.3e-05,501,0.0146,0.015,CHEM_TOXIC,False,True,0.0509,LOW_RISK,1,False,0.0554
prod_20000990,20000990,1000027,Phones & Telecommunications,4.2,15,48,52,5,0.0312,0.0667,0.0012,29,0.000322,714,0.0141,0.006,NONE,False,False,0.1035,LOW_RISK,1,False,0.0554
prod_20000047,20000047,1000170,Computer & Office,5.0,11,31,32,2,0.0507,0.1176,0.001,19,0.000234,730,0.1959,0.013,CHEM_TOXIC,True,True,0.2401,MODERATE_RISK,1,False,0.0555
prod_20000771,20000771,1000238,Tools & Home Improvement,4.0,1,3,3,1,0.0195,0.05,0.005,3,4.9e-05,282,0.013,0.007,NONE,False,False,0.0489,LOW_RISK,1,False,0.0555
prod_20004935,20004935,1000393,Tools & Home Improvement,4.0,1,6,6,1,0.0091,0.0189,0.0044,6,6.1e-05,282,0.013,0.007,NONE,False,False,0.0638,LOW_RISK,1,False,0.0555
prod_20000558,20000558,1000395,Computer & Office,4.9,10,28,29,2,0.0538,0.1053,0.0009,19,0.00022,673,0.1911,0.02,NONE,False,False,0.0946,LOW_RISK,1,False,0.0556
prod_20002163,20002163,1000180,Automotive,5.0,1,2,2,1,0.1119,0.2,0.003,2,4.7e-05,282,0.013,0.007,NONE,False,False,0.0378,LOW_RISK,1,False,0.0556
prod_20000081,20000081,1000041,Computer & Office,4.8,10,31,34,2,0.0575,0.1111,0.0009,19,0.000247,730,0.1959,0.013,ELEC_SHOCK,False,True,0.0916,LOW_RISK,1,False,0.0556
prod_20001575,20001575,1000054,Tools & Home Improvement,3.0,2,6,7,2,0.0684,0.2,0.0035,6,6.9e-05,714,0.0141,0.006,NONE,False,False,0.0604,LOW_RISK,1,False,0.0556
prod_20001160,20001160,1000493,Home & Garden,5.0,1,2,2,1,0.0798,0.125,0.003,2,4.6e-05,501,0.0146,0.015,NONE,False,False,0.0431,LOW_RISK,1,False,0.0557
prod_20004843,20004843,1000218,Computer & Office,3.88,16,50,55,3,0.0275,0.0588,0.0013,30,0.000304,282,0.013,0.007,NONE,False,False,0.0922,LOW_RISK,1,False,0.0557
prod_20001040,20001040,1000058,Phones & Telecommunications,3.93,14,49,53,3,0.0264,0.0714,0.0013,32,0.000295,282,0.013,0.007,NONE,False,False,0.105,LOW_RISK,1,False,0.0557
prod_20004385,20004385,1000148,Home & Garden,4.13,15,54,58,2,0.0275,0.0952,0.0012,34,0.000318,282,0.013,0.007,NONE,False,False,0.1081,LOW_RISK,1,False,0.0557
prod_20002369,20002369,1000380,Phones & Telecommunications,3.33,3,10,10,1,0.0282,0.1111,0.0047,10,8e-05,282,0.013,0.007,NONE,False,False,0.0666,LOW_RISK,1,False,0.0557
prod_20000088,20000088,1000185,Consumer Electronics,4.92,12,32,37,2,0.0553,0.1111,0.001,19,0.000265,730,0.1959,0.013,NONE,False,False,0.1206,LOW_RISK,1,False,0.0558
prod_20004030,20004030,1000023,Consumer Electronics,2.67,3,11,12,2,0.0436,0.1667,0.0033,11,9e-05,714,0.0141,0.006,NONE,False,False,0.0595,LOW_RISK,1,False,0.0558
prod_20004449,20004449,1000189,Consumer Electronics,4.31,16,53,61,3,0.0253,0.0625,0.0017,35,0.000337,714,0.0141,0.006,NONE,False,False,0.1019,LOW_RISK,1,False,0.0558
prod_20004945,20004945,1000447,Tools & Home Improvement,5.0,1,5,5,1,0.0122,0.0238,0.0042,5,5.7e-05,714,0.0141,0.006,NONE,False,False,0.0607,LOW_RISK,1,False,0.0559
prod_20000744,20000744,1000188,Home & Garden,5.0,13,32,37,2,0.052,0.1111,0.001,19,0.000267,497,0.1926,0.013,NONE,False,False,0.0887,LOW_RISK,1,False,0.0559
prod_20004779,20004779,1000489,Jewelry & Accessories,5.0,1,3,3,1,0.0085,0.0172,0.0042,3,4.8e-05,714,0.0141,0.006,NONE,False,False,0.059,LOW_RISK,1,False,0.0559
prod_20002911,20002911,1000407,Automotive,3.0,1,8,8,1,0.0181,0.0556,0.0038,8,6.9e-05,714,0.0141,0.006,NONE,False,False,0.0525,LOW_RISK,1,False,0.0559
prod_20000652,20000652,1000050,Jewelry & Accessories,4.88,8,25,27,2,0.063,0.1111,0.001,19,0.000209,497,0.1926,0.013,NONE,False,False,0.0993,LOW_RISK,1,False,0.0559
prod_20002181,20002181,1000361,Automotive,4.0,2,3,3,1,0.1189,0.2,0.001,3,5.3e-05,282,0.013,0.007,NONE,False,False,0.1055,LOW_RISK,1,False,0.056
prod_20003535,20003535,1000188,Automotive,4.0,18,46,50,3,0.0215,0.0526,0.0017,31,0.000289,282,0.013,0.007,NONE,False,False,0.0933,LOW_RISK,1,False,0.056
prod_20003214,20003214,1000148,Phones & Telecommunications,5.0,1,2,2,1,0.0173,0.0213,0.003,2,4.4e-05,501,0.0146,0.015,ELEC_SHOCK,False,True,0.0512,LOW_RISK,1,False,0.0561
prod_20003140,20003140,1000465,Home & Garden,3.11,9,20,21,2,0.0462,0.1111,0.0009,16,0.000154,282,0.013,0.007,NONE,False,False,0.0689,LOW_RISK,1,False,0.0561
prod_20001520,20001520,1000404,Home & Garden,4.11,18,40,48,4,0.0207,0.0526,0.002,32,0.000258,714,0.0141,0.006,NONE,False,False,0.0898,LOW_RISK,1,False,0.0562
prod_20002892,20002892,1000112,Automotive,3.0,1,8,8,1,0.0307,0.1429,0.0041,8,7e-05,282,0.013,0.007,NONE,False,False,0.1007,LOW_RISK,1,False,0.0563
prod_20003969,20003969,1000215,Sports & Entertainment,2.67,3,11,12,2,0.0539,0.1667,0.0023,11,9.3e-05,282,0.013,0.007,NONE,False,False,0.08,LOW_RISK,1,False,0.0564
prod_20000696,20000696,1000279,Computer & Office,4.82,11,32,34,2,0.0514,0.1333,0.001,19,0.000249,497,0.1926,0.013,NONE,False,False,0.0736,LOW_RISK,1,False,0.0564
prod_20000663,20000663,1000048,Consumer Electronics,5.0,8,28,30,2,0.0601,0.1176,0.001,19,0.000222,497,0.1926,0.013,NONE,False,False,0.0743,LOW_RISK,1,False,0.0565
prod_20000526,20000526,1000003,Sports & Entertainment,4.89,9,32,33,2,0.0577,0.1053,0.0009,19,0.000247,673,0.1911,0.02,NONE,False,False,0.0858,LOW_RISK,1,False,0.0565
prod_20002833,20002833,1000245,Sports & Entertainment,4.0,1,2,2,1,0.1181,0.125,0.003,2,4.8e-05,282,0.013,0.007,NONE,False,False,0.0505,LOW_RISK,1,False,0.0565
prod_20002055,20002055,1000354,Consumer Electronics,5.0,1,2,2,1,0.0789,0.1429,0.003,2,4.6e-05,501,0.0146,0.015,NONE,False,False,0.0401,LOW_RISK,1,False,0.0565
prod_20000608,20000608,1000015,Home & Garden,4.89,9,31,34,2,0.0596,0.125,0.0009,19,0.00025,497,0.1926,0.013,NONE,False,False,0.0925,LOW_RISK,1,False,0.0566
prod_20002671,20002671,1000176,Sports & Entertainment,3.14,7,24,26,2,0.0386,0.1429,0.0016,21,0.000158,501,0.0146,0.015,UNCERTIFIED_MED,True,True,0.2351,MODERATE_RISK,1,False,0.0566
prod_20002955,20002955,1000416,Jewelry & Accessories,4.11,18,49,56,3,0.0212,0.0556,0.0018,33,0.000298,714,0.0141,0.006,NONE,False,False,0.1213,LOW_RISK,1,False,0.0566
prod_20001381,20001381,1000344,Tools & Home Improvement,4.17,24,54,60,3,0.0204,0.0417,0.0014,31,0.00034,714,0.0141,0.006,NONE,False,False,0.0933,LOW_RISK,1,False,0.0567
prod_20000065,20000065,1000304,Sports & Entertainment,4.92,12,30,35,2,0.0566,0.125,0.0009,19,0.000254,730,0.1959,0.013,NONE,False,False,0.0814,LOW_RISK,1,False,0.0568
prod_20001291,20001291,1000426,Sports & Entertainment,4.0,1,2,2,1,0.1033,0.2,0.003,2,4.7e-05,282,0.013,0.007,NONE,False,False,0.05,LOW_RISK,1,False,0.0568
prod_20003136,20003136,1000308,Computer & Office,5.0,3,6,6,1,0.0657,0.3333,0.0026,5,0.000102,501,0.0146,0.015,NONE,False,False,0.047,LOW_RISK,1,False,0.0569
prod_20002637,20002637,1000492,Phones & Telecommunications,4.67,3,11,11,1,0.0633,0.2,0.002,11,8.9e-05,923,0.0278,0.022,NONE,False,False,0.0673,LOW_RISK,1,False,0.0569
prod_20004168,20004168,1000162,Consumer Electronics,4.0,2,3,3,1,0.1057,0.25,0.0037,3,5.4e-05,501,0.0146,0.015,NONE,False,False,0.0571,LOW_RISK,1,False,0.0569
prod_20001367,20001367,1000484,Phones & Telecommunications,3.94,16,50,55,3,0.0247,0.0625,0.0015,33,0.000302,714,0.0141,0.006,NONE,False,False,0.1021,LOW_RISK,1,False,0.057
prod_20000712,20000712,1000059,Jewelry & Accessories,5.0,11,31,34,2,0.055,0.0952,0.001,19,0.000251,497,0.1926,0.013,NONE,False,False,0.0811,LOW_RISK,1,False,0.057
prod_20002000,20002000,1000399,Phones & Telecommunications,4.0,2,11,11,1,0.0549,0.3333,0.0039,10,8.8e-05,714,0.0141,0.006,NONE,False,False,0.0597,LOW_RISK,1,False,0.057
prod_20000747,20000747,1000188,Jewelry & Accessories,5.0,10,30,33,2,0.0538,0.1,0.001,19,0.000241,497,0.1926,0.013,NONE,False,False,0.0768,LOW_RISK,1,False,0.057
prod_20004011,20004011,1000297,Automotive,5.0,1,4,4,1,0.0894,0.3333,0.0037,4,5.4e-05,714,0.0141,0.006,NONE,False,False,0.0449,LOW_RISK,1,False,0.057
prod_20000704,20000704,1000327,Computer & Office,4.92,13,31,34,2,0.0503,0.0909,0.0009,19,0.000254,497,0.1926,0.013,NONE,False,False,0.0879,LOW_RISK,1,False,0.057
prod_20003141,20003141,1000084,Sports & Entertainment,3.93,14,47,53,4,0.0273,0.0714,0.0014,32,0.000285,714,0.0141,0.006,UNCERTIFIED_MED,False,True,0.1423,LOW_RISK,1,False,0.0571
prod_20003963,20003963,1000474,Jewelry & Accessories,4.64,14,51,55,2,0.0308,0.0952,0.0012,31,0.000305,714,0.0141,0.006,NONE,False,False,0.11,LOW_RISK,1,False,0.0571
prod_20001826,20001826,1000343,Phones & Telecommunications,3.5,2,2,2,1,0.0566,0.1,0.003,2,4.5e-05,501,0.0146,0.015,NONE,False,False,0.0583,LOW_RISK,1,False,0.0572
prod_20000115,20000115,1000212,Consumer Electronics,4.91,11,29,30,2,0.0512,0.0952,0.0009,19,0.000226,730,0.1959,0.013,NONE,False,False,0.0924,LOW_RISK,1,False,0.0572
prod_20002286,20002286,1000427,Tools & Home Improvement,4.33,3,16,16,1,0.0848,0.3333,0.0015,13,0.000121,282,0.013,0.007,NONE,False,False,0.063,LOW_RISK,1,False,0.0572
prod_20003423,20003423,1000172,Sports & Entertainment,5.0,1,4,4,1,0.0196,0.0435,0.005,4,5.3e-05,714,0.0141,0.006,NONE,False,False,0.0522,LOW_RISK,1,False,0.0573
prod_20000605,20000605,1000350,Jewelry & Accessories,4.83,12,27,30,2,0.0516,0.1,0.001,19,0.000224,497,0.1926,0.013,NONE,False,False,0.0706,LOW_RISK,1,False,0.0573
prod_20001294,20001294,1000322,Consumer Electronics,3.2,5,12,14,3,0.0604,0.1429,0.0019,11,0.000105,714,0.0141,0.006,NONE,False,False,0.0682,LOW_RISK,1,False,0.0573
prod_20002316,20002316,1000393,Jewelry & Accessories,4.0,3,7,7,1,0.0944,0.3333,0.0013,6,9.2e-05,282,0.013,0.007,NONE,False,False,0.064,LOW_RISK,1,False,0.0573
prod_20003107,20003107,1000419,Jewelry & Accessories,5.0,1,3,3,1,0.0714,0.2,0.0044,3,5e-05,282,0.013,0.007,NONE,False,False,0.0552,LOW_RISK,1,False,0.0574
prod_20001264,20001264,1000071,Jewelry & Accessories,4.56,9,22,24,2,0.026,0.0909,0.0015,21,0.000143,923,0.0278,0.022,NONE,False,False,0.0784,LOW_RISK,1,False,0.0574
prod_20003526,20003526,1000039,Tools & Home Improvement,3.0,2,3,3,1,0.0888,0.2,0.002,3,5.2e-05,714,0.0141,0.006,NONE,False,False,0.0607,LOW_RISK,1,False,0.0574
prod_20004189,20004189,1000193,Consumer Electronics,4.5,2,2,2,1,0.036,0.0435,0.0,2,4.5e-05,501,0.0146,0.015,NONE,False,False,0.108,LOW_RISK,1,False,0.0575
prod_20004853,20004853,1000167,Tools & Home Improvement,5.0,1,5,5,1,0.1056,0.3333,0.0036,5,6.2e-05,714,0.0141,0.006,NONE,False,False,0.0508,LOW_RISK,1,False,0.0575
prod_20001383,20001383,1000160,Tools & Home Improvement,4.33,3,11,11,1,0.0832,0.3333,0.0013,10,9.4e-05,501,0.0146,0.015,NONE,False,False,0.0554,LOW_RISK,1,False,0.0575
prod_20001773,20001773,1000413,Computer & Office,2.5,2,7,7,1,0.0867,0.2,0.0019,7,7.5e-05,714,0.0141,0.006,NONE,False,False,0.0676,LOW_RISK,1,False,0.0575
prod_20002156,20002156,1000296,Tools & Home Improvement,4.0,1,2,2,1,0.1084,0.1667,0.003,2,4.6e-05,714,0.0141,0.006,NONE,False,False,0.032,LOW_RISK,1,False,0.0576
prod_20004890,20004890,1000214,Computer & Office,3.5,4,13,14,2,0.0471,0.25,0.0027,11,0.000104,501,0.0146,0.015,NONE,False,False,0.0631,LOW_RISK,1,False,0.0576
prod_20003489,20003489,1000371,Sports & Entertainment,3.67,3,11,12,2,0.058,0.3333,0.0021,10,9.6e-05,714,0.0141,0.006,CHOKE_CHILD,True,True,0.305,MODERATE_RISK,1,False,0.0576
prod_20002320,20002320,1000050,Consumer Electronics,4.0,4,11,13,2,0.0813,0.25,0.0033,8,0.000118,282,0.013,0.007,NONE,False,False,0.0923,LOW_RISK,1,False,0.0576
prod_20001184,20001184,1000468,Phones & Telecommunications,4.33,3,4,4,1,0.0294,0.0909,0.0026,4,5.4e-05,923,0.0278,0.022,NONE,False,False,0.0496,LOW_RISK,1,False,0.0576
prod_20000683,20000683,1000493,Sports & Entertainment,4.91,11,26,28,2,0.0522,0.0952,0.001,19,0.000211,497,0.1926,0.013,NONE,False,False,0.0763,LOW_RISK,1,False,0.0576
prod_20003711,20003711,1000412,Phones & Telecommunications,2.0,1,4,4,1,0.045,0.1,0.003,4,5.3e-05,714,0.0141,0.006,NONE,False,False,0.0387,LOW_RISK,1,False,0.0577
prod_20004296,20004296,1000049,Home & Garden,4.25,4,13,13,1,0.0455,0.2,0.0021,12,0.0001,923,0.0278,0.022,NONE,False,False,0.064,LOW_RISK,1,False,0.0578
prod_20002128,20002128,1000187,Computer & Office,3.75,12,38,44,4,0.0253,0.0833,0.0021,30,0.000263,714,0.0141,0.006,NONE,False,False,0.0898,LOW_RISK,1,False,0.0578
prod_20000611,20000611,1000399,Jewelry & Accessories,4.89,9,32,35,2,0.0582,0.1333,0.001,19,0.000254,497,0.1926,0.013,NONE,False,False,0.0799,LOW_RISK,1,False,0.0578
prod_20001314,20001314,1000276,Consumer Electronics,5.0,3,6,6,1,0.0974,0.3333,0.0028,5,7.9e-05,282,0.013,0.007,NONE,False,False,0.0482,LOW_RISK,1,False,0.0578
prod_20001850,20001850,1000200,Computer & Office,4.0,1,2,2,1,0.1071,0.1667,0.003,2,4.7e-05,282,0.013,0.007,NONE,False,False,0.0302,LOW_RISK,1,False,0.0578
prod_20003722,20003722,1000481,Tools & Home Improvement,4.45,20,47,54,4,0.0222,0.05,0.0016,32,0.0003,714,0.0141,0.006,NONE,False,False,0.096,LOW_RISK,1,False,0.0578
prod_20001252,20001252,1000453,Phones & Telecommunications,4.38,16,47,54,4,0.0247,0.08,0.0018,31,0.00029,714,0.0141,0.006,NONE,False,False,0.0992,LOW_RISK,1,False,0.0579
prod_20001015,20001015,1000033,Consumer Electronics,5.0,1,4,4,1,0.0939,0.3333,0.0036,4,5.5e-05,282,0.013,0.007,CHEM_TOXIC,False,True,0.201,MODERATE_RISK,1,False,0.0579
prod_20001055,20001055,1000447,Consumer Electronics,5.0,1,2,2,1,0.1033,0.1667,0.003,2,4.7e-05,282,0.013,0.007,NONE,False,False,0.0573,LOW_RISK,1,False,0.0579
prod_20000028,20000028,1000391,Automotive,4.9,10,32,35,2,0.0553,0.125,0.001,19,0.00025,730,0.1959,0.013,NONE,False,False,0.0961,LOW_RISK,1,False,0.058
prod_20004627,20004627,1000357,Computer & Office,4.17,18,52,60,2,0.0234,0.0556,0.0015,35,0.000326,714,0.0141,0.006,NONE,False,False,0.1039,LOW_RISK,1,False,0.0581
prod_20002099,20002099,1000219,Home & Garden,4.53,15,49,56,4,0.0271,0.0625,0.0014,30,0.000305,282,0.013,0.007,NONE,False,False,0.1043,LOW_RISK,1,False,0.0581
prod_20000703,20000703,1000359,Sports & Entertainment,5.0,12,30,35,2,0.0541,0.1176,0.001,19,0.000252,497,0.1926,0.013,NONE,False,False,0.0757,LOW_RISK,1,False,0.0581
prod_20002575,20002575,1000009,Consumer Electronics,2.67,3,7,7,1,0.0196,0.0625,0.0035,7,6.6e-05,282,0.013,0.007,ELEC_SHOCK,True,True,0.2411,MODERATE_RISK,1,False,0.0581
prod_20002942,20002942,1000019,Home & Garden,4.4,5,17,17,1,0.0478,0.1667,0.002,14,0.000124,923,0.0278,0.022,NONE,False,False,0.1223,LOW_RISK,1,False,0.0581
prod_20003173,20003173,1000219,Tools & Home Improvement,5.0,1,5,5,1,0.031,0.1111,0.0043,5,5.8e-05,501,0.0146,0.015,NONE,False,False,0.0475,LOW_RISK,1,False,0.0582
prod_20000694,20000694,1000478,Tools & Home Improvement,4.91,11,27,30,2,0.0564,0.1333,0.0009,19,0.00023,497,0.1926,0.013,NONE,False,False,0.1048,LOW_RISK,1,False,0.0582
prod_20002162,20002162,1000394,Consumer Electronics,3.92,13,40,46,4,0.0291,0.0769,0.0017,29,0.000267,282,0.013,0.007,NONE,False,False,0.1614,MODERATE_RISK,1,False,0.0582
prod_20000127,20000127,1000280,Sports & Entertainment,5.0,8,28,29,2,0.0569,0.1111,0.001,19,0.000214,730,0.1959,0.013,CHEM_TOXIC,False,True,0.1683,MODERATE_RISK,1,False,0.0583
prod_20001284,20001284,1000263,Automotive,4.0,1,2,2,1,0.0239,0.0312,0.003,2,4.4e-05,501,0.0146,0.015,NONE,False,False,0.0528,LOW_RISK,1,False,0.0583
prod_20000701,20000701,1000259,Automotive,4.92,12,30,35,2,0.0561,0.1053,0.001,19,0.000258,497,0.1926,0.013,NONE,False,False,0.0836,LOW_RISK,1,False,0.0583
prod_20001135,20001135,1000332,Computer & Office,4.25,4,10,11,2,0.0141,0.0625,0.0043,10,8.2e-05,714,0.0141,0.006,NONE,False,False,0.0695,LOW_RISK,1,False,0.0584
prod_20004394,20004394,1000096,Home & Garden,3.43,7,21,21,1,0.0449,0.1429,0.0008,18,0.000148,501,0.0146,0.015,NONE,False,False,0.0835,LOW_RISK,1,False,0.0584
prod_20003314,20003314,1000356,Home & Garden,4.0,3,12,13,2,0.0524,0.1667,0.0036,12,9.6e-05,501,0.0146,0.015,CHOKE_CHILD,True,True,0.2493,MODERATE_RISK,1,False,0.0585
prod_20002479,20002479,1000196,Sports & Entertainment,3.0,1,5,5,1,0.018,0.0476,0.0039,5,5.7e-05,714,0.0141,0.006,CHEM_TOXIC,False,True,0.0515,LOW_RISK,1,False,0.0585
prod_20001859,20001859,1000407,Phones & Telecommunications,4.6,5,14,15,2,0.0182,0.0476,0.0037,14,0.0001,714,0.0141,0.006,NONE,False,False,0.0628,LOW_RISK,1,False,0.0585
prod_20000988,20000988,1000133,Automotive,4.0,2,5,5,1,0.064,0.2,0.0049,5,5.9e-05,714,0.0141,0.006,NONE,False,False,0.0653,LOW_RISK,1,False,0.0585
prod_20002586,20002586,1000107,Jewelry & Accessories,3.44,9,35,39,3,0.0296,0.1,0.0018,28,0.000212,282,0.013,0.007,NONE,False,False,0.1221,LOW_RISK,1,False,0.0586
prod_20002846,20002846,1000052,Consumer Electronics,4.0,8,20,21,2,0.042,0.1111,0.0017,15,0.000145,923,0.0278,0.022,NONE,False,False,0.0746,LOW_RISK,1,False,0.0587
prod_20003550,20003550,1000273,Jewelry & Accessories,4.42,12,34,41,5,0.0263,0.0769,0.002,27,0.000228,282,0.013,0.007,NONE,False,False,0.0895,LOW_RISK,1,False,0.0588
prod_20004887,20004887,1000031,Home & Garden,4.0,1,3,3,1,0.1481,0.25,0.003,3,5.3e-05,714,0.0141,0.006,NONE,False,False,0.0387,LOW_RISK,1,False,0.0589
prod_20004307,20004307,1000031,Tools & Home Improvement,2.5,2,4,4,1,0.0706,0.1667,0.0024,4,5.5e-05,282,0.013,0.007,NONE,False,False,0.044,LOW_RISK,1,False,0.0589
prod_20001416,20001416,1000369,Automotive,4.86,7,27,31,3,0.0277,0.1429,0.0028,24,0.000176,714,0.0141,0.006,NONE,False,False,0.0769,LOW_RISK,1,False,0.0589
prod_20000679,20000679,1000315,Jewelry & Accessories,5.0,10,28,30,2,0.0543,0.1111,0.001,19,0.000225,497,0.1926,0.013,NONE,False,False,0.0863,LOW_RISK,1,False,0.059
prod_20004381,20004381,1000222,Automotive,4.12,16,52,60,4,0.0264,0.0714,0.0015,32,0.000329,714,0.0141,0.006,NONE,False,False,0.1319,LOW_RISK,1,False,0.059
prod_20004561,20004561,1000082,Tools & Home Improvement,4.2,15,34,38,2,0.0225,0.0625,0.0019,29,0.000213,501,0.0146,0.015,NONE,False,False,0.0905,LOW_RISK,1,False,0.059
prod_20002076,20002076,1000227,Tools & Home Improvement,4.4,5,13,15,2,0.0257,0.0909,0.0046,13,0.0001,714,0.0141,0.006,NONE,False,False,0.0738,LOW_RISK,1,False,0.0591
prod_20004760,20004760,1000153,Automotive,3.0,5,21,22,2,0.0373,0.1667,0.0025,19,0.000137,282,0.013,0.007,NONE,False,False,0.0787,LOW_RISK,1,False,0.0591
prod_20003491,20003491,1000253,Computer & Office,4.0,7,16,21,3,0.0245,0.125,0.0037,15,0.000129,714,0.0141,0.006,NONE,False,False,0.0692,LOW_RISK,1,False,0.0591
prod_20002660,20002660,1000173,Tools & Home Improvement,5.0,6,16,19,3,0.0294,0.1111,0.0033,15,0.00012,282,0.013,0.007,NONE,False,False,0.0554,LOW_RISK,1,False,0.0591
prod_20004261,20004261,1000218,Jewelry & Accessories,4.67,3,9,10,2,0.0208,0.0909,0.0047,9,7.8e-05,714,0.0141,0.006,NONE,False,False,0.0526,LOW_RISK,1,False,0.0592
prod_20004665,20004665,1000046,Tools & Home Improvement,3.5,4,16,18,2,0.0476,0.25,0.0036,13,0.000127,714,0.0141,0.006,NONE,False,False,0.0611,LOW_RISK,1,False,0.0592
prod_20001542,20001542,1000271,Computer & Office,5.0,2,11,11,1,0.089,0.3333,0.0026,11,8.9e-05,282,0.013,0.007,NONE,False,False,0.0538,LOW_RISK,1,False,0.0593
prod_20004027,20004027,1000357,Tools & Home Improvement,3.0,1,3,3,1,0.092,0.1667,0.003,3,5e-05,282,0.013,0.007,NONE,False,False,0.053,LOW_RISK,1,False,0.0593
prod_20001649,20001649,1000087,Consumer Electronics,4.4,15,49,51,2,0.0298,0.0667,0.0008,30,0.000295,714,0.0141,0.006,NONE,False,False,0.1069,LOW_RISK,1,False,0.0593
prod_20000773,20000773,1000231,Automotive,5.0,1,2,2,1,0.1026,0.1667,0.003,2,4.7e-05,282,0.013,0.007,NONE,False,False,0.0501,LOW_RISK,1,False,0.0593
prod_20001478,20001478,1000191,Home & Garden,4.43,14,37,40,3,0.0175,0.0588,0.0022,32,0.000212,714,0.0141,0.006,NONE,False,False,0.096,LOW_RISK,1,False,0.0594
prod_20000622,20000622,1000107,Tools & Home Improvement,4.91,11,32,34,2,0.0509,0.1053,0.001,19,0.000248,497,0.1926,0.013,NONE,False,False,0.1176,LOW_RISK,1,False,0.0594
prod_20000850,20000850,1000163,Computer & Office,4.5,2,7,7,1,0.0746,0.25,0.0048,7,6.9e-05,714,0.0141,0.006,NONE,False,False,0.0531,LOW_RISK,1,False,0.0594
prod_20004917,20004917,1000115,Automotive,4.0,4,11,12,2,0.0212,0.125,0.0045,11,8.8e-05,714,0.0141,0.006,NONE,False,False,0.062,LOW_RISK,1,False,0.0594
prod_20001253,20001253,1000038,Consumer Electronics,4.4,15,51,56,4,0.0265,0.0667,0.0013,32,0.000313,282,0.013,0.007,NONE,False,False,0.1102,LOW_RISK,1,False,0.0595
prod_20004675,20004675,1000407,Computer & Office,4.8,5,17,17,1,0.0463,0.1429,0.0018,14,0.000118,923,0.0278,0.022,NONE,False,False,0.0624,LOW_RISK,1,False,0.0595
prod_20001254,20001254,1000323,Consumer Electronics,3.0,3,3,3,1,0.0685,0.1429,0.001,3,5.2e-05,282,0.013,0.007,NONE,False,False,0.0567,LOW_RISK,1,False,0.0595
prod_20001488,20001488,1000326,Jewelry & Accessories,4.33,3,2,2,1,0.1033,0.1667,0.003,2,4.8e-05,714,0.0141,0.006,NONE,False,False,0.0438,LOW_RISK,1,False,0.0595
prod_20001801,20001801,1000310,Sports & Entertainment,5.0,1,5,5,1,0.026,0.0625,0.0049,5,5.7e-05,714,0.0141,0.006,NONE,False,False,0.0613,LOW_RISK,1,False,0.0596
prod_20002764,20002764,1000324,Home & Garden,4.22,18,50,56,4,0.0239,0.0556,0.0012,32,0.000297,282,0.013,0.007,NONE,False,False,0.1073,LOW_RISK,1,False,0.0597
prod_20003778,20003778,1000140,Jewelry & Accessories,3.43,7,24,24,1,0.0422,0.1429,0.0008,21,0.000163,282,0.013,0.007,NONE,False,False,0.0685,LOW_RISK,1,False,0.0597
prod_20000604,20000604,1000258,Jewelry & Accessories,4.8,10,29,32,2,0.0564,0.1176,0.001,19,0.000238,497,0.1926,0.013,CHEM_TOXIC,True,True,0.2363,MODERATE_RISK,1,False,0.0598
prod_20004188,20004188,1000366,Tools & Home Improvement,3.45,11,38,40,2,0.0297,0.0909,0.0015,28,0.000233,282,0.013,0.007,NONE,False,False,0.0941,LOW_RISK,1,False,0.0599
prod_20001230,20001230,1000343,Phones & Telecommunications,4.67,3,13,13,1,0.0468,0.1429,0.0021,13,9.6e-05,923,0.0278,0.022,NONE,False,False,0.0708,LOW_RISK,1,False,0.0599
prod_20003862,20003862,1000262,Home & Garden,5.0,1,2,2,1,0.0729,0.1429,0.003,2,4.6e-05,501,0.0146,0.015,NONE,False,False,0.0461,LOW_RISK,1,False,0.0599
prod_20004245,20004245,1000021,Home & Garden,4.0,1,2,2,1,0.0197,0.0208,0.0038,2,4.4e-05,282,0.013,0.007,NONE,False,False,0.0424,LOW_RISK,1,False,0.06
prod_20001278,20001278,1000128,Sports & Entertainment,4.0,3,10,11,2,0.073,0.3333,0.0023,9,9.9e-05,714,0.0141,0.006,UNCERTIFIED_MED,False,True,0.1051,LOW_RISK,1,False,0.06
prod_20002888,20002888,1000148,Jewelry & Accessories,3.92,12,41,43,2,0.0333,0.0769,0.001,28,0.000244,282,0.013,0.007,CHOKE_CHILD,False,True,0.1035,LOW_RISK,1,False,0.06
prod_20003548,20003548,1000410,Home & Garden,4.12,16,50,58,4,0.0268,0.0625,0.0014,31,0.000334,714,0.0141,0.006,CHEM_TOXIC,False,True,0.1214,LOW_RISK,1,False,0.06
prod_20000728,20000728,1000457,Phones & Telecommunications,4.92,12,29,33,2,0.0535,0.1111,0.001,19,0.000244,497,0.1926,0.013,NONE,False,False,0.0864,LOW_RISK,1,False,0.06
prod_20002939,20002939,1000150,Phones & Telecommunications,4.44,16,48,53,2,0.0262,0.0625,0.001,32,0.000303,714,0.0141,0.006,NONE,False,False,0.1123,LOW_RISK,1,False,0.0601
prod_20001831,20001831,1000163,Automotive,5.0,4,8,9,2,0.0704,0.2,0.0026,6,8.9e-05,501,0.0146,0.015,NONE,False,False,0.0549,LOW_RISK,1,False,0.0601
prod_20001453,20001453,1000391,Phones & Telecommunications,3.5,2,7,7,1,0.0939,0.3333,0.0031,7,7.1e-05,714,0.0141,0.006,NONE,False,False,0.0544,LOW_RISK,1,False,0.0602
prod_20004199,20004199,1000124,Tools & Home Improvement,3.0,1,3,3,1,0.0228,0.0588,0.0037,3,4.9e-05,714,0.0141,0.006,CHEM_TOXIC,False,True,0.0888,LOW_RISK,1,False,0.0602
prod_20001360,20001360,1000424,Tools & Home Improvement,4.27,15,37,42,5,0.0241,0.0588,0.0016,28,0.000247,282,0.013,0.007,NONE,False,False,0.0965,LOW_RISK,1,False,0.0602
prod_20004651,20004651,1000387,Jewelry & Accessories,3.0,1,4,4,1,0.022,0.04,0.0037,4,5.3e-05,714,0.0141,0.006,NONE,False,False,0.0488,LOW_RISK,1,False,0.0603
prod_20004001,20004001,1000072,Home & Garden,4.12,16,53,55,2,0.0302,0.0588,0.001,29,0.000313,714,0.0141,0.006,CHEM_TOXIC,True,True,0.2903,MODERATE_RISK,1,False,0.0604
prod_20001583,20001583,1000165,Home & Garden,5.0,1,4,4,1,0.0347,0.1,0.005,4,5.3e-05,282,0.013,0.007,NONE,False,False,0.0434,LOW_RISK,1,False,0.0605
prod_20004876,20004876,1000492,Phones & Telecommunications,4.0,3,10,10,1,0.0131,0.037,0.0043,10,7.8e-05,714,0.0141,0.006,NONE,False,False,0.0655,LOW_RISK,1,False,0.0605
prod_20003630,20003630,1000392,Automotive,4.7,10,32,37,5,0.0266,0.0714,0.0021,26,0.000205,714,0.0141,0.006,NONE,False,False,0.0872,LOW_RISK,1,False,0.0605
prod_20004693,20004693,1000086,Tools & Home Improvement,5.0,1,2,2,1,0.0135,0.0156,0.003,2,4.4e-05,282,0.013,0.007,NONE,False,False,0.0466,LOW_RISK,1,False,0.0606
prod_20003833,20003833,1000087,Phones & Telecommunications,2.5,4,13,13,1,0.0631,0.2,0.0017,11,0.000107,714,0.0141,0.006,NONE,False,False,0.0758,LOW_RISK,1,False,0.0606
prod_20004716,20004716,1000006,Automotive,4.33,3,13,13,1,0.0696,0.3333,0.0031,11,0.0001,282,0.013,0.007,NONE,False,False,0.0882,LOW_RISK,1,False,0.0606
prod_20001588,20001588,1000371,Consumer Electronics,4.12,17,53,57,2,0.0251,0.0588,0.0011,34,0.000322,714,0.0141,0.006,UNCERTIFIED_MED,True,True,0.322,MODERATE_RISK,1,False,0.0606
prod_20003033,20003033,1000183,Computer & Office,4.5,2,7,7,1,0.1333,0.25,0.0013,7,8e-05,282,0.013,0.007,NONE,False,False,0.0507,LOW_RISK,1,False,0.0607
prod_20001940,20001940,1000043,Computer & Office,4.0,2,3,3,1,0.0939,0.25,0.0041,3,5.3e-05,282,0.013,0.007,NONE,False,False,0.0508,LOW_RISK,1,False,0.0607
prod_20004584,20004584,1000228,Tools & Home Improvement,4.83,6,21,24,4,0.0277,0.0769,0.0024,20,0.000141,282,0.013,0.007,NONE,False,False,0.0798,LOW_RISK,1,False,0.0608
prod_20002485,20002485,1000129,Sports & Entertainment,4.0,2,12,12,1,0.0888,0.3333,0.0025,10,9.5e-05,714,0.0141,0.006,NONE,False,False,0.0554,LOW_RISK,1,False,0.0608
prod_20002809,20002809,1000256,Jewelry & Accessories,4.0,1,2,2,1,0.1003,0.2,0.003,2,4.8e-05,714,0.0141,0.006,NONE,False,False,0.0496,LOW_RISK,1,False,0.0608
prod_20004065,20004065,1000307,Tools & Home Improvement,4.0,17,47,53,3,0.0244,0.0588,0.0018,29,0.000309,714,0.0141,0.006,NONE,False,False,0.0983,LOW_RISK,1,False,0.0609
prod_20004396,20004396,1000048,Consumer Electronics,4.5,2,10,10,1,0.0922,0.3333,0.0029,8,9.4e-05,282,0.013,0.007,NONE,False,False,0.0564,LOW_RISK,1,False,0.061
prod_20003512,20003512,1000157,Tools & Home Improvement,4.47,15,45,51,2,0.0247,0.1111,0.002,30,0.000273,714,0.0141,0.006,NONE,False,False,0.0955,LOW_RISK,1,False,0.061
prod_20002152,20002152,1000377,Consumer Electronics,4.5,2,4,4,1,0.0384,0.125,0.0025,4,5.4e-05,923,0.0278,0.022,UNCERTIFIED_MED,False,True,0.155,MODERATE_RISK,1,False,0.0611
prod_20001799,20001799,1000430,Consumer Electronics,5.0,2,6,6,1,0.0359,0.0667,0.0017,6,6.2e-05,923,0.0278,0.022,NONE,False,False,0.0536,LOW_RISK,1,False,0.0612
prod_20003486,20003486,1000112,Tools & Home Improvement,3.85,13,44,45,2,0.0263,0.0714,0.0012,32,0.000256,282,0.013,0.007,NONE,False,False,0.1207,LOW_RISK,1,False,0.0612
prod_20003604,20003604,1000137,Phones & Telecommunications,2.5,2,8,8,1,0.0769,0.2,0.0021,8,7.7e-05,714,0.0141,0.006,NONE,False,False,0.0782,LOW_RISK,1,False,0.0612
prod_20004219,20004219,1000051,Computer & Office,3.25,8,23,25,2,0.0422,0.125,0.0015,19,0.000168,501,0.0146,0.015,NONE,False,False,0.0815,LOW_RISK,1,False,0.0612
prod_20001952,20001952,1000445,Sports & Entertainment,3.69,13,45,50,3,0.0283,0.0769,0.0016,29,0.000276,282,0.013,0.007,NONE,False,False,0.1313,LOW_RISK,1,False,0.0613
prod_20003230,20003230,1000382,Consumer Electronics,4.67,3,11,12,2,0.0608,0.25,0.0037,10,9.2e-05,714,0.0141,0.006,NONE,False,False,0.0618,LOW_RISK,1,False,0.0615
prod_20003003,20003003,1000127,Computer & Office,2.5,2,5,5,1,0.0652,0.1,0.0018,5,6.2e-05,282,0.013,0.007,NONE,False,False,0.0961,LOW_RISK,1,False,0.0615
prod_20001889,20001889,1000360,Tools & Home Improvement,5.0,1,2,2,1,0.0487,0.0909,0.0038,2,4.5e-05,282,0.013,0.007,NONE,False,False,0.0579,LOW_RISK,1,False,0.0616
prod_20001504,20001504,1000098,Automotive,4.0,1,2,2,1,0.0143,0.0256,0.003,2,4.4e-05,282,0.013,0.007,NONE,False,False,0.0498,LOW_RISK,1,False,0.0616
prod_20004720,20004720,1000436,Tools & Home Improvement,3.5,2,13,13,1,0.0618,0.3333,0.0024,12,9.7e-05,282,0.013,0.007,NONE,False,False,0.0617,LOW_RISK,1,False,0.0616
prod_20004833,20004833,1000472,Jewelry & Accessories,3.43,14,37,39,2,0.0266,0.0667,0.0016,28,0.000224,714,0.0141,0.006,NONE,False,False,0.0854,LOW_RISK,1,False,0.0617
prod_20000926,20000926,1000439,Phones & Telecommunications,5.0,2,8,8,1,0.0779,0.3333,0.0026,7,7.8e-05,501,0.0146,0.015,NONE,False,False,0.0597,LOW_RISK,1,False,0.0617
prod_20001216,20001216,1000151,Computer & Office,5.0,2,10,10,1,0.0936,0.3333,0.0021,9,8.8e-05,282,0.013,0.007,NONE,False,False,0.0587,LOW_RISK,1,False,0.0619
prod_20004639,20004639,1000192,Computer & Office,2.33,3,11,11,1,0.0512,0.2,0.0015,11,8.8e-05,282,0.013,0.007,NONE,False,False,0.0672,LOW_RISK,1,False,0.0619
prod_20003376,20003376,1000181,Phones & Telecommunications,4.0,12,40,43,2,0.0313,0.0833,0.0015,27,0.000259,501,0.0146,0.015,NONE,False,False,0.0836,LOW_RISK,1,False,0.062
prod_20001092,20001092,1000418,Home & Garden,4.05,22,42,48,3,0.021,0.0435,0.0017,28,0.000263,282,0.013,0.007,NONE,False,False,0.1171,LOW_RISK,1,False,0.062
prod_20004973,20004973,1000099,Home & Garden,4.31,16,50,58,4,0.0275,0.0645,0.0012,31,0.000311,714,0.0141,0.006,NONE,False,False,0.102,LOW_RISK,1,False,0.062
prod_20004364,20004364,1000210,Automotive,5.0,3,12,12,1,0.084,0.25,0.0025,11,0.000101,501,0.0146,0.015,NONE,False,False,0.0776,LOW_RISK,1,False,0.0621
prod_20004374,20004374,1000065,Consumer Electronics,3.4,5,14,15,2,0.056,0.1667,0.0027,11,0.000121,501,0.0146,0.015,NONE,False,False,0.0613,LOW_RISK,1,False,0.0622
prod_20004121,20004121,1000379,Home & Garden,3.67,3,11,12,2,0.0896,0.25,0.0019,8,0.000106,714,0.0141,0.006,NONE,False,False,0.0494,LOW_RISK,1,False,0.0622
prod_20002595,20002595,1000150,Sports & Entertainment,2.67,3,9,10,2,0.0379,0.1667,0.0025,9,8.1e-05,714,0.0141,0.006,NONE,False,False,0.0656,LOW_RISK,1,False,0.0623
prod_20004359,20004359,1000442,Jewelry & Accessories,3.67,3,13,13,1,0.0625,0.3333,0.0019,12,0.000102,282,0.013,0.007,NONE,False,False,0.0504,LOW_RISK,1,False,0.0623
prod_20001507,20001507,1000394,Jewelry & Accessories,3.91,11,35,35,1,0.0205,0.0625,0.0017,29,0.00019,282,0.013,0.007,UNCERTIFIED_MED,False,True,0.1476,LOW_RISK,1,False,0.0623
prod_20004570,20004570,1000171,Tools & Home Improvement,3.0,3,4,4,1,0.0222,0.0667,0.0037,4,5.3e-05,282,0.013,0.007,NONE,False,False,0.0381,LOW_RISK,1,False,0.0624
prod_20003794,20003794,1000129,Sports & Entertainment,4.0,2,8,8,1,0.1033,0.3333,0.0024,7,7.8e-05,282,0.013,0.007,NONE,False,False,0.0486,LOW_RISK,1,False,0.0624
prod_20004516,20004516,1000055,Sports & Entertainment,4.35,17,50,55,3,0.0256,0.0556,0.0012,32,0.000295,282,0.013,0.007,CHOKE_CHILD,True,True,0.2594,MODERATE_RISK,1,False,0.0624
prod_20003505,20003505,1000390,Consumer Electronics,3.82,11,41,44,2,0.0264,0.0909,0.0018,32,0.000246,714,0.0141,0.006,NONE,False,False,0.1321,LOW_RISK,1,False,0.0624
prod_20004131,20004131,1000227,Consumer Electronics,3.25,4,24,24,1,0.0488,0.1667,0.0015,21,0.000146,282,0.013,0.007,NONE,False,False,0.0817,LOW_RISK,1,False,0.0624
prod_20002338,20002338,1000283,Jewelry & Accessories,2.86,7,23,24,2,0.0341,0.1,0.0019,19,0.000147,714,0.0141,0.006,NONE,False,False,0.0841,LOW_RISK,1,False,0.0624
prod_20001694,20001694,1000332,Tools & Home Improvement,4.0,3,14,14,1,0.0657,0.3333,0.0019,13,0.000106,282,0.013,0.007,NONE,False,False,0.079,LOW_RISK,1,False,0.0625
prod_20002648,20002648,1000496,Sports & Entertainment,3.5,2,9,9,1,0.0659,0.3333,0.0027,9,7.9e-05,282,0.013,0.007,NONE,False,False,0.0909,LOW_RISK,1,False,0.0625
prod_20003757,20003757,1000458,Computer & Office,5.0,3,8,8,1,0.0565,0.3333,0.0029,7,0.000106,714,0.0141,0.006,NONE,False,False,0.0632,LOW_RISK,1,False,0.0625
prod_20002451,20002451,1000068,Automotive,4.0,2,7,8,2,0.0353,0.0909,0.0046,7,7.1e-05,714,0.0141,0.006,NONE,False,False,0.1183,LOW_RISK,1,False,0.0625
prod_20001010,20001010,1000097,Consumer Electronics,4.47,15,54,55,2,0.0264,0.0667,0.0011,34,0.000302,714,0.0141,0.006,NONE,False,False,0.0917,LOW_RISK,1,False,0.0625
prod_20003614,20003614,1000208,Phones & Telecommunications,3.22,9,33,34,2,0.0278,0.1,0.0018,25,0.000194,282,0.013,0.007,NONE,False,False,0.0748,LOW_RISK,1,False,0.0625
prod_20004589,20004589,1000048,Computer & Office,4.5,2,2,2,1,0.0978,0.1429,0.003,2,4.6e-05,282,0.013,0.007,NONE,False,False,0.0467,LOW_RISK,1,False,0.0626
prod_20004813,20004813,1000271,Automotive,4.5,2,9,9,1,0.109,0.3333,0.0028,8,8.1e-05,714,0.0141,0.006,NONE,False,False,0.0535,LOW_RISK,1,False,0.0626
prod_20001505,20001505,1000424,Consumer Electronics,3.93,14,45,48,2,0.0252,0.0714,0.0015,33,0.000277,714,0.0141,0.006,NONE,False,False,0.099,LOW_RISK,1,False,0.0626
prod_20003243,20003243,1000280,Sports & Entertainment,5.0,1,2,2,1,0.0158,0.0238,0.003,2,4.4e-05,282,0.013,0.007,NONE,False,False,0.1477,LOW_RISK,1,False,0.0626
prod_20002794,20002794,1000015,Jewelry & Accessories,3.91,11,37,45,5,0.0352,0.0909,0.0016,25,0.000251,714,0.0141,0.006,NONE,False,False,0.0974,LOW_RISK,1,False,0.0627
prod_20001288,20001288,1000368,Phones & Telecommunications,4.67,3,10,10,1,0.1021,0.3333,0.0015,8,9.9e-05,714,0.0141,0.006,NONE,False,False,0.0572,LOW_RISK,1,False,0.0627
prod_20004865,20004865,1000496,Computer & Office,4.0,1,2,2,1,0.0687,0.125,0.003,2,4.6e-05,501,0.0146,0.015,NONE,False,False,0.0843,LOW_RISK,1,False,0.0627
prod_20003542,20003542,1000142,Computer & Office,2.33,3,4,4,1,0.0341,0.0667,0.0031,4,5.4e-05,282,0.013,0.007,NONE,False,False,0.0489,LOW_RISK,1,False,0.0629
prod_20004328,20004328,1000375,Home & Garden,4.0,1,6,6,1,0.0154,0.0455,0.0044,6,6.1e-05,282,0.013,0.007,NONE,False,False,0.06,LOW_RISK,1,False,0.0629
prod_20004464,20004464,1000311,Home & Garden,3.5,4,11,12,2,0.0311,0.125,0.004,11,8.9e-05,714,0.0141,0.006,NONE,False,False,0.062,LOW_RISK,1,False,0.0629
prod_20001763,20001763,1000440,Automotive,4.43,14,40,48,4,0.0251,0.0714,0.002,29,0.000257,714,0.0141,0.006,ELEC_SHOCK,False,True,0.0886,LOW_RISK,1,False,0.0629
prod_20001002,20001002,1000295,Computer & Office,3.0,4,12,12,1,0.0237,0.0833,0.0035,12,8.8e-05,282,0.013,0.007,NONE,False,False,0.0611,LOW_RISK,1,False,0.063
prod_20002738,20002738,1000243,Consumer Electronics,4.5,2,5,5,1,0.0707,0.2,0.0017,5,6e-05,923,0.0278,0.022,NONE,False,False,0.1041,LOW_RISK,1,False,0.063
prod_20004091,20004091,1000350,Consumer Electronics,3.0,3,8,8,1,0.0947,0.1667,0.0018,8,8.1e-05,282,0.013,0.007,NONE,False,False,0.0443,LOW_RISK,1,False,0.063
prod_20001128,20001128,1000203,Tools & Home Improvement,4.0,1,3,3,1,0.1169,0.25,0.0037,3,5.3e-05,282,0.013,0.007,NONE,False,False,0.0528,LOW_RISK,1,False,0.063
prod_20001076,20001076,1000454,Sports & Entertainment,4.0,3,10,10,1,0.0373,0.1429,0.0025,10,8e-05,923,0.0278,0.022,NONE,False,False,0.0458,LOW_RISK,1,False,0.0632
prod_20004405,20004405,1000374,Home & Garden,4.75,4,14,15,2,0.0672,0.25,0.0029,12,0.000111,282,0.013,0.007,NONE,False,False,0.0987,LOW_RISK,1,False,0.0632
prod_20001260,20001260,1000375,Automotive,4.0,2,8,8,1,0.0877,0.3333,0.0029,8,7.5e-05,282,0.013,0.007,NONE,False,False,0.0622,LOW_RISK,1,False,0.0632
prod_20004071,20004071,1000316,Consumer Electronics,3.0,1,3,3,1,0.0213,0.0345,0.0035,3,4.9e-05,714,0.0141,0.006,NONE,False,False,0.175,MODERATE_RISK,1,False,0.0632
prod_20001874,20001874,1000035,Phones & Telecommunications,4.62,8,28,32,4,0.0398,0.125,0.002,22,0.000193,501,0.0146,0.015,NONE,False,False,0.0679,LOW_RISK,1,False,0.0632
prod_20003574,20003574,1000380,Computer & Office,4.0,1,2,2,1,0.0897,0.1667,0.003,2,4.7e-05,714,0.0141,0.006,NONE,False,False,0.0573,LOW_RISK,1,False,0.0632
prod_20002707,20002707,1000189,Phones & Telecommunications,5.0,1,2,2,1,0.0072,0.0116,0.003,2,4.4e-05,714,0.0141,0.006,NONE,False,False,0.043,LOW_RISK,1,False,0.0632
prod_20004063,20004063,1000152,Phones & Telecommunications,5.0,1,3,3,1,0.0261,0.0667,0.0044,3,4.9e-05,282,0.013,0.007,NONE,False,False,0.0318,LOW_RISK,1,False,0.0632
prod_20001939,20001939,1000092,Consumer Electronics,3.8,10,33,39,3,0.0314,0.0714,0.0019,25,0.000215,501,0.0146,0.015,NONE,False,False,0.0813,LOW_RISK,1,False,0.0633
prod_20002652,20002652,1000386,Sports & Entertainment,4.47,15,49,55,3,0.0262,0.1,0.0014,32,0.000298,714,0.0141,0.006,NONE,False,False,0.0947,LOW_RISK,1,False,0.0633
prod_20003569,20003569,1000428,Computer & Office,3.83,12,32,37,4,0.0364,0.1333,0.0012,23,0.00022,282,0.013,0.007,NONE,False,False,0.0898,LOW_RISK,1,False,0.0633
prod_20004972,20004972,1000214,Sports & Entertainment,3.0,2,7,7,1,0.1012,0.25,0.0022,7,7.3e-05,714,0.0141,0.006,NONE,False,False,0.0586,LOW_RISK,1,False,0.0634
prod_20003830,20003830,1000114,Consumer Electronics,4.5,4,11,11,1,0.0332,0.1,0.0024,11,8.5e-05,923,0.0278,0.022,NONE,False,False,0.0629,LOW_RISK,1,False,0.0634
prod_20001179,20001179,1000486,Jewelry & Accessories,3.79,14,44,47,2,0.0295,0.0714,0.0011,29,0.00028,714,0.0141,0.006,NONE,False,False,0.1028,LOW_RISK,1,False,0.0634
prod_20001457,20001457,1000145,Jewelry & Accessories,4.71,7,13,13,1,0.0213,0.1429,0.0041,12,9.8e-05,714,0.0141,0.006,NONE,False,False,0.0632,LOW_RISK,1,False,0.0635
prod_20001285,20001285,1000076,Computer & Office,4.43,14,46,52,2,0.0288,0.0714,0.0013,32,0.000303,282,0.013,0.007,NONE,False,False,0.0927,LOW_RISK,1,False,0.0635
prod_20004066,20004066,1000114,Automotive,3.0,4,14,15,2,0.0561,0.2,0.0025,12,0.000107,714,0.0141,0.006,NONE,False,False,0.068,LOW_RISK,1,False,0.0635
prod_20004744,20004744,1000267,Automotive,4.06,17,51,52,2,0.0256,0.0588,0.0011,31,0.000298,714,0.0141,0.006,NONE,False,False,0.1012,LOW_RISK,1,False,0.0635
prod_20001906,20001906,1000217,Jewelry & Accessories,4.06,18,45,46,2,0.0266,0.05,0.0009,26,0.000258,714,0.0141,0.006,NONE,False,False,0.094,LOW_RISK,1,False,0.0635
prod_20001651,20001651,1000238,Consumer Electronics,4.13,15,52,58,3,0.0291,0.0667,0.0011,32,0.000321,714,0.0141,0.006,NONE,False,False,0.0977,LOW_RISK,1,False,0.0636
prod_20001490,20001490,1000318,Jewelry & Accessories,5.0,3,9,10,2,0.0762,0.25,0.0024,8,8.7e-05,282,0.013,0.007,NONE,False,False,0.037,LOW_RISK,1,False,0.0637
prod_20003611,20003611,1000384,Sports & Entertainment,4.56,18,42,43,2,0.0241,0.0526,0.0011,30,0.000254,282,0.013,0.007,NONE,False,False,0.1212,LOW_RISK,1,False,0.0637
prod_20001418,20001418,1000100,Computer & Office,4.55,11,28,36,5,0.0307,0.0833,0.0021,23,0.000205,282,0.013,0.007,NONE,False,False,0.0767,LOW_RISK,1,False,0.0637
prod_20003378,20003378,1000181,Consumer Electronics,3.25,4,14,15,2,0.0277,0.0833,0.0035,14,0.000102,714,0.0141,0.006,NONE,False,False,0.0593,LOW_RISK,1,False,0.0638
prod_20002997,20002997,1000168,Jewelry & Accessories,4.67,9,24,30,4,0.0314,0.1111,0.0029,20,0.000179,714,0.0141,0.006,NONE,False,False,0.0709,LOW_RISK,1,False,0.0638
prod_20000846,20000846,1000162,Home & Garden,4.5,14,38,42,3,0.0281,0.0588,0.0013,29,0.000235,501,0.0146,0.015,NONE,False,False,0.0932,LOW_RISK,1,False,0.0638
prod_20001354,20001354,1000122,Consumer Electronics,4.23,13,39,45,4,0.0254,0.0714,0.002,29,0.000243,282,0.013,0.007,NONE,False,False,0.0896,LOW_RISK,1,False,0.064
prod_20004004,20004004,1000341,Phones & Telecommunications,3.0,3,11,11,1,0.0534,0.1667,0.0014,10,8.8e-05,501,0.0146,0.015,NONE,False,False,0.0612,LOW_RISK,1,False,0.064
prod_20003817,20003817,1000295,Consumer Electronics,4.67,3,10,10,1,0.0743,0.3333,0.001,9,9.4e-05,714,0.0141,0.006,NONE,False,False,0.0693,LOW_RISK,1,False,0.0641
prod_20003863,20003863,1000096,Phones & Telecommunications,4.0,3,7,7,1,0.0673,0.3333,0.0033,6,8.4e-05,282,0.013,0.007,NONE,False,False,0.0877,LOW_RISK,1,False,0.0641
prod_20001736,20001736,1000157,Automotive,3.88,8,30,35,5,0.0313,0.0909,0.0021,25,0.000193,282,0.013,0.007,NONE,False,False,0.0874,LOW_RISK,1,False,0.0641
prod_20001402,20001402,1000499,Phones & Telecommunications,3.67,3,7,7,1,0.0181,0.0625,0.0044,7,6.5e-05,282,0.013,0.007,NONE,False,False,0.0613,LOW_RISK,1,False,0.0641
prod_20001629,20001629,1000187,Tools & Home Improvement,4.0,1,4,4,1,0.1123,0.3333,0.003,4,5.6e-05,714,0.0141,0.006,NONE,False,False,0.0452,LOW_RISK,1,False,0.0641
prod_20002478,20002478,1000203,Home & Garden,4.7,10,35,39,4,0.0371,0.0909,0.0015,25,0.000228,282,0.013,0.007,NONE,False,False,0.0867,LOW_RISK,1,False,0.0642
prod_20003405,20003405,1000499,Consumer Electronics,3.36,11,32,35,3,0.0342,0.0909,0.0017,22,0.000226,282,0.013,0.007,NONE,False,False,0.0958,LOW_RISK,1,False,0.0642
prod_20003891,20003891,1000105,Computer & Office,3.67,3,6,7,2,0.0372,0.1429,0.0039,6,6.7e-05,714,0.0141,0.006,NONE,False,False,0.0613,LOW_RISK,1,False,0.0642
prod_20002209,20002209,1000106,Automotive,3.0,3,12,12,1,0.0481,0.1667,0.0019,12,9.1e-05,501,0.0146,0.015,NONE,False,False,0.0565,LOW_RISK,1,False,0.0642
prod_20000814,20000814,1000051,Home & Garden,3.8,10,35,38,3,0.0382,0.0909,0.0012,24,0.000229,501,0.0146,0.015,NONE,False,False,0.0943,LOW_RISK,1,False,0.0642
prod_20001820,20001820,1000239,Consumer Electronics,3.33,3,8,9,2,0.059,0.25,0.0034,8,7.8e-05,714,0.0141,0.006,NONE,False,False,0.0457,LOW_RISK,1,False,0.0643
prod_20004828,20004828,1000251,Automotive,5.0,2,8,8,1,0.0728,0.3333,0.0021,7,7.7e-05,501,0.0146,0.015,NONE,False,False,0.0489,LOW_RISK,1,False,0.0643
prod_20003063,20003063,1000491,Phones & Telecommunications,4.5,2,10,11,2,0.0868,0.25,0.0029,9,9.1e-05,282,0.013,0.007,NONE,False,False,0.092,LOW_RISK,1,False,0.0644
prod_20001315,20001315,1000332,Sports & Entertainment,4.38,16,50,53,2,0.0295,0.0625,0.001,30,0.000313,714,0.0141,0.006,NONE,False,False,0.1176,LOW_RISK,1,False,0.0645
prod_20001960,20001960,1000395,Home & Garden,5.0,1,2,2,1,0.0565,0.0909,0.003,2,4.5e-05,501,0.0146,0.015,NONE,False,False,0.0463,LOW_RISK,1,False,0.0645
prod_20004825,20004825,1000191,Consumer Electronics,3.22,9,19,19,1,0.0298,0.0714,0.0022,19,0.000123,501,0.0146,0.015,NONE,False,False,0.0703,LOW_RISK,1,False,0.0645
prod_20001196,20001196,1000418,Phones & Telecommunications,5.0,3,12,12,1,0.0203,0.1111,0.0039,12,8.8e-05,282,0.013,0.007,NONE,False,False,0.0902,LOW_RISK,1,False,0.0646
prod_20003523,20003523,1000196,Phones & Telecommunications,3.5,2,7,7,1,0.0768,0.3333,0.0028,7,7.3e-05,282,0.013,0.007,NONE,False,False,0.0531,LOW_RISK,1,False,0.0646
prod_20003001,20003001,1000358,Automotive,2.5,4,13,13,1,0.0404,0.1429,0.0024,13,9.5e-05,714,0.0141,0.006,NONE,False,False,0.048,LOW_RISK,1,False,0.0646
prod_20004200,20004200,1000233,Tools & Home Improvement,3.0,2,7,7,1,0.081,0.25,0.0017,7,7.3e-05,282,0.013,0.007,NONE,False,False,0.0454,LOW_RISK,1,False,0.0646
prod_20004719,20004719,1000329,Computer & Office,4.5,2,5,5,1,0.0342,0.1429,0.0044,5,5.8e-05,501,0.0146,0.015,NONE,False,False,0.1317,LOW_RISK,1,False,0.0647
prod_20002921,20002921,1000137,Sports & Entertainment,3.83,6,13,13,1,0.0395,0.125,0.0017,12,9.9e-05,923,0.0278,0.022,NONE,False,False,0.0828,LOW_RISK,1,False,0.0647
prod_20004114,20004114,1000399,Automotive,2.8,5,10,10,1,0.0359,0.125,0.0025,10,8.2e-05,501,0.0146,0.015,NONE,False,False,0.0569,LOW_RISK,1,False,0.0647
prod_20000796,20000796,1000181,Home & Garden,3.0,4,13,14,2,0.0422,0.1111,0.0026,13,0.000101,282,0.013,0.007,NONE,False,False,0.0587,LOW_RISK,1,False,0.0647
prod_20002941,20002941,1000060,Phones & Telecommunications,5.0,2,4,4,1,0.1153,0.3333,0.0024,4,6.2e-05,714,0.0141,0.006,NONE,False,False,0.0611,LOW_RISK,1,False,0.0647
prod_20001852,20001852,1000232,Jewelry & Accessories,4.5,2,5,5,1,0.1194,0.25,0.0018,5,6.7e-05,501,0.0146,0.015,NONE,False,False,0.0527,LOW_RISK,1,False,0.0648
prod_20002890,20002890,1000499,Consumer Electronics,5.0,1,2,2,1,0.0376,0.0667,0.0038,2,4.4e-05,282,0.013,0.007,NONE,False,False,0.0538,LOW_RISK,1,False,0.0648
prod_20004450,20004450,1000457,Computer & Office,3.6,5,26,28,2,0.0338,0.1667,0.0026,23,0.000162,714,0.0141,0.006,NONE,False,False,0.0794,LOW_RISK,1,False,0.0649
prod_20004630,20004630,1000249,Tools & Home Improvement,4.0,1,2,2,1,0.0463,0.0833,0.003,2,4.5e-05,501,0.0146,0.015,NONE,False,False,0.0902,LOW_RISK,1,False,0.0649
prod_20003320,20003320,1000056,Sports & Entertainment,4.0,4,11,12,2,0.0163,0.0417,0.0036,11,8.7e-05,282,0.013,0.007,NONE,False,False,0.0633,LOW_RISK,1,False,0.0649
prod_20003591,20003591,1000094,Phones & Telecommunications,4.28,18,55,59,2,0.0261,0.0556,0.0013,29,0.000344,714,0.0141,0.006,NONE,False,False,0.1372,LOW_RISK,1,False,0.065
prod_20003679,20003679,1000101,Tools & Home Improvement,5.0,2,6,6,1,0.0854,0.3333,0.0015,6,6.7e-05,282,0.013,0.007,NONE,False,False,0.1252,LOW_RISK,1,False,0.0651
prod_20004684,20004684,1000452,Phones & Telecommunications,4.5,10,29,34,4,0.0237,0.0833,0.0026,26,0.000187,714,0.0141,0.006,NONE,False,False,0.0786,LOW_RISK,1,False,0.0651
prod_20001277,20001277,1000300,Phones & Telecommunications,3.89,9,28,31,3,0.0459,0.1111,0.001,20,0.000196,501,0.0146,0.015,NONE,False,False,0.09,LOW_RISK,1,False,0.0651
prod_20002629,20002629,1000172,Sports & Entertainment,4.46,13,43,48,4,0.0259,0.0667,0.0015,30,0.000264,282,0.013,0.007,NONE,False,False,0.0999,LOW_RISK,1,False,0.0651
prod_20004357,20004357,1000073,Phones & Telecommunications,5.0,1,3,3,1,0.0233,0.0625,0.0045,3,4.9e-05,714,0.0141,0.006,NONE,False,False,0.1256,LOW_RISK,1,False,0.0652
prod_20002885,20002885,1000094,Consumer Electronics,4.56,16,43,46,3,0.0231,0.0588,0.0014,29,0.000248,282,0.013,0.007,NONE,False,False,0.1197,LOW_RISK,1,False,0.0652
prod_20001921,20001921,1000398,Consumer Electronics,3.2,5,14,15,2,0.0297,0.1111,0.0034,13,0.000103,714,0.0141,0.006,NONE,False,False,0.0655,LOW_RISK,1,False,0.0652
prod_20002720,20002720,1000445,Consumer Electronics,4.0,14,47,51,3,0.0271,0.0714,0.0017,31,0.000292,714,0.0141,0.006,NONE,False,False,0.1319,LOW_RISK,1,False,0.0652
prod_20003764,20003764,1000455,Tools & Home Improvement,4.5,2,5,5,1,0.1028,0.3333,0.002,5,6.4e-05,714,0.0141,0.006,NONE,False,False,0.0497,LOW_RISK,1,False,0.0654
prod_20001293,20001293,1000293,Computer & Office,5.0,3,15,16,2,0.0224,0.0556,0.0034,15,0.000104,714,0.0141,0.006,NONE,False,False,0.0626,LOW_RISK,1,False,0.0654
prod_20002212,20002212,1000003,Sports & Entertainment,4.0,7,27,30,4,0.0382,0.1111,0.0019,22,0.000175,501,0.0146,0.015,NONE,False,False,0.0769,LOW_RISK,1,False,0.0654
prod_20001759,20001759,1000188,Sports & Entertainment,4.21,14,41,44,2,0.0271,0.0714,0.0014,27,0.000255,501,0.0146,0.015,NONE,False,False,0.0915,LOW_RISK,1,False,0.0654
prod_20003589,20003589,1000108,Sports & Entertainment,3.93,15,48,52,3,0.0263,0.0588,0.0015,30,0.000278,714,0.0141,0.006,NONE,False,False,0.1026,LOW_RISK,1,False,0.0655
prod_20002632,20002632,1000132,Tools & Home Improvement,3.0,5,19,19,1,0.0453,0.2,0.0014,17,0.000129,714,0.0141,0.006,NONE,False,False,0.0772,LOW_RISK,1,False,0.0655
prod_20001148,20001148,1000385,Consumer Electronics,5.0,5,17,19,3,0.0581,0.1667,0.0024,14,0.000129,714,0.0141,0.006,NONE,False,False,0.0765,LOW_RISK,1,False,0.0655
prod_20004575,20004575,1000263,Jewelry & Accessories,4.8,5,21,23,2,0.0247,0.0714,0.003,20,0.000135,501,0.0146,0.015,CHOKE_CHILD,False,True,0.0811,LOW_RISK,1,False,0.0656
prod_20001506,20001506,1000498,Home & Garden,4.0,2,9,9,1,0.063,0.3333,0.0029,9,7.8e-05,282,0.013,0.007,NONE,False,False,0.0516,LOW_RISK,1,False,0.0656
prod_20001587,20001587,1000491,Sports & Entertainment,5.0,1,2,2,1,0.0445,0.0714,0.003,2,4.5e-05,501,0.0146,0.015,CHEM_TOXIC,False,True,0.0849,LOW_RISK,1,False,0.0658
prod_20004137,20004137,1000414,Home & Garden,4.5,2,8,9,2,0.08,0.25,0.0023,8,8.2e-05,501,0.0146,0.015,NONE,False,False,0.0602,LOW_RISK,1,False,0.0659
prod_20001424,20001424,1000050,Computer & Office,3.0,4,17,18,2,0.0512,0.1667,0.0017,14,0.000121,714,0.0141,0.006,NONE,False,False,0.0973,LOW_RISK,1,False,0.0659
prod_20001299,20001299,1000372,Automotive,3.67,3,9,9,1,0.0379,0.25,0.0045,8,7.8e-05,714,0.0141,0.006,NONE,False,False,0.0571,LOW_RISK,1,False,0.0659
prod_20003042,20003042,1000465,Home & Garden,4.13,15,47,50,2,0.0245,0.0833,0.0014,32,0.000266,282,0.013,0.007,NONE,False,False,0.0994,LOW_RISK,1,False,0.0659
prod_20001691,20001691,1000013,Tools & Home Improvement,4.25,4,10,10,1,0.0863,0.1429,0.001,9,9.5e-05,501,0.0146,0.015,NONE,False,False,0.0575,LOW_RISK,1,False,0.066
prod_20001511,20001511,1000199,Automotive,4.67,3,14,15,2,0.0191,0.0714,0.0035,14,0.0001,282,0.013,0.007,NONE,False,False,0.0959,LOW_RISK,1,False,0.066
prod_20004735,20004735,1000034,Automotive,3.73,11,33,39,5,0.0319,0.0833,0.0019,23,0.000219,714,0.0141,0.006,NONE,False,False,0.1095,LOW_RISK,1,False,0.066
prod_20003719,20003719,1000438,Jewelry & Accessories,4.6,5,14,14,1,0.0193,0.0909,0.0039,14,9.6e-05,282,0.013,0.007,NONE,False,False,0.0621,LOW_RISK,1,False,0.066
prod_20003443,20003443,1000322,Phones & Telecommunications,4.0,4,18,20,3,0.0535,0.25,0.0018,17,0.000132,714,0.0141,0.006,NONE,False,False,0.0747,LOW_RISK,1,False,0.066
prod_20003023,20003023,1000343,Jewelry & Accessories,3.8,10,27,31,5,0.028,0.0909,0.0022,22,0.000183,714,0.0141,0.006,NONE,False,False,0.0903,LOW_RISK,1,False,0.0661
prod_20002334,20002334,1000084,Jewelry & Accessories,3.57,7,14,15,2,0.0195,0.0526,0.0032,14,0.000101,282,0.013,0.007,CHOKE_CHILD,False,True,0.1215,LOW_RISK,1,False,0.0661
prod_20004616,20004616,1000236,Tools & Home Improvement,4.62,8,17,18,2,0.016,0.0588,0.003,17,0.000113,501,0.0146,0.015,NONE,False,False,0.0655,LOW_RISK,1,False,0.0661
prod_20003185,20003185,1000326,Tools & Home Improvement,4.25,4,21,21,1,0.0703,0.25,0.0016,16,0.00015,501,0.0146,0.015,NONE,False,False,0.0759,LOW_RISK,1,False,0.0662
prod_20000951,20000951,1000331,Home & Garden,4.08,12,36,39,3,0.0214,0.0625,0.0019,29,0.00021,282,0.013,0.007,NONE,False,False,0.0891,LOW_RISK,1,False,0.0662
prod_20000843,20000843,1000090,Consumer Electronics,3.67,3,6,6,1,0.0561,0.2,0.0046,6,6.6e-05,282,0.013,0.007,NONE,False,False,0.0542,LOW_RISK,1,False,0.0662
prod_20001432,20001432,1000294,Computer & Office,5.0,2,8,8,1,0.0286,0.1111,0.0046,8,7e-05,282,0.013,0.007,NONE,False,False,0.0484,LOW_RISK,1,False,0.0662
prod_20002547,20002547,1000314,Computer & Office,3.0,2,8,8,1,0.0442,0.2,0.0038,8,7.2e-05,714,0.0141,0.006,NONE,False,False,0.0545,LOW_RISK,1,False,0.0663
prod_20003698,20003698,1000416,Tools & Home Improvement,3.89,9,40,44,2,0.0338,0.0909,0.0013,30,0.000241,282,0.013,0.007,NONE,False,False,0.103,LOW_RISK,1,False,0.0663
prod_20004251,20004251,1000453,Computer & Office,4.5,4,12,12,1,0.0904,0.25,0.0013,9,0.000127,501,0.0146,0.015,NONE,False,False,0.0615,LOW_RISK,1,False,0.0664
prod_20004391,20004391,1000162,Sports & Entertainment,3.67,3,9,9,1,0.0662,0.3333,0.0016,8,9.2e-05,714,0.0141,0.006,NONE,False,False,0.0671,LOW_RISK,1,False,0.0665
prod_20001891,20001891,1000120,Sports & Entertainment,3.67,12,40,46,3,0.0284,0.0769,0.0018,29,0.00025,714,0.0141,0.006,NONE,False,False,0.1041,LOW_RISK,1,False,0.0665
prod_20003395,20003395,1000491,Automotive,3.5,2,6,6,1,0.0824,0.3333,0.0015,6,6.7e-05,714,0.0141,0.006,CHOKE_CHILD,False,True,0.0875,LOW_RISK,1,False,0.0665
prod_20002377,20002377,1000212,Sports & Entertainment,4.36,14,37,44,4,0.0233,0.0625,0.0023,28,0.000235,714,0.0141,0.006,NONE,False,False,0.0937,LOW_RISK,1,False,0.0666
prod_20002407,20002407,1000482,Computer & Office,4.25,4,10,12,2,0.0382,0.25,0.0037,9,0.000102,282,0.013,0.007,NONE,False,False,0.072,LOW_RISK,1,False,0.0666
prod_20002666,20002666,1000380,Tools & Home Improvement,3.11,9,24,25,2,0.0324,0.1111,0.0016,21,0.000166,282,0.013,0.007,NONE,False,False,0.0805,LOW_RISK,1,False,0.0666
prod_20001234,20001234,1000335,Home & Garden,4.67,3,8,9,2,0.0729,0.25,0.0031,7,8.9e-05,282,0.013,0.007,NONE,False,False,0.0549,LOW_RISK,1,False,0.0666
prod_20004337,20004337,1000039,Phones & Telecommunications,5.0,1,2,2,1,0.018,0.025,0.003,2,4.4e-05,714,0.0141,0.006,NONE,False,False,0.0581,LOW_RISK,1,False,0.0667
prod_20004133,20004133,1000337,Sports & Entertainment,5.0,1,3,3,1,0.0641,0.125,0.0042,3,5e-05,714,0.0141,0.006,NONE,False,False,0.0435,LOW_RISK,1,False,0.0667
prod_20004379,20004379,1000383,Sports & Entertainment,3.4,10,26,29,3,0.0314,0.0833,0.0018,21,0.000172,282,0.013,0.007,NONE,False,False,0.0842,LOW_RISK,1,False,0.0667
prod_20001434,20001434,1000261,Jewelry & Accessories,4.0,16,45,50,3,0.0239,0.0625,0.0016,32,0.000271,714,0.0141,0.006,NONE,False,False,0.1041,LOW_RISK,1,False,0.0667
prod_20001384,20001384,1000457,Automotive,5.0,1,2,2,1,0.0419,0.0833,0.0038,2,4.5e-05,714,0.0141,0.006,NONE,False,False,0.0519,LOW_RISK,1,False,0.0668
prod_20004842,20004842,1000004,Home & Garden,4.21,14,48,53,2,0.0249,0.0556,0.0013,34,0.000273,714,0.0141,0.006,NONE,False,False,0.1305,LOW_RISK,1,False,0.0669
prod_20002153,20002153,1000096,Phones & Telecommunications,3.33,9,34,36,2,0.031,0.0714,0.0017,26,0.000199,714,0.0141,0.006,NONE,False,False,0.0965,LOW_RISK,1,False,0.0669
prod_20002961,20002961,1000295,Computer & Office,5.0,1,2,2,1,0.0182,0.0213,0.003,2,4.4e-05,714,0.0141,0.006,NONE,False,False,0.0493,LOW_RISK,1,False,0.0669
prod_20001878,20001878,1000462,Consumer Electronics,5.0,2,8,8,1,0.0507,0.3333,0.003,8,7.2e-05,714,0.0141,0.006,NONE,False,False,0.0484,LOW_RISK,1,False,0.067
prod_20002500,20002500,1000161,Jewelry & Accessories,4.17,12,35,37,2,0.0336,0.0833,0.001,27,0.000219,501,0.0146,0.015,NONE,False,False,0.0796,LOW_RISK,1,False,0.067
prod_20001762,20001762,1000068,Phones & Telecommunications,2.5,2,4,4,1,0.0346,0.0833,0.002,4,5.4e-05,714,0.0141,0.006,UNCERTIFIED_MED,False,True,0.1147,LOW_RISK,1,False,0.067
prod_20004047,20004047,1000347,Automotive,4.0,2,10,10,1,0.0401,0.2,0.004,10,8.1e-05,501,0.0146,0.015,NONE,False,False,0.0692,LOW_RISK,1,False,0.067
prod_20003069,20003069,1000261,Home & Garden,3.94,16,43,47,3,0.0273,0.0625,0.0012,28,0.000265,714,0.0141,0.006,NONE,False,False,0.1145,LOW_RISK,1,False,0.0671
prod_20000979,20000979,1000183,Automotive,4.55,11,41,46,4,0.0349,0.0909,0.0015,28,0.000266,714,0.0141,0.006,NONE,False,False,0.0915,LOW_RISK,1,False,0.0671
prod_20003675,20003675,1000457,Automotive,4.09,11,37,41,5,0.0288,0.0909,0.0017,28,0.000228,714,0.0141,0.006,NONE,False,False,0.0929,LOW_RISK,1,False,0.0671
prod_20002437,20002437,1000241,Sports & Entertainment,4.22,18,47,51,2,0.0251,0.0556,0.0013,29,0.000295,282,0.013,0.007,NONE,False,False,0.0998,LOW_RISK,1,False,0.0671
prod_20001166,20001166,1000082,Automotive,3.67,3,6,6,1,0.0998,0.25,0.0021,5,8e-05,501,0.0146,0.015,NONE,False,False,0.0637,LOW_RISK,1,False,0.0672
prod_20001037,20001037,1000310,Computer & Office,4.5,2,7,7,1,0.1012,0.3333,0.0018,6,7.9e-05,714,0.0141,0.006,NONE,False,False,0.0695,LOW_RISK,1,False,0.0672
prod_20003482,20003482,1000131,Consumer Electronics,4.0,4,8,8,1,0.0243,0.125,0.005,8,7.1e-05,714,0.0141,0.006,CHOKE_CHILD,True,True,0.3095,MODERATE_RISK,1,False,0.0672
prod_20002786,20002786,1000107,Jewelry & Accessories,5.0,1,2,2,1,0.0274,0.05,0.0038,2,4.5e-05,714,0.0141,0.006,NONE,False,False,0.1005,LOW_RISK,1,False,0.0672
prod_20003985,20003985,1000379,Jewelry & Accessories,4.0,1,3,3,1,0.0478,0.125,0.0044,3,4.9e-05,282,0.013,0.007,NONE,False,False,0.0368,LOW_RISK,1,False,0.0672
prod_20004587,20004587,1000018,Sports & Entertainment,4.0,3,10,10,1,0.0291,0.1429,0.004,10,8e-05,501,0.0146,0.015,CHEM_TOXIC,True,True,0.2402,MODERATE_RISK,1,False,0.0672
prod_20000833,20000833,1000433,Tools & Home Improvement,4.23,13,49,53,4,0.029,0.0714,0.0015,32,0.000292,714,0.0141,0.006,NONE,False,False,0.0906,LOW_RISK,1,False,0.0672
prod_20001951,20001951,1000134,Computer & Office,4.45,11,37,41,3,0.0298,0.0909,0.0018,28,0.000228,501,0.0146,0.015,NONE,False,False,0.0991,LOW_RISK,1,False,0.0673
prod_20004190,20004190,1000371,Computer & Office,3.0,2,5,5,1,0.0299,0.0667,0.0023,5,5.8e-05,501,0.0146,0.015,NONE,False,False,0.2141,MODERATE_RISK,1,False,0.0673
prod_20001094,20001094,1000229,Phones & Telecommunications,4.67,3,9,10,2,0.0486,0.25,0.0035,8,8.3e-05,282,0.013,0.007,NONE,False,False,0.0491,LOW_RISK,1,False,0.0674
prod_20002510,20002510,1000443,Computer & Office,4.25,4,18,19,2,0.028,0.1,0.0037,18,0.000118,501,0.0146,0.015,NONE,False,False,0.0607,LOW_RISK,1,False,0.0675
prod_20001286,20001286,1000185,Phones & Telecommunications,4.56,9,29,34,5,0.036,0.1,0.002,21,0.000198,714,0.0141,0.006,NONE,False,False,0.1216,LOW_RISK,1,False,0.0675
prod_20001487,20001487,1000069,Automotive,4.24,17,45,51,3,0.0228,0.0588,0.0017,32,0.000276,714,0.0141,0.006,NONE,False,False,0.1051,LOW_RISK,1,False,0.0675
prod_20002978,20002978,1000423,Jewelry & Accessories,4.0,10,38,39,2,0.0372,0.1,0.0009,27,0.000227,282,0.013,0.007,NONE,False,False,0.0855,LOW_RISK,1,False,0.0676
prod_20002774,20002774,1000030,Jewelry & Accessories,4.0,1,2,2,1,0.0232,0.025,0.003,2,4.4e-05,282,0.013,0.007,CHOKE_CHILD,True,True,0.2596,MODERATE_RISK,1,False,0.0676
prod_20004857,20004857,1000395,Tools & Home Improvement,5.0,1,2,2,1,0.0761,0.1429,0.003,2,4.5e-05,714,0.0141,0.006,NONE,False,False,0.0461,LOW_RISK,1,False,0.0677
prod_20003801,20003801,1000074,Tools & Home Improvement,3.75,4,14,15,2,0.0551,0.1667,0.0027,12,0.00011,501,0.0146,0.015,NONE,False,False,0.0767,LOW_RISK,1,False,0.0677
prod_20004769,20004769,1000175,Computer & Office,4.0,1,2,2,1,0.0387,0.0769,0.0038,2,4.6e-05,282,0.013,0.007,NONE,False,False,0.0354,LOW_RISK,1,False,0.0678
prod_20001910,20001910,1000256,Automotive,4.43,7,22,26,5,0.0387,0.125,0.0023,19,0.00016,714,0.0141,0.006,NONE,False,False,0.0749,LOW_RISK,1,False,0.0678
prod_20000831,20000831,1000030,Consumer Electronics,4.07,14,40,45,4,0.0272,0.0714,0.0014,28,0.00025,282,0.013,0.007,NONE,False,False,0.1746,MODERATE_RISK,1,False,0.0679
prod_20004294,20004294,1000407,Sports & Entertainment,4.09,11,38,38,1,0.0316,0.0833,0.0012,25,0.000223,501,0.0146,0.015,NONE,False,False,0.089,LOW_RISK,1,False,0.0679
prod_20003518,20003518,1000261,Sports & Entertainment,5.0,1,2,2,1,0.0701,0.125,0.003,2,4.5e-05,282,0.013,0.007,NONE,False,False,0.0615,LOW_RISK,1,False,0.0679
prod_20004755,20004755,1000099,Jewelry & Accessories,2.67,3,9,9,1,0.0478,0.1667,0.003,9,7.8e-05,714,0.0141,0.006,NONE,False,False,0.0602,LOW_RISK,1,False,0.068
prod_20003943,20003943,1000250,Automotive,4.67,15,40,47,3,0.0236,0.0625,0.0016,29,0.000255,714,0.0141,0.006,NONE,False,False,0.0888,LOW_RISK,1,False,0.068
prod_20001835,20001835,1000227,Consumer Electronics,3.93,15,44,48,3,0.026,0.0625,0.0015,30,0.000268,714,0.0141,0.006,NONE,False,False,0.1039,LOW_RISK,1,False,0.068
prod_20001300,20001300,1000110,Jewelry & Accessories,3.25,4,16,17,2,0.0333,0.1429,0.003,16,0.000113,282,0.013,0.007,NONE,False,False,0.0562,LOW_RISK,1,False,0.0681
prod_20001605,20001605,1000374,Sports & Entertainment,4.67,3,5,5,1,0.0865,0.3333,0.0029,4,7e-05,282,0.013,0.007,NONE,False,False,0.0908,LOW_RISK,1,False,0.0681
prod_20003516,20003516,1000422,Consumer Electronics,3.0,5,11,12,2,0.0542,0.125,0.0019,11,9.3e-05,282,0.013,0.007,NONE,False,False,0.0411,LOW_RISK,1,False,0.0681
prod_20003421,20003421,1000208,Automotive,3.67,3,10,10,1,0.0317,0.25,0.0041,9,8.1e-05,282,0.013,0.007,NONE,False,False,0.0499,LOW_RISK,1,False,0.0681
prod_20004310,20004310,1000204,Automotive,4.21,14,43,48,3,0.0255,0.0667,0.0019,29,0.000267,714,0.0141,0.006,UNCERTIFIED_MED,False,True,0.1546,MODERATE_RISK,1,False,0.0681
prod_20001545,20001545,1000397,Sports & Entertainment,4.67,3,5,5,1,0.0785,0.3333,0.0015,4,7.5e-05,714,0.0141,0.006,NONE,False,False,0.0409,LOW_RISK,1,False,0.0681
prod_20004731,20004731,1000433,Home & Garden,5.0,1,3,3,1,0.1217,0.1429,0.003,3,5.4e-05,282,0.013,0.007,NONE,False,False,0.0376,LOW_RISK,1,False,0.0682
prod_20002644,20002644,1000445,Phones & Telecommunications,5.0,1,5,5,1,0.1058,0.2,0.003,5,6.2e-05,501,0.0146,0.015,NONE,False,False,0.1046,LOW_RISK,1,False,0.0682
prod_20003541,20003541,1000057,Sports & Entertainment,3.64,11,39,43,3,0.0333,0.0833,0.0017,25,0.000245,282,0.013,0.007,NONE,False,False,0.0774,LOW_RISK,1,False,0.0682
prod_20003780,20003780,1000362,Automotive,4.33,15,47,52,2,0.0276,0.0667,0.0012,33,0.000289,714,0.0141,0.006,NONE,False,False,0.1557,MODERATE_RISK,1,False,0.0682
prod_20002475,20002475,1000189,Jewelry & Accessories,3.0,1,6,6,1,0.0427,0.1,0.0039,6,6.2e-05,714,0.0141,0.006,NONE,False,False,0.0485,LOW_RISK,1,False,0.0682
prod_20002751,20002751,1000157,Sports & Entertainment,4.0,1,5,5,1,0.0852,0.3333,0.0032,5,6e-05,714,0.0141,0.006,NONE,False,False,0.0528,LOW_RISK,1,False,0.0683
prod_20003849,20003849,1000364,Phones & Telecommunications,4.5,2,7,7,1,0.1074,0.3333,0.0019,7,7.4e-05,714,0.0141,0.006,NONE,False,False,0.058,LOW_RISK,1,False,0.0683
prod_20002133,20002133,1000480,Home & Garden,4.13,15,52,56,3,0.0247,0.0667,0.0015,34,0.000303,714,0.0141,0.006,NONE,False,False,0.1042,LOW_RISK,1,False,0.0683
prod_20004113,20004113,1000227,Automotive,4.0,4,10,11,2,0.0355,0.1111,0.0038,10,8.6e-05,501,0.0146,0.015,NONE,False,False,0.0678,LOW_RISK,1,False,0.0684
prod_20002552,20002552,1000269,Phones & Telecommunications,5.0,1,3,3,1,0.0691,0.1667,0.0041,3,5.1e-05,714,0.0141,0.006,NONE,False,False,0.025,LOW_RISK,1,False,0.0685
prod_20001919,20001919,1000324,Automotive,4.88,8,12,13,2,0.0513,0.125,0.0005,10,0.000118,714,0.0141,0.006,NONE,False,False,0.0633,LOW_RISK,1,False,0.0685
prod_20004817,20004817,1000452,Home & Garden,3.93,14,40,43,3,0.0282,0.0714,0.0013,29,0.000251,282,0.013,0.007,NONE,False,False,0.0855,LOW_RISK,1,False,0.0685
prod_20000906,20000906,1000421,Computer & Office,4.0,3,12,12,1,0.0661,0.3333,0.002,11,0.000101,282,0.013,0.007,NONE,False,False,0.0707,LOW_RISK,1,False,0.0685
prod_20001990,20001990,1000366,Automotive,4.33,6,14,17,2,0.0367,0.1667,0.0038,13,0.000119,282,0.013,0.007,NONE,False,False,0.0569,LOW_RISK,1,False,0.0685
prod_20002126,20002126,1000056,Sports & Entertainment,4.29,14,36,42,3,0.0217,0.0667,0.0023,28,0.000227,282,0.013,0.007,NONE,False,False,0.0895,LOW_RISK,1,False,0.0685
prod_20002242,20002242,1000306,Computer & Office,3.5,2,3,3,1,0.0782,0.1667,0.001,3,5.1e-05,714,0.0141,0.006,NONE,False,False,0.0564,LOW_RISK,1,False,0.0686
prod_20004912,20004912,1000252,Home & Garden,3.43,7,25,26,2,0.0267,0.0833,0.0023,23,0.000152,714,0.0141,0.006,NONE,False,False,0.075,LOW_RISK,1,False,0.0686
prod_20004906,20004906,1000212,Jewelry & Accessories,2.67,3,5,5,1,0.0513,0.1429,0.0012,5,5.9e-05,714,0.0141,0.006,NONE,False,False,0.0578,LOW_RISK,1,False,0.0686
prod_20003950,20003950,1000375,Home & Garden,4.0,1,7,7,1,0.1124,0.25,0.0031,7,7.1e-05,501,0.0146,0.015,NONE,False,False,0.071,LOW_RISK,1,False,0.0686
prod_20002245,20002245,1000350,Tools & Home Improvement,3.67,3,6,6,1,0.0182,0.0476,0.0035,6,6.2e-05,501,0.0146,0.015,NONE,False,False,0.0452,LOW_RISK,1,False,0.0686
prod_20000937,20000937,1000098,Home & Garden,3.92,13,42,45,3,0.033,0.0714,0.0011,27,0.000286,714,0.0141,0.006,NONE,False,False,0.0966,LOW_RISK,1,False,0.0688
prod_20004334,20004334,1000139,Phones & Telecommunications,4.5,4,13,14,2,0.0834,0.2,0.0014,10,0.000114,714,0.0141,0.006,NONE,False,False,0.1002,LOW_RISK,1,False,0.0689
prod_20002233,20002233,1000262,Consumer Electronics,3.0,3,9,10,2,0.0603,0.1429,0.0017,9,8.3e-05,714,0.0141,0.006,NONE,False,False,0.0601,LOW_RISK,1,False,0.0689
prod_20003209,20003209,1000477,Phones & Telecommunications,4.0,2,3,3,1,0.1009,0.125,0.001,3,5.2e-05,714,0.0141,0.006,NONE,False,False,0.0559,LOW_RISK,1,False,0.069
prod_20002179,20002179,1000079,Consumer Electronics,3.5,4,13,13,1,0.0289,0.1429,0.0038,12,9.5e-05,714,0.0141,0.006,NONE,False,False,0.047,LOW_RISK,1,False,0.069
prod_20004349,20004349,1000464,Home & Garden,4.0,2,6,6,1,0.0491,0.25,0.0043,6,6.3e-05,714,0.0141,0.006,NONE,False,False,0.0472,LOW_RISK,1,False,0.0691
prod_20004007,20004007,1000357,Phones & Telecommunications,4.11,18,47,51,3,0.0224,0.0526,0.0015,30,0.000281,714,0.0141,0.006,NONE,False,False,0.1072,LOW_RISK,1,False,0.0691
prod_20004490,20004490,1000486,Sports & Entertainment,5.0,1,4,4,1,0.1336,0.25,0.003,4,5.8e-05,714,0.0141,0.006,NONE,False,False,0.0525,LOW_RISK,1,False,0.0691
prod_20001790,20001790,1000069,Jewelry & Accessories,3.0,1,4,4,1,0.0634,0.2,0.0034,4,5.5e-05,282,0.013,0.007,NONE,False,False,0.0454,LOW_RISK,1,False,0.0691
prod_20004618,20004618,1000363,Tools & Home Improvement,5.0,1,6,6,1,0.0433,0.125,0.0044,6,6.2e-05,282,0.013,0.007,NONE,False,False,0.0489,LOW_RISK,1,False,0.0691
prod_20002103,20002103,1000022,Consumer Electronics,4.7,10,33,37,4,0.0322,0.0833,0.0012,26,0.000215,714,0.0141,0.006,NONE,False,False,0.1517,MODERATE_RISK,1,False,0.0691
prod_20004723,20004723,1000246,Computer & Office,4.09,11,41,47,4,0.0327,0.0909,0.0016,28,0.000264,714,0.0141,0.006,NONE,False,False,0.095,LOW_RISK,1,False,0.0691
prod_20004572,20004572,1000272,Sports & Entertainment,3.83,6,17,21,4,0.0377,0.1,0.0026,16,0.000131,714,0.0141,0.006,NONE,False,False,0.0575,LOW_RISK,1,False,0.0692
prod_20001954,20001954,1000347,Tools & Home Improvement,4.0,16,44,47,3,0.0243,0.0556,0.0016,29,0.00026,714,0.0141,0.006,NONE,False,False,0.0989,LOW_RISK,1,False,0.0692
prod_20002848,20002848,1000205,Phones & Telecommunications,3.83,6,17,21,3,0.0287,0.0833,0.0035,16,0.000127,714,0.0141,0.006,NONE,False,False,0.0771,LOW_RISK,1,False,0.0692
prod_20004019,20004019,1000077,Tools & Home Improvement,3.0,4,12,12,1,0.0624,0.25,0.0016,11,0.000103,714,0.0141,0.006,UNCERTIFIED_MED,False,True,0.1384,LOW_RISK,1,False,0.0692
prod_20000755,20000755,1000251,Consumer Electronics,4.25,4,11,13,2,0.0677,0.1667,0.0026,10,0.000103,501,0.0146,0.015,NONE,False,False,0.0569,LOW_RISK,1,False,0.0693
prod_20004531,20004531,1000125,Computer & Office,4.0,14,37,41,4,0.028,0.0667,0.0013,26,0.000238,282,0.013,0.007,NONE,False,False,0.0937,LOW_RISK,1,False,0.0693
prod_20003898,20003898,1000095,Tools & Home Improvement,3.62,8,20,21,2,0.0473,0.125,0.001,17,0.000161,501,0.0146,0.015,NONE,False,False,0.0701,LOW_RISK,1,False,0.0693
prod_20001458,20001458,1000064,Computer & Office,3.88,8,32,32,1,0.0322,0.0909,0.0017,25,0.000183,501,0.0146,0.015,UNCERTIFIED_MED,False,True,0.0869,LOW_RISK,1,False,0.0693
prod_20002341,20002341,1000253,Sports & Entertainment,3.62,8,30,35,3,0.0464,0.1111,0.0016,21,0.00021,282,0.013,0.007,NONE,False,False,0.088,LOW_RISK,1,False,0.0694
prod_20002227,20002227,1000061,Automotive,4.5,2,6,6,1,0.1234,0.25,0.0014,6,7.1e-05,282,0.013,0.007,NONE,False,False,0.0526,LOW_RISK,1,False,0.0694
prod_20004969,20004969,1000073,Jewelry & Accessories,4.67,3,9,11,2,0.0472,0.125,0.0038,9,8.6e-05,282,0.013,0.007,CHEM_TOXIC,False,True,0.1295,LOW_RISK,1,False,0.0694
prod_20000985,20000985,1000045,Home & Garden,4.22,9,37,39,2,0.0371,0.1111,0.0012,28,0.000224,501,0.0146,0.015,NONE,False,False,0.0772,LOW_RISK,1,False,0.0694
prod_20002680,20002680,1000216,Phones & Telecommunications,4.29,14,44,47,4,0.0287,0.0714,0.0013,28,0.000266,282,0.013,0.007,NONE,False,False,0.0964,LOW_RISK,1,False,0.0695
prod_20001543,20001543,1000151,Automotive,4.5,8,24,28,5,0.0253,0.0667,0.0018,23,0.000158,714,0.0141,0.006,NONE,False,False,0.0841,LOW_RISK,1,False,0.0695
prod_20001186,20001186,1000466,Tools & Home Improvement,4.5,4,7,7,1,0.0128,0.0385,0.0037,7,6.5e-05,282,0.013,0.007,NONE,False,False,0.0473,LOW_RISK,1,False,0.0695
prod_20004970,20004970,1000391,Home & Garden,5.0,2,8,8,1,0.0344,0.1,0.0043,8,7.1e-05,282,0.013,0.007,NONE,False,False,0.0574,LOW_RISK,1,False,0.0696
prod_20001538,20001538,1000290,Computer & Office,5.0,2,9,9,1,0.075,0.3333,0.0022,8,8.1e-05,714,0.0141,0.006,NONE,False,False,0.0755,LOW_RISK,1,False,0.0696
prod_20003804,20003804,1000238,Tools & Home Improvement,4.33,9,34,37,3,0.0297,0.0909,0.0019,26,0.000208,501,0.0146,0.015,NONE,False,False,0.0857,LOW_RISK,1,False,0.0696
prod_20002363,20002363,1000314,Automotive,5.0,1,3,3,1,0.0517,0.125,0.004,3,5e-05,282,0.013,0.007,NONE,False,False,0.0522,LOW_RISK,1,False,0.0696
prod_20001289,20001289,1000345,Jewelry & Accessories,4.25,8,33,36,4,0.0268,0.1,0.0022,28,0.000196,714,0.0141,0.006,NONE,False,False,0.0716,LOW_RISK,1,False,0.0697
prod_20001971,20001971,1000326,Phones & Telecommunications,4.5,14,37,48,4,0.0296,0.0714,0.0022,23,0.000263,714,0.0141,0.006,NONE,False,False,0.0918,LOW_RISK,1,False,0.0697
prod_20003093,20003093,1000324,Computer & Office,4.2,10,41,45,4,0.0277,0.1,0.0016,32,0.00024,714,0.0141,0.006,NONE,False,False,0.0968,LOW_RISK,1,False,0.0697
prod_20004453,20004453,1000028,Jewelry & Accessories,5.0,3,13,14,2,0.0696,0.25,0.0016,11,0.000105,282,0.013,0.007,NONE,False,False,0.0578,LOW_RISK,1,False,0.0697
prod_20003165,20003165,1000015,Home & Garden,4.67,3,8,9,2,0.053,0.25,0.0032,7,8.1e-05,282,0.013,0.007,NONE,False,False,0.0796,LOW_RISK,1,False,0.0697
prod_20001239,20001239,1000290,Tools & Home Improvement,4.0,1,4,4,1,0.1328,0.25,0.003,4,5.9e-05,282,0.013,0.007,NONE,False,False,0.0598,LOW_RISK,1,False,0.0698
prod_20004292,20004292,1000430,Home & Garden,5.0,1,4,4,1,0.0482,0.1429,0.0045,4,5.5e-05,714,0.0141,0.006,NONE,False,False,0.0473,LOW_RISK,1,False,0.0698
prod_20004646,20004646,1000461,Automotive,4.21,14,49,53,3,0.0239,0.0588,0.0014,33,0.000274,714,0.0141,0.006,CHEM_TOXIC,True,True,0.3047,MODERATE_RISK,1,False,0.0698
prod_20003458,20003458,1000097,Sports & Entertainment,4.0,2,6,6,1,0.0692,0.3333,0.0028,5,6.8e-05,282,0.013,0.007,NONE,False,False,0.0321,LOW_RISK,1,False,0.0698
prod_20001513,20001513,1000479,Phones & Telecommunications,3.0,2,7,7,1,0.0452,0.25,0.0035,7,6.9e-05,282,0.013,0.007,NONE,False,False,0.0594,LOW_RISK,1,False,0.0698
prod_20003653,20003653,1000047,Tools & Home Improvement,4.18,11,42,44,3,0.0374,0.0909,0.0009,27,0.00028,714,0.0141,0.006,NONE,False,False,0.0878,LOW_RISK,1,False,0.0698
prod_20001187,20001187,1000411,Jewelry & Accessories,3.88,8,22,26,3,0.0319,0.125,0.0032,18,0.000168,714,0.0141,0.006,NONE,False,False,0.0691,LOW_RISK,1,False,0.0699
prod_20001460,20001460,1000017,Tools & Home Improvement,4.27,11,32,38,4,0.0311,0.0833,0.0018,24,0.000217,501,0.0146,0.015,NONE,False,False,0.0873,LOW_RISK,1,False,0.0699
prod_20004548,20004548,1000330,Home & Garden,4.07,14,42,46,2,0.0276,0.0714,0.0016,30,0.000261,282,0.013,0.007,NONE,False,False,0.1129,LOW_RISK,1,False,0.0699
prod_20001167,20001167,1000169,Jewelry & Accessories,5.0,1,2,2,1,0.0663,0.0909,0.003,2,4.5e-05,282,0.013,0.007,NONE,False,False,0.0449,LOW_RISK,1,False,0.07
prod_20003945,20003945,1000427,Consumer Electronics,4.67,3,13,13,1,0.0308,0.1429,0.0041,13,9.4e-05,714,0.0141,0.006,NONE,False,False,0.0591,LOW_RISK,1,False,0.07
prod_20004673,20004673,1000295,Jewelry & Accessories,3.0,1,4,4,1,0.0771,0.1111,0.003,4,5.5e-05,714,0.0141,0.006,NONE,False,False,0.0537,LOW_RISK,1,False,0.07
prod_20002967,20002967,1000300,Consumer Electronics,4.71,7,22,24,3,0.0337,0.1,0.0027,18,0.000145,282,0.013,0.007,NONE,False,False,0.0818,LOW_RISK,1,False,0.07
prod_20001647,20001647,1000357,Consumer Electronics,3.33,3,12,13,2,0.0607,0.25,0.0021,11,9.9e-05,714,0.0141,0.006,NONE,False,False,0.0638,LOW_RISK,1,False,0.07
prod_20002561,20002561,1000048,Jewelry & Accessories,5.0,1,5,5,1,0.018,0.037,0.0033,5,5.7e-05,501,0.0146,0.015,NONE,False,False,0.0516,LOW_RISK,1,False,0.0701
prod_20004936,20004936,1000456,Computer & Office,3.94,17,38,43,3,0.023,0.05,0.0015,30,0.000233,714,0.0141,0.006,NONE,False,False,0.1013,LOW_RISK,1,False,0.0701
prod_20002254,20002254,1000419,Computer & Office,3.67,3,7,7,1,0.0236,0.0556,0.0042,7,6.6e-05,282,0.013,0.007,NONE,False,False,0.0594,LOW_RISK,1,False,0.0701
prod_20002793,20002793,1000333,Phones & Telecommunications,5.0,1,8,8,1,0.0394,0.1111,0.0045,8,7e-05,714,0.0141,0.006,CHOKE_CHILD,False,True,0.0876,LOW_RISK,1,False,0.0701
prod_20003524,20003524,1000086,Phones & Telecommunications,5.0,2,3,3,1,0.0773,0.1667,0.001,3,5.2e-05,282,0.013,0.007,NONE,False,False,0.0477,LOW_RISK,1,False,0.0702
prod_20004814,20004814,1000011,Computer & Office,5.0,2,9,9,1,0.0285,0.1111,0.0046,9,7.5e-05,714,0.0141,0.006,NONE,False,False,0.0814,LOW_RISK,1,False,0.0702
prod_20002730,20002730,1000455,Jewelry & Accessories,3.33,3,6,6,1,0.0578,0.1111,0.0008,6,6.6e-05,501,0.0146,0.015,NONE,False,False,0.0535,LOW_RISK,1,False,0.0702
prod_20003259,20003259,1000486,Sports & Entertainment,5.0,1,4,4,1,0.0254,0.0714,0.0046,4,5.3e-05,714,0.0141,0.006,NONE,False,False,0.053,LOW_RISK,1,False,0.0703
prod_20001430,20001430,1000010,Sports & Entertainment,3.0,2,7,7,1,0.0775,0.25,0.0026,7,7.2e-05,714,0.0141,0.006,NONE,False,False,0.0633,LOW_RISK,1,False,0.0703
prod_20001650,20001650,1000102,Automotive,3.25,8,25,26,2,0.0296,0.0909,0.0021,20,0.00016,282,0.013,0.007,NONE,False,False,0.08,LOW_RISK,1,False,0.0703
prod_20003021,20003021,1000128,Phones & Telecommunications,4.0,3,7,8,2,0.0957,0.25,0.0022,6,8.5e-05,714,0.0141,0.006,ELEC_SHOCK,True,True,0.2351,MODERATE_RISK,1,False,0.0704
prod_20000927,20000927,1000068,Automotive,4.0,16,34,40,3,0.0227,0.0588,0.0022,23,0.000231,714,0.0141,0.006,ELEC_SHOCK,False,True,0.1382,LOW_RISK,1,False,0.0704
prod_20001521,20001521,1000496,Consumer Electronics,3.83,12,35,39,3,0.0238,0.0625,0.0019,29,0.000209,714,0.0141,0.006,NONE,False,False,0.1083,LOW_RISK,1,False,0.0704
prod_20003659,20003659,1000309,Jewelry & Accessories,4.67,3,16,16,1,0.0622,0.3333,0.0023,15,0.000118,714,0.0141,0.006,NONE,False,False,0.0849,LOW_RISK,1,False,0.0704
prod_20002612,20002612,1000112,Tools & Home Improvement,3.5,2,12,12,1,0.1028,0.25,0.0022,11,9.9e-05,714,0.0141,0.006,NONE,False,False,0.105,LOW_RISK,1,False,0.0704
prod_20002745,20002745,1000223,Computer & Office,5.0,1,3,3,1,0.1116,0.25,0.0033,3,5.2e-05,714,0.0141,0.006,NONE,False,False,0.0479,LOW_RISK,1,False,0.0704
prod_20004128,20004128,1000030,Automotive,4.36,14,43,44,2,0.0248,0.0714,0.0013,32,0.000244,282,0.013,0.007,NONE,False,False,0.1791,MODERATE_RISK,1,False,0.0704
prod_20001411,20001411,1000255,Sports & Entertainment,5.0,3,7,7,1,0.1117,0.25,0.0012,7,7.8e-05,714,0.0141,0.006,NONE,False,False,0.0613,LOW_RISK,1,False,0.0705
prod_20002638,20002638,1000400,Phones & Telecommunications,4.69,13,36,39,4,0.033,0.0769,0.0013,23,0.000247,714,0.0141,0.006,NONE,False,False,0.0809,LOW_RISK,1,False,0.0705
prod_20003197,20003197,1000426,Jewelry & Accessories,4.0,3,11,11,1,0.0709,0.3333,0.0025,10,9.3e-05,714,0.0141,0.006,NONE,False,False,0.0627,LOW_RISK,1,False,0.0705
prod_20004856,20004856,1000138,Home & Garden,4.27,15,40,45,3,0.0237,0.0625,0.0018,29,0.000246,282,0.013,0.007,NONE,False,False,0.0956,LOW_RISK,1,False,0.0705
prod_20004960,20004960,1000142,Consumer Electronics,3.0,1,7,7,1,0.0205,0.0667,0.0034,7,6.6e-05,714,0.0141,0.006,NONE,False,False,0.0531,LOW_RISK,1,False,0.0705
prod_20003133,20003133,1000340,Computer & Office,4.0,1,6,6,1,0.0269,0.0714,0.0047,6,6.1e-05,714,0.0141,0.006,NONE,False,False,0.0642,LOW_RISK,1,False,0.0706
prod_20001738,20001738,1000320,Computer & Office,2.5,2,6,6,1,0.0442,0.1,0.0017,6,6.3e-05,714,0.0141,0.006,NONE,False,False,0.0605,LOW_RISK,1,False,0.0706
prod_20003411,20003411,1000358,Home & Garden,3.4,5,20,20,1,0.0396,0.2,0.0015,18,0.000135,501,0.0146,0.015,NONE,False,False,0.0575,LOW_RISK,1,False,0.0706
prod_20003667,20003667,1000242,Home & Garden,4.67,3,10,10,1,0.0859,0.3333,0.0019,9,9.1e-05,714,0.0141,0.006,NONE,False,False,0.0565,LOW_RISK,1,False,0.0706
prod_20003250,20003250,1000405,Consumer Electronics,4.67,3,11,12,2,0.0247,0.1667,0.0035,11,8.8e-05,282,0.013,0.007,NONE,False,False,0.0757,LOW_RISK,1,False,0.0706
prod_20002244,20002244,1000409,Automotive,4.5,2,8,8,1,0.0369,0.1429,0.0048,8,7.1e-05,714,0.0141,0.006,CHEM_TOXIC,False,True,0.1459,LOW_RISK,1,False,0.0707
prod_20001437,20001437,1000323,Computer & Office,4.22,9,29,33,5,0.0299,0.0769,0.0016,24,0.000184,282,0.013,0.007,NONE,False,False,0.0803,LOW_RISK,1,False,0.0707
prod_20003937,20003937,1000494,Automotive,5.0,1,6,6,1,0.0544,0.1667,0.004,6,6.3e-05,282,0.013,0.007,NONE,False,False,0.0577,LOW_RISK,1,False,0.0707
prod_20003113,20003113,1000232,Automotive,4.67,3,10,10,1,0.0851,0.3333,0.0023,9,9e-05,714,0.0141,0.006,NONE,False,False,0.0702,LOW_RISK,1,False,0.0707
prod_20003280,20003280,1000292,Computer & Office,4.33,15,42,46,2,0.0251,0.0625,0.0016,30,0.000253,282,0.013,0.007,NONE,False,False,0.0959,LOW_RISK,1,False,0.0707
prod_20001775,20001775,1000000,Phones & Telecommunications,4.67,3,13,13,1,0.0807,0.25,0.0011,11,0.000105,282,0.013,0.007,CHOKE_CHILD,False,True,0.1317,LOW_RISK,1,False,0.0707
prod_20003586,20003586,1000116,Sports & Entertainment,5.0,1,2,2,1,0.0717,0.1429,0.003,2,4.6e-05,714,0.0141,0.006,NONE,False,False,0.0361,LOW_RISK,1,False,0.0708
prod_20004258,20004258,1000275,Home & Garden,3.57,7,26,26,1,0.027,0.1429,0.002,23,0.000167,714,0.0141,0.006,NONE,False,False,0.0693,LOW_RISK,1,False,0.0708
prod_20003648,20003648,1000420,Consumer Electronics,4.67,3,9,9,1,0.0512,0.3333,0.0028,8,8.5e-05,282,0.013,0.007,NONE,False,False,0.0559,LOW_RISK,1,False,0.0708
prod_20004925,20004925,1000024,Home & Garden,3.73,11,21,25,4,0.023,0.0769,0.0022,20,0.000146,714,0.0141,0.006,NONE,False,False,0.0746,LOW_RISK,1,False,0.0708
prod_20004963,20004963,1000239,Tools & Home Improvement,4.19,16,33,40,5,0.0266,0.0556,0.0014,22,0.000223,714,0.0141,0.006,NONE,False,False,0.0853,LOW_RISK,1,False,0.0708
prod_20004603,20004603,1000494,Phones & Telecommunications,4.7,10,32,32,1,0.028,0.0909,0.0015,25,0.000186,501,0.0146,0.015,NONE,False,False,0.0881,LOW_RISK,1,False,0.0709
prod_20001863,20001863,1000317,Home & Garden,3.82,11,28,31,3,0.0212,0.0625,0.0021,26,0.000171,714,0.0141,0.006,ELEC_SHOCK,False,True,0.0716,LOW_RISK,1,False,0.0709
prod_20002333,20002333,1000337,Automotive,4.25,4,10,10,1,0.0854,0.25,0.0014,8,0.000102,501,0.0146,0.015,NONE,False,False,0.0517,LOW_RISK,1,False,0.071
prod_20002448,20002448,1000127,Computer & Office,3.4,5,10,11,2,0.0495,0.1429,0.0021,9,9.5e-05,501,0.0146,0.015,ELEC_SHOCK,True,True,0.2377,MODERATE_RISK,1,False,0.071
prod_20001306,20001306,1000305,Phones & Telecommunications,4.0,3,11,13,3,0.0517,0.125,0.0026,10,9.6e-05,282,0.013,0.007,NONE,False,False,0.0625,LOW_RISK,1,False,0.0711
prod_20002124,20002124,1000477,Consumer Electronics,4.75,4,10,11,2,0.0394,0.1429,0.0035,10,8.4e-05,501,0.0146,0.015,NONE,False,False,0.06,LOW_RISK,1,False,0.0712
prod_20004093,20004093,1000392,Sports & Entertainment,4.18,11,39,42,4,0.0272,0.0909,0.0016,30,0.000231,714,0.0141,0.006,NONE,False,False,0.0955,LOW_RISK,1,False,0.0713
prod_20002872,20002872,1000327,Home & Garden,4.1,10,36,42,4,0.0388,0.1,0.0017,25,0.000248,282,0.013,0.007,NONE,False,False,0.0961,LOW_RISK,1,False,0.0713
prod_20004330,20004330,1000052,Sports & Entertainment,3.0,1,3,3,1,0.0608,0.1429,0.0033,3,5.1e-05,714,0.0141,0.006,NONE,False,False,0.0638,LOW_RISK,1,False,0.0713
prod_20003134,20003134,1000309,Jewelry & Accessories,4.33,3,12,12,1,0.0406,0.3333,0.0026,11,0.000103,282,0.013,0.007,NONE,False,False,0.0696,LOW_RISK,1,False,0.0713
prod_20004140,20004140,1000283,Sports & Entertainment,5.0,1,3,3,1,0.0124,0.0222,0.0035,3,4.8e-05,714,0.0141,0.006,NONE,False,False,0.0627,LOW_RISK,1,False,0.0714
prod_20002973,20002973,1000243,Phones & Telecommunications,4.0,1,2,2,1,0.064,0.1111,0.003,2,4.5e-05,282,0.013,0.007,NONE,False,False,0.1016,LOW_RISK,1,False,0.0714
prod_20001992,20001992,1000292,Automotive,3.75,4,12,13,2,0.0286,0.0909,0.0036,12,9.2e-05,282,0.013,0.007,NONE,False,False,0.0709,LOW_RISK,1,False,0.0714
prod_20002423,20002423,1000243,Tools & Home Improvement,3.0,3,16,16,1,0.0524,0.1667,0.0016,16,0.000108,282,0.013,0.007,NONE,False,False,0.1145,LOW_RISK,1,False,0.0714
prod_20002698,20002698,1000299,Jewelry & Accessories,4.67,6,31,33,3,0.0357,0.1429,0.0019,25,0.000188,282,0.013,0.007,NONE,False,False,0.0826,LOW_RISK,1,False,0.0715
prod_20001412,20001412,1000214,Tools & Home Improvement,4.0,1,5,5,1,0.039,0.1429,0.0046,5,5.8e-05,282,0.013,0.007,NONE,False,False,0.0553,LOW_RISK,1,False,0.0715
prod_20001617,20001617,1000075,Computer & Office,4.0,1,3,3,1,0.0906,0.25,0.003,3,5.1e-05,501,0.0146,0.015,NONE,False,False,0.047,LOW_RISK,1,False,0.0715
prod_20004721,20004721,1000191,Sports & Entertainment,5.0,2,5,5,1,0.0753,0.3333,0.0018,5,6.2e-05,714,0.0141,0.006,NONE,False,False,0.0577,LOW_RISK,1,False,0.0716
prod_20004884,20004884,1000289,Consumer Electronics,4.25,4,13,14,2,0.0741,0.25,0.0026,11,0.000123,714,0.0141,0.006,ELEC_SHOCK,True,True,0.2372,MODERATE_RISK,1,False,0.0716
prod_20002864,20002864,1000491,Tools & Home Improvement,4.0,2,5,5,1,0.0227,0.0909,0.0046,5,5.7e-05,714,0.0141,0.006,NONE,False,False,0.0866,LOW_RISK,1,False,0.0716
prod_20003590,20003590,1000028,Home & Garden,4.0,2,8,8,1,0.0786,0.3333,0.0018,7,8e-05,282,0.013,0.007,NONE,False,False,0.0515,LOW_RISK,1,False,0.0716
prod_20002554,20002554,1000464,Jewelry & Accessories,4.2,15,43,46,3,0.0251,0.0625,0.0013,29,0.000254,282,0.013,0.007,NONE,False,False,0.0977,LOW_RISK,1,False,0.0716
prod_20003004,20003004,1000375,Sports & Entertainment,4.0,1,4,4,1,0.0255,0.0909,0.0047,4,5.3e-05,714,0.0141,0.006,NONE,False,False,0.0578,LOW_RISK,1,False,0.0716
prod_20004997,20004997,1000327,Tools & Home Improvement,4.09,11,39,42,2,0.0255,0.0769,0.0019,30,0.000226,282,0.013,0.007,NONE,False,False,0.092,LOW_RISK,1,False,0.0716
prod_20002567,20002567,1000023,Phones & Telecommunications,4.6,10,39,42,4,0.0313,0.1,0.0017,28,0.000243,714,0.0141,0.006,NONE,False,False,0.0871,LOW_RISK,1,False,0.0717
prod_20003685,20003685,1000370,Computer & Office,4.0,3,12,13,2,0.0605,0.25,0.0017,11,0.0001,501,0.0146,0.015,CHOKE_CHILD,False,True,0.0593,LOW_RISK,1,False,0.0717
prod_20003216,20003216,1000303,Home & Garden,4.07,14,41,45,3,0.025,0.0714,0.0015,29,0.000248,282,0.013,0.007,NONE,False,False,0.0892,LOW_RISK,1,False,0.0717
prod_20000793,20000793,1000086,Sports & Entertainment,3.83,6,18,18,1,0.0716,0.1667,0.0008,13,0.000156,282,0.013,0.007,NONE,False,False,0.0698,LOW_RISK,1,False,0.0717
prod_20004054,20004054,1000279,Phones & Telecommunications,3.75,4,8,9,2,0.0851,0.2,0.002,7,8.4e-05,282,0.013,0.007,NONE,False,False,0.0541,LOW_RISK,1,False,0.0717
prod_20002472,20002472,1000092,Sports & Entertainment,4.0,1,2,2,1,0.0566,0.0714,0.003,2,4.5e-05,282,0.013,0.007,NONE,False,False,0.043,LOW_RISK,1,False,0.0717
prod_20000812,20000812,1000414,Jewelry & Accessories,4.2,5,24,26,2,0.0653,0.1667,0.0019,18,0.000172,501,0.0146,0.015,NONE,False,False,0.0746,LOW_RISK,1,False,0.0718
prod_20004285,20004285,1000222,Phones & Telecommunications,3.43,7,24,24,1,0.039,0.1429,0.0014,21,0.000151,282,0.013,0.007,NONE,False,False,0.1099,LOW_RISK,1,False,0.0718
prod_20004613,20004613,1000208,Home & Garden,3.62,8,28,32,2,0.0398,0.1111,0.0019,22,0.000197,501,0.0146,0.015,NONE,False,False,0.0798,LOW_RISK,1,False,0.0719
prod_20000973,20000973,1000013,Jewelry & Accessories,4.33,3,12,12,1,0.0743,0.3333,0.002,11,9.6e-05,714,0.0141,0.006,NONE,False,False,0.0575,LOW_RISK,1,False,0.0719
prod_20001054,20001054,1000025,Phones & Telecommunications,4.0,4,20,21,2,0.0267,0.1429,0.0031,18,0.000128,501,0.0146,0.015,NONE,False,False,0.1208,LOW_RISK,1,False,0.0719
prod_20000854,20000854,1000127,Phones & Telecommunications,4.33,3,13,13,1,0.088,0.25,0.0017,11,0.000107,501,0.0146,0.015,NONE,False,False,0.1083,LOW_RISK,1,False,0.0719
prod_20000769,20000769,1000399,Phones & Telecommunications,4.0,1,2,2,1,0.0588,0.0588,0.003,2,4.5e-05,714,0.0141,0.006,NONE,False,False,0.047,LOW_RISK,1,False,0.0719
prod_20003499,20003499,1000125,Jewelry & Accessories,4.0,2,7,8,2,0.0711,0.25,0.0034,7,7.4e-05,282,0.013,0.007,NONE,False,False,0.0586,LOW_RISK,1,False,0.0719
prod_20003880,20003880,1000090,Automotive,4.0,3,4,4,1,0.1055,0.25,0.001,4,6.5e-05,714,0.0141,0.006,NONE,False,False,0.0591,LOW_RISK,1,False,0.072
prod_20004484,20004484,1000151,Automotive,5.0,1,2,2,1,0.0559,0.1111,0.003,2,4.6e-05,282,0.013,0.007,NONE,False,False,0.049,LOW_RISK,1,False,0.072
prod_20000862,20000862,1000333,Home & Garden,4.64,11,32,38,5,0.0308,0.0909,0.0017,24,0.000214,714,0.0141,0.006,UNCERTIFIED_MED,False,True,0.1103,LOW_RISK,1,False,0.0721
prod_20001020,20001020,1000384,Home & Garden,3.67,3,10,10,1,0.0238,0.0769,0.0042,10,7.9e-05,714,0.0141,0.006,CHEM_TOXIC,False,True,0.1027,LOW_RISK,1,False,0.0721
prod_20002034,20002034,1000254,Home & Garden,5.0,1,2,2,1,0.0613,0.1111,0.003,2,4.5e-05,714,0.0141,0.006,NONE,False,False,0.05,LOW_RISK,1,False,0.0721
prod_20002620,20002620,1000247,Computer & Office,5.0,1,4,4,1,0.1124,0.25,0.0034,4,6e-05,282,0.013,0.007,NONE,False,False,0.0507,LOW_RISK,1,False,0.0721
prod_20003857,20003857,1000106,Tools & Home Improvement,3.0,1,3,3,1,0.0458,0.0667,0.003,3,4.9e-05,282,0.013,0.007,NONE,False,False,0.0439,LOW_RISK,1,False,0.0721
prod_20001386,20001386,1000377,Home & Garden,5.0,1,2,2,1,0.0478,0.0909,0.003,2,4.6e-05,282,0.013,0.007,ELEC_SHOCK,False,True,0.1538,MODERATE_RISK,1,False,0.0722
prod_20001789,20001789,1000408,Consumer Electronics,5.0,1,2,2,1,0.0516,0.0909,0.003,2,4.5e-05,282,0.013,0.007,CHOKE_CHILD,False,True,0.072,LOW_RISK,1,False,0.0722
prod_20004246,20004246,1000265,Automotive,5.0,1,2,2,1,0.0672,0.0909,0.003,2,4.5e-05,714,0.0141,0.006,NONE,False,False,0.0474,LOW_RISK,1,False,0.0722
prod_20003273,20003273,1000005,Phones & Telecommunications,3.45,11,30,33,2,0.029,0.0833,0.002,24,0.000194,282,0.013,0.007,NONE,False,False,0.0846,LOW_RISK,1,False,0.0722
prod_20003643,20003643,1000187,Tools & Home Improvement,3.25,4,11,11,1,0.0258,0.0833,0.0023,11,8.3e-05,501,0.0146,0.015,NONE,False,False,0.0547,LOW_RISK,1,False,0.0723
prod_20002342,20002342,1000346,Tools & Home Improvement,4.0,1,3,3,1,0.0325,0.0909,0.0044,3,4.9e-05,714,0.0141,0.006,NONE,False,False,0.0377,LOW_RISK,1,False,0.0723
prod_20003271,20003271,1000442,Sports & Entertainment,4.27,15,40,45,3,0.0247,0.0625,0.0017,29,0.000253,282,0.013,0.007,NONE,False,False,0.0876,LOW_RISK,1,False,0.0723
prod_20001698,20001698,1000209,Consumer Electronics,3.83,12,34,38,4,0.0293,0.0833,0.0018,27,0.00022,714,0.0141,0.006,ELEC_SHOCK,False,True,0.1406,LOW_RISK,1,False,0.0723
prod_20004417,20004417,1000340,Jewelry & Accessories,4.0,5,19,23,3,0.0475,0.1429,0.0027,16,0.000145,714,0.0141,0.006,NONE,False,False,0.0807,LOW_RISK,1,False,0.0724
prod_20004687,20004687,1000415,Sports & Entertainment,5.0,1,5,5,1,0.0153,0.0357,0.0038,5,5.7e-05,714,0.0141,0.006,UNCERTIFIED_MED,False,True,0.0322,LOW_RISK,1,False,0.0724
prod_20000993,20000993,1000152,Sports & Entertainment,5.0,2,6,7,2,0.0466,0.1111,0.0021,6,6.7e-05,282,0.013,0.007,NONE,False,False,0.039,LOW_RISK,1,False,0.0724
prod_20003930,20003930,1000158,Home & Garden,4.62,13,37,40,3,0.024,0.0625,0.0015,28,0.000216,282,0.013,0.007,NONE,False,False,0.0789,LOW_RISK,1,False,0.0724
prod_20001634,20001634,1000074,Jewelry & Accessories,3.5,8,29,29,1,0.0399,0.1111,0.0012,23,0.000174,714,0.0141,0.006,NONE,False,False,0.0887,LOW_RISK,1,False,0.0724
prod_20001816,20001816,1000370,Consumer Electronics,5.0,1,2,2,1,0.052,0.1,0.003,2,4.5e-05,282,0.013,0.007,NONE,False,False,0.0462,LOW_RISK,1,False,0.0724
prod_20003998,20003998,1000133,Jewelry & Accessories,3.6,10,37,37,1,0.0309,0.1,0.0017,28,0.000218,714,0.0141,0.006,NONE,False,False,0.1026,LOW_RISK,1,False,0.0724
prod_20000989,20000989,1000435,Phones & Telecommunications,5.0,1,9,9,1,0.0907,0.25,0.0033,9,8e-05,282,0.013,0.007,NONE,False,False,0.0553,LOW_RISK,1,False,0.0724
prod_20001707,20001707,1000480,Consumer Electronics,3.0,5,17,17,1,0.0288,0.1111,0.0024,16,0.000111,714,0.0141,0.006,NONE,False,False,0.0731,LOW_RISK,1,False,0.0725
prod_20004909,20004909,1000065,Tools & Home Improvement,4.0,13,41,45,3,0.0265,0.0588,0.0014,32,0.000238,714,0.0141,0.006,NONE,False,False,0.0872,LOW_RISK,1,False,0.0725
prod_20004900,20004900,1000023,Sports & Entertainment,4.0,10,36,38,2,0.0385,0.1,0.0009,26,0.000237,714,0.0141,0.006,NONE,False,False,0.0836,LOW_RISK,1,False,0.0725
prod_20001031,20001031,1000227,Sports & Entertainment,2.5,2,8,8,1,0.0526,0.125,0.002,8,7.5e-05,714,0.0141,0.006,NONE,False,False,0.0631,LOW_RISK,1,False,0.0725
prod_20001875,20001875,1000416,Sports & Entertainment,4.0,1,2,2,1,0.061,0.0909,0.003,2,4.5e-05,714,0.0141,0.006,NONE,False,False,0.0636,LOW_RISK,1,False,0.0725
prod_20004994,20004994,1000493,Sports & Entertainment,5.0,1,5,5,1,0.0386,0.0909,0.0038,5,5.8e-05,501,0.0146,0.015,NONE,False,False,0.0475,LOW_RISK,1,False,0.0726
prod_20003020,20003020,1000203,Consumer Electronics,3.5,4,13,13,1,0.0618,0.25,0.0023,11,0.000101,501,0.0146,0.015,NONE,False,False,0.073,LOW_RISK,1,False,0.0726
prod_20003701,20003701,1000255,Jewelry & Accessories,4.67,6,25,27,2,0.0664,0.1429,0.0014,15,0.00019,282,0.013,0.007,NONE,False,False,0.0775,LOW_RISK,1,False,0.0726
prod_20001929,20001929,1000086,Consumer Electronics,5.0,1,6,6,1,0.0254,0.0667,0.004,6,6.2e-05,714,0.0141,0.006,NONE,False,False,0.0515,LOW_RISK,1,False,0.0726
prod_20002385,20002385,1000102,Tools & Home Improvement,4.3,10,34,34,1,0.0227,0.1,0.0019,28,0.000192,282,0.013,0.007,NONE,False,False,0.0908,LOW_RISK,1,False,0.0726
prod_20001530,20001530,1000249,Home & Garden,4.1,10,40,41,2,0.0257,0.1,0.0018,32,0.00023,714,0.0141,0.006,NONE,False,False,0.1169,LOW_RISK,1,False,0.0727
prod_20004204,20004204,1000040,Tools & Home Improvement,4.2,10,33,37,3,0.0305,0.1,0.0018,26,0.000204,501,0.0146,0.015,NONE,False,False,0.093,LOW_RISK,1,False,0.0727
prod_20004836,20004836,1000238,Jewelry & Accessories,3.0,4,11,11,1,0.0466,0.1111,0.0009,11,8.6e-05,282,0.013,0.007,NONE,False,False,0.0628,LOW_RISK,1,False,0.0728
prod_20003951,20003951,1000299,Phones & Telecommunications,5.0,1,5,5,1,0.0508,0.1667,0.0039,5,5.9e-05,282,0.013,0.007,NONE,False,False,0.0543,LOW_RISK,1,False,0.0729
prod_20002746,20002746,1000012,Tools & Home Improvement,5.0,1,4,4,1,0.0302,0.1,0.0043,4,5.3e-05,714,0.0141,0.006,NONE,False,False,0.0345,LOW_RISK,1,False,0.0729
prod_20002740,20002740,1000140,Home & Garden,4.0,1,2,2,1,0.053,0.0833,0.003,2,4.5e-05,282,0.013,0.007,NONE,False,False,0.0422,LOW_RISK,1,False,0.0729
prod_20004198,20004198,1000150,Home & Garden,3.82,11,36,38,2,0.0368,0.0833,0.0009,23,0.000234,282,0.013,0.007,NONE,False,False,0.0913,LOW_RISK,1,False,0.0729
prod_20001429,20001429,1000285,Automotive,3.83,6,23,24,2,0.0271,0.1111,0.0026,21,0.000141,501,0.0146,0.015,NONE,False,False,0.1195,LOW_RISK,1,False,0.0729
prod_20004120,20004120,1000430,Home & Garden,4.47,15,46,51,3,0.0254,0.0667,0.0015,30,0.000275,714,0.0141,0.006,NONE,False,False,0.0923,LOW_RISK,1,False,0.073
prod_20002986,20002986,1000080,Phones & Telecommunications,4.09,11,42,43,2,0.0353,0.0833,0.0013,28,0.000256,282,0.013,0.007,NONE,False,False,0.0923,LOW_RISK,1,False,0.073
prod_20004718,20004718,1000316,Computer & Office,3.91,11,36,45,4,0.0363,0.0909,0.0017,24,0.000257,714,0.0141,0.006,CHOKE_CHILD,True,True,0.2926,MODERATE_RISK,1,False,0.0732
prod_20003895,20003895,1000257,Jewelry & Accessories,5.0,2,3,3,1,0.0665,0.1111,0.001,3,5e-05,501,0.0146,0.015,NONE,False,False,0.0609,LOW_RISK,1,False,0.0732
prod_20001867,20001867,1000290,Tools & Home Improvement,4.0,2,11,11,1,0.0344,0.2,0.0044,11,8.4e-05,714,0.0141,0.006,NONE,False,False,0.0716,LOW_RISK,1,False,0.0733
prod_20001323,20001323,1000096,Consumer Electronics,3.73,11,34,37,3,0.0242,0.0833,0.0019,28,0.000209,714,0.0141,0.006,NONE,False,False,0.0966,LOW_RISK,1,False,0.0733
prod_20003948,20003948,1000340,Computer & Office,3.75,4,12,14,2,0.0539,0.1429,0.0025,10,0.000107,501,0.0146,0.015,NONE,False,False,0.0704,LOW_RISK,1,False,0.0733
prod_20003328,20003328,1000420,Jewelry & Accessories,3.67,9,32,33,2,0.024,0.0714,0.0022,28,0.00018,714,0.0141,0.006,NONE,False,False,0.0832,LOW_RISK,1,False,0.0733
prod_20003319,20003319,1000138,Phones & Telecommunications,5.0,1,3,3,1,0.0289,0.0769,0.0036,3,4.9e-05,501,0.0146,0.015,NONE,False,False,0.0448,LOW_RISK,1,False,0.0733
prod_20000946,20000946,1000282,Tools & Home Improvement,5.0,1,4,4,1,0.0173,0.0323,0.0038,4,5.3e-05,714,0.0141,0.006,NONE,False,False,0.039,LOW_RISK,1,False,0.0733
prod_20004380,20004380,1000004,Automotive,4.0,1,3,3,1,0.0369,0.0625,0.0037,3,4.9e-05,501,0.0146,0.015,NONE,False,False,0.0965,LOW_RISK,1,False,0.0733
prod_20003972,20003972,1000464,Automotive,4.4,15,45,48,3,0.0242,0.0667,0.0015,32,0.000276,714,0.0141,0.006,NONE,False,False,0.088,LOW_RISK,1,False,0.0733
prod_20002599,20002599,1000296,Automotive,4.0,3,7,7,1,0.03,0.1,0.0047,7,6.6e-05,282,0.013,0.007,NONE,False,False,0.0414,LOW_RISK,1,False,0.0733
prod_20001973,20001973,1000438,Computer & Office,3.67,3,11,11,1,0.0831,0.25,0.001,10,9.4e-05,714,0.0141,0.006,NONE,False,False,0.0614,LOW_RISK,1,False,0.0734
prod_20002565,20002565,1000338,Jewelry & Accessories,3.5,8,30,31,2,0.0384,0.1111,0.0013,24,0.000192,282,0.013,0.007,NONE,False,False,0.0852,LOW_RISK,1,False,0.0735
prod_20002151,20002151,1000177,Sports & Entertainment,4.0,3,13,14,2,0.0508,0.2,0.0025,13,0.0001,501,0.0146,0.015,NONE,False,False,0.0534,LOW_RISK,1,False,0.0735
prod_20003130,20003130,1000376,Home & Garden,3.0,2,4,4,1,0.0603,0.1111,0.0016,4,5.4e-05,714,0.0141,0.006,NONE,False,False,0.0506,LOW_RISK,1,False,0.0735
prod_20001362,20001362,1000310,Home & Garden,4.33,3,13,14,2,0.0575,0.2,0.0025,12,0.000103,501,0.0146,0.015,NONE,False,False,0.0665,LOW_RISK,1,False,0.0736
prod_20001227,20001227,1000409,Consumer Electronics,4.5,14,34,39,4,0.0253,0.0714,0.0021,27,0.000221,714,0.0141,0.006,UNCERTIFIED_MED,False,True,0.162,MODERATE_RISK,1,False,0.0736
prod_20003201,20003201,1000358,Phones & Telecommunications,5.0,1,5,5,1,0.0753,0.1667,0.0032,5,6.2e-05,501,0.0146,0.015,NONE,False,False,0.0368,LOW_RISK,1,False,0.0737
prod_20000887,20000887,1000189,Sports & Entertainment,4.0,6,17,19,2,0.0537,0.1667,0.0026,13,0.000135,501,0.0146,0.015,NONE,False,False,0.0646,LOW_RISK,1,False,0.0737
prod_20003729,20003729,1000419,Tools & Home Improvement,4.0,1,4,4,1,0.055,0.1111,0.0043,4,5.4e-05,714,0.0141,0.006,NONE,False,False,0.0563,LOW_RISK,1,False,0.0737
prod_20002398,20002398,1000081,Automotive,4.2,15,44,50,3,0.0269,0.0667,0.0013,31,0.000268,714,0.0141,0.006,NONE,False,False,0.0996,LOW_RISK,1,False,0.0737
prod_20003318,20003318,1000013,Home & Garden,5.0,1,2,2,1,0.0276,0.037,0.003,2,4.4e-05,714,0.0141,0.006,NONE,False,False,0.0444,LOW_RISK,1,False,0.0738
prod_20003644,20003644,1000042,Sports & Entertainment,3.75,4,19,19,1,0.0683,0.25,0.0016,14,0.000143,501,0.0146,0.015,NONE,False,False,0.1139,LOW_RISK,1,False,0.0738
prod_20004040,20004040,1000019,Phones & Telecommunications,3.6,10,32,35,2,0.0259,0.0769,0.0016,27,0.000194,282,0.013,0.007,NONE,False,False,0.1224,LOW_RISK,1,False,0.0739
prod_20003674,20003674,1000268,Home & Garden,3.6,5,17,17,1,0.0692,0.2,0.0008,14,0.000143,282,0.013,0.007,NONE,False,False,0.0626,LOW_RISK,1,False,0.0739
prod_20002344,20002344,1000302,Consumer Electronics,4.0,1,2,2,1,0.0479,0.0714,0.003,2,4.5e-05,714,0.0141,0.006,NONE,False,False,0.0458,LOW_RISK,1,False,0.0739
prod_20002549,20002549,1000020,Tools & Home Improvement,5.0,1,2,2,1,0.04,0.0455,0.003,2,4.5e-05,282,0.013,0.007,NONE,False,False,0.0437,LOW_RISK,1,False,0.074
prod_20003241,20003241,1000200,Automotive,4.64,11,32,36,2,0.0248,0.0952,0.0022,28,0.000194,282,0.013,0.007,NONE,False,False,0.0718,LOW_RISK,1,False,0.074
prod_20004460,20004460,1000428,Consumer Electronics,3.33,6,18,19,2,0.0422,0.1667,0.0019,16,0.000132,282,0.013,0.007,NONE,False,False,0.0683,LOW_RISK,1,False,0.074
prod_20000930,20000930,1000330,Phones & Telecommunications,3.0,3,6,6,1,0.0613,0.25,0.002,6,6.5e-05,282,0.013,0.007,NONE,False,False,0.0606,LOW_RISK,1,False,0.0741
prod_20000903,20000903,1000413,Home & Garden,4.5,4,12,13,2,0.0286,0.1429,0.0035,11,9.3e-05,282,0.013,0.007,NONE,False,False,0.0711,LOW_RISK,1,False,0.0741
prod_20002094,20002094,1000080,Computer & Office,3.0,3,12,12,1,0.0266,0.1111,0.0027,12,9e-05,714,0.0141,0.006,NONE,False,False,0.0584,LOW_RISK,1,False,0.0741
prod_20003887,20003887,1000272,Phones & Telecommunications,5.0,2,6,6,1,0.036,0.0909,0.0042,6,6.2e-05,714,0.0141,0.006,NONE,False,False,0.0424,LOW_RISK,1,False,0.0742
prod_20004663,20004663,1000166,Home & Garden,5.0,1,3,3,1,0.0745,0.1429,0.003,3,5e-05,501,0.0146,0.015,NONE,False,False,0.0429,LOW_RISK,1,False,0.0742
prod_20003655,20003655,1000043,Computer & Office,4.5,12,43,46,4,0.0323,0.0769,0.0014,28,0.00026,714,0.0141,0.006,NONE,False,False,0.1013,LOW_RISK,1,False,0.0742
prod_20003936,20003936,1000348,Computer & Office,3.45,11,25,27,2,0.0305,0.0769,0.0018,19,0.000163,282,0.013,0.007,NONE,False,False,0.0725,LOW_RISK,1,False,0.0742
prod_20001103,20001103,1000432,Jewelry & Accessories,3.33,3,13,13,1,0.0314,0.2,0.0032,12,9.6e-05,282,0.013,0.007,NONE,False,False,0.0564,LOW_RISK,1,False,0.0743
prod_20004599,20004599,1000474,Automotive,4.8,5,18,19,2,0.0638,0.2,0.0014,15,0.000131,501,0.0146,0.015,NONE,False,False,0.0786,LOW_RISK,1,False,0.0743
prod_20003695,20003695,1000193,Home & Garden,5.0,2,7,7,1,0.0654,0.25,0.0037,6,7.1e-05,282,0.013,0.007,CHEM_TOXIC,False,True,0.1191,LOW_RISK,1,False,0.0743
prod_20000782,20000782,1000284,Home & Garden,4.43,14,46,51,3,0.0313,0.0714,0.0013,28,0.000299,714,0.0141,0.006,NONE,False,False,0.1037,LOW_RISK,1,False,0.0743
prod_20002993,20002993,1000103,Jewelry & Accessories,5.0,1,3,3,1,0.0131,0.0154,0.0033,3,4.8e-05,714,0.0141,0.006,NONE,False,False,0.0439,LOW_RISK,1,False,0.0743
prod_20003819,20003819,1000145,Computer & Office,4.25,8,26,32,4,0.0357,0.125,0.0022,21,0.000193,282,0.013,0.007,NONE,False,False,0.0835,LOW_RISK,1,False,0.0744
prod_20002934,20002934,1000209,Tools & Home Improvement,5.0,1,2,2,1,0.0514,0.0909,0.003,2,4.5e-05,714,0.0141,0.006,UNCERTIFIED_MED,True,True,0.2385,MODERATE_RISK,1,False,0.0744
prod_20004228,20004228,1000023,Phones & Telecommunications,4.25,4,13,14,2,0.0585,0.25,0.0017,11,0.000112,501,0.0146,0.015,NONE,False,False,0.0736,LOW_RISK,1,False,0.0745
prod_20002580,20002580,1000316,Tools & Home Improvement,3.33,3,7,7,1,0.0436,0.1429,0.001,7,6.9e-05,501,0.0146,0.015,ELEC_SHOCK,True,True,0.2772,MODERATE_RISK,1,False,0.0745
prod_20004809,20004809,1000447,Computer & Office,4.36,11,41,45,4,0.0289,0.0714,0.0017,29,0.000243,714,0.0141,0.006,NONE,False,False,0.1051,LOW_RISK,1,False,0.0745
prod_20004976,20004976,1000371,Computer & Office,3.44,9,25,26,2,0.033,0.0909,0.0017,22,0.000164,282,0.013,0.007,NONE,False,False,0.2247,MODERATE_RISK,1,False,0.0745
prod_20002661,20002661,1000395,Computer & Office,3.75,4,10,11,2,0.0763,0.25,0.0015,9,0.0001,282,0.013,0.007,NONE,False,False,0.0579,LOW_RISK,1,False,0.0746
prod_20001147,20001147,1000401,Automotive,4.25,8,33,34,2,0.0314,0.125,0.0019,26,0.000198,501,0.0146,0.015,NONE,False,False,0.0996,LOW_RISK,1,False,0.0746
prod_20004055,20004055,1000094,Jewelry & Accessories,4.29,14,43,51,3,0.0279,0.0714,0.0017,29,0.000275,714,0.0141,0.006,NONE,False,False,0.1279,LOW_RISK,1,False,0.0746
prod_20001620,20001620,1000204,Automotive,4.21,14,44,49,3,0.03,0.0667,0.0013,32,0.000266,714,0.0141,0.006,NONE,False,False,0.1538,MODERATE_RISK,1,False,0.0746
prod_20001482,20001482,1000112,Automotive,3.0,1,4,4,1,0.0634,0.1429,0.0032,4,5.6e-05,714,0.0141,0.006,NONE,False,False,0.0939,LOW_RISK,1,False,0.0747
prod_20001124,20001124,1000417,Computer & Office,5.0,2,3,3,1,0.074,0.2,0.0023,3,5.2e-05,501,0.0146,0.015,NONE,False,False,0.0518,LOW_RISK,1,False,0.0747
prod_20002651,20002651,1000136,Tools & Home Improvement,4.0,1,5,5,1,0.087,0.25,0.0038,5,5.9e-05,714,0.0141,0.006,NONE,False,False,0.0551,LOW_RISK,1,False,0.0747
prod_20002057,20002057,1000486,Phones & Telecommunications,5.0,3,12,12,1,0.0777,0.2,0.0023,10,0.000101,501,0.0146,0.015,NONE,False,False,0.0663,LOW_RISK,1,False,0.0747
prod_20000907,20000907,1000132,Tools & Home Improvement,4.0,4,18,20,2,0.072,0.25,0.0023,14,0.000142,714,0.0141,0.006,NONE,False,False,0.0697,LOW_RISK,1,False,0.0747
prod_20003772,20003772,1000098,Consumer Electronics,4.0,1,2,2,1,0.0553,0.1,0.003,2,4.5e-05,282,0.013,0.007,NONE,False,False,0.0495,LOW_RISK,1,False,0.0748
prod_20002292,20002292,1000360,Automotive,4.09,11,35,40,4,0.0299,0.0833,0.0019,27,0.00022,714,0.0141,0.006,NONE,False,False,0.0944,LOW_RISK,1,False,0.0748
prod_20001068,20001068,1000332,Computer & Office,3.5,8,21,21,1,0.0293,0.0833,0.0024,19,0.000132,501,0.0146,0.015,NONE,False,False,0.0827,LOW_RISK,1,False,0.0748
prod_20003654,20003654,1000239,Jewelry & Accessories,4.0,1,2,2,1,0.0253,0.05,0.003,2,4.4e-05,282,0.013,0.007,NONE,False,False,0.0357,LOW_RISK,1,False,0.0748
prod_20002719,20002719,1000280,Tools & Home Improvement,3.8,5,22,23,2,0.0468,0.1667,0.0018,18,0.000148,501,0.0146,0.015,CHOKE_CHILD,False,True,0.1621,MODERATE_RISK,1,False,0.0748
prod_20000870,20000870,1000015,Sports & Entertainment,3.25,4,14,14,1,0.0748,0.25,0.0017,11,0.000117,714,0.0141,0.006,NONE,False,False,0.0683,LOW_RISK,1,False,0.0748
prod_20003268,20003268,1000352,Computer & Office,4.0,2,6,6,1,0.0952,0.25,0.0018,6,6.9e-05,501,0.0146,0.015,NONE,False,False,0.0506,LOW_RISK,1,False,0.0749
prod_20003734,20003734,1000480,Sports & Entertainment,4.67,3,12,12,1,0.0766,0.25,0.0011,11,9.6e-05,282,0.013,0.007,NONE,False,False,0.0764,LOW_RISK,1,False,0.0749
prod_20003483,20003483,1000336,Phones & Telecommunications,3.0,1,3,3,1,0.0551,0.1429,0.003,3,4.9e-05,714,0.0141,0.006,UNCERTIFIED_MED,True,True,0.247,MODERATE_RISK,1,False,0.0749
prod_20001331,20001331,1000187,Automotive,4.0,1,5,5,1,0.0388,0.1,0.0043,5,5.8e-05,282,0.013,0.007,ELEC_SHOCK,False,True,0.0464,LOW_RISK,1,False,0.0749
prod_20002767,20002767,1000290,Sports & Entertainment,4.5,2,6,6,1,0.0803,0.25,0.0037,6,6.7e-05,714,0.0141,0.006,NONE,False,False,0.0618,LOW_RISK,1,False,0.075
prod_20000919,20000919,1000088,Automotive,4.67,3,9,9,1,0.075,0.3333,0.0019,8,8.2e-05,714,0.0141,0.006,NONE,False,False,0.0501,LOW_RISK,1,False,0.075
prod_20003539,20003539,1000199,Jewelry & Accessories,4.0,13,37,40,3,0.0248,0.0625,0.0017,29,0.00022,714,0.0141,0.006,NONE,False,False,0.1171,LOW_RISK,1,False,0.075
prod_20000776,20000776,1000356,Consumer Electronics,3.33,6,27,27,1,0.0413,0.1111,0.0014,20,0.000164,714,0.0141,0.006,NONE,False,False,0.1335,LOW_RISK,1,False,0.075
prod_20002514,20002514,1000260,Automotive,4.86,7,28,28,1,0.0515,0.125,0.0012,19,0.000189,501,0.0146,0.015,NONE,False,False,0.0851,LOW_RISK,1,False,0.0751
prod_20004978,20004978,1000141,Tools & Home Improvement,2.75,4,8,8,1,0.029,0.1,0.0019,8,7.1e-05,282,0.013,0.007,UNCERTIFIED_MED,False,True,0.0498,LOW_RISK,1,False,0.0751
prod_20002994,20002994,1000103,Consumer Electronics,4.5,2,7,7,1,0.0339,0.1,0.0047,7,6.7e-05,282,0.013,0.007,NONE,False,False,0.06,LOW_RISK,1,False,0.0751
prod_20003563,20003563,1000382,Computer & Office,3.0,1,4,4,1,0.0463,0.0714,0.0033,4,5.4e-05,714,0.0141,0.006,NONE,False,False,0.0579,LOW_RISK,1,False,0.0752
prod_20004990,20004990,1000354,Jewelry & Accessories,5.0,1,3,3,1,0.0263,0.0714,0.0041,3,4.9e-05,714,0.0141,0.006,NONE,False,False,0.0476,LOW_RISK,1,False,0.0752
prod_20001638,20001638,1000378,Consumer Electronics,3.75,4,13,14,2,0.0435,0.2,0.003,12,0.0001,282,0.013,0.007,NONE,False,False,0.061,LOW_RISK,1,False,0.0753
prod_20004894,20004894,1000015,Jewelry & Accessories,4.0,11,35,38,3,0.0265,0.0909,0.0019,27,0.00022,282,0.013,0.007,NONE,False,False,0.093,LOW_RISK,1,False,0.0753
prod_20000894,20000894,1000211,Home & Garden,5.0,1,6,6,1,0.0938,0.25,0.0035,6,6.7e-05,714,0.0141,0.006,ELEC_SHOCK,False,True,0.1403,LOW_RISK,1,False,0.0753
prod_20000998,20000998,1000249,Tools & Home Improvement,3.5,6,22,22,1,0.0485,0.1429,0.0013,16,0.000153,282,0.013,0.007,NONE,False,False,0.1047,LOW_RISK,1,False,0.0753
prod_20001980,20001980,1000082,Phones & Telecommunications,4.75,4,18,19,2,0.0548,0.25,0.0017,16,0.000127,282,0.013,0.007,NONE,False,False,0.0863,LOW_RISK,1,False,0.0754
prod_20004538,20004538,1000124,Phones & Telecommunications,3.73,11,39,42,2,0.0315,0.0909,0.0015,28,0.000238,714,0.0141,0.006,NONE,False,False,0.1195,LOW_RISK,1,False,0.0754
prod_20003124,20003124,1000197,Computer & Office,4.0,1,3,3,1,0.1072,0.2,0.0033,3,5.3e-05,282,0.013,0.007,NONE,False,False,0.0413,LOW_RISK,1,False,0.0754
prod_20002702,20002702,1000073,Computer & Office,4.0,12,37,41,4,0.0334,0.0769,0.0014,25,0.000237,714,0.0141,0.006,NONE,False,False,0.146,LOW_RISK,1,False,0.0754
prod_20001750,20001750,1000334,Tools & Home Improvement,3.88,8,27,30,4,0.0274,0.1,0.002,24,0.000168,714,0.0141,0.006,CHEM_TOXIC,False,True,0.1485,LOW_RISK,1,False,0.0754
prod_20001993,20001993,1000009,Jewelry & Accessories,3.0,3,8,8,1,0.0554,0.125,0.0008,8,7.2e-05,714,0.0141,0.006,NONE,False,False,0.1156,LOW_RISK,1,False,0.0754
prod_20000975,20000975,1000198,Consumer Electronics,4.0,1,3,3,1,0.0114,0.0182,0.0035,3,4.8e-05,714,0.0141,0.006,NONE,False,False,0.0577,LOW_RISK,1,False,0.0755
prod_20001690,20001690,1000118,Home & Garden,5.0,1,3,3,1,0.0154,0.0294,0.0035,3,4.8e-05,714,0.0141,0.006,NONE,False,False,0.0362,LOW_RISK,1,False,0.0755
prod_20002903,20002903,1000033,Phones & Telecommunications,5.0,1,5,5,1,0.0815,0.2,0.0036,5,6e-05,714,0.0141,0.006,CHOKE_CHILD,True,True,0.2929,MODERATE_RISK,1,False,0.0755
prod_20001302,20001302,1000112,Sports & Entertainment,4.2,15,36,39,3,0.0221,0.0667,0.0019,27,0.000222,282,0.013,0.007,NONE,False,False,0.1174,LOW_RISK,1,False,0.0755
prod_20004897,20004897,1000164,Consumer Electronics,3.7,10,35,37,2,0.0348,0.1,0.0013,27,0.00022,282,0.013,0.007,NONE,False,False,0.0946,LOW_RISK,1,False,0.0756
prod_20002765,20002765,1000137,Phones & Telecommunications,3.0,1,4,4,1,0.042,0.0714,0.0033,4,5.4e-05,282,0.013,0.007,NONE,False,False,0.0683,LOW_RISK,1,False,0.0756
prod_20001343,20001343,1000474,Sports & Entertainment,3.83,6,18,19,2,0.0294,0.0909,0.003,17,0.00012,501,0.0146,0.015,NONE,False,False,0.069,LOW_RISK,1,False,0.0756
prod_20000803,20000803,1000070,Sports & Entertainment,5.0,1,4,4,1,0.02,0.0556,0.0038,4,5.3e-05,282,0.013,0.007,UNCERTIFIED_MED,False,True,0.0988,LOW_RISK,1,False,0.0757
prod_20002587,20002587,1000074,Home & Garden,2.75,4,11,11,1,0.056,0.2,0.0016,10,8.9e-05,714,0.0141,0.006,NONE,False,False,0.0674,LOW_RISK,1,False,0.0757
prod_20004961,20004961,1000151,Sports & Entertainment,4.2,10,38,38,1,0.0236,0.0833,0.0014,32,0.00021,714,0.0141,0.006,NONE,False,False,0.0924,LOW_RISK,1,False,0.0758
prod_20001563,20001563,1000251,Phones & Telecommunications,3.93,15,38,43,2,0.0277,0.0625,0.0016,26,0.000259,714,0.0141,0.006,NONE,False,False,0.0956,LOW_RISK,1,False,0.0758
prod_20004951,20004951,1000375,Tools & Home Improvement,5.0,1,5,5,1,0.0489,0.125,0.0039,5,5.9e-05,714,0.0141,0.006,NONE,False,False,0.0588,LOW_RISK,1,False,0.0758
prod_20002428,20002428,1000327,Tools & Home Improvement,4.0,2,4,4,1,0.0162,0.0312,0.0037,4,5.3e-05,282,0.013,0.007,NONE,False,False,0.056,LOW_RISK,1,False,0.0758
prod_20001427,20001427,1000381,Tools & Home Improvement,4.0,4,8,9,2,0.0309,0.1,0.0039,8,7.6e-05,282,0.013,0.007,NONE,False,False,0.0573,LOW_RISK,1,False,0.0759
prod_20004494,20004494,1000175,Automotive,4.0,13,41,44,3,0.0271,0.0769,0.0016,29,0.000253,714,0.0141,0.006,NONE,False,False,0.0836,LOW_RISK,1,False,0.0759
prod_20001067,20001067,1000435,Jewelry & Accessories,3.67,9,35,36,2,0.0344,0.1111,0.0015,26,0.000223,282,0.013,0.007,NONE,False,False,0.0877,LOW_RISK,1,False,0.0759
prod_20001244,20001244,1000430,Tools & Home Improvement,4.0,2,12,12,1,0.1004,0.25,0.0024,11,9.9e-05,714,0.0141,0.006,NONE,False,False,0.0546,LOW_RISK,1,False,0.0759
prod_20003476,20003476,1000177,Tools & Home Improvement,5.0,1,7,7,1,0.0918,0.25,0.0031,7,7e-05,282,0.013,0.007,NONE,False,False,0.0489,LOW_RISK,1,False,0.0759
prod_20000981,20000981,1000049,Jewelry & Accessories,4.0,1,5,5,1,0.0473,0.2,0.004,5,5.8e-05,282,0.013,0.007,NONE,False,False,0.0554,LOW_RISK,1,False,0.0759
prod_20001743,20001743,1000451,Jewelry & Accessories,5.0,1,3,3,1,0.0215,0.0357,0.0035,3,4.8e-05,282,0.013,0.007,NONE,False,False,0.0602,LOW_RISK,1,False,0.076
prod_20001725,20001725,1000354,Computer & Office,4.0,1,2,2,1,0.0263,0.0417,0.003,2,4.5e-05,714,0.0141,0.006,NONE,False,False,0.0407,LOW_RISK,1,False,0.076
prod_20004395,20004395,1000048,Jewelry & Accessories,4.0,1,3,3,1,0.1204,0.2,0.003,3,5.5e-05,714,0.0141,0.006,NONE,False,False,0.049,LOW_RISK,1,False,0.076
prod_20001696,20001696,1000242,Computer & Office,4.09,11,39,43,3,0.0321,0.0909,0.0014,28,0.00026,282,0.013,0.007,NONE,False,False,0.0885,LOW_RISK,1,False,0.076
prod_20004276,20004276,1000430,Consumer Electronics,5.0,1,3,3,1,0.0518,0.0833,0.0033,3,5e-05,501,0.0146,0.015,NONE,False,False,0.0441,LOW_RISK,1,False,0.076
prod_20001662,20001662,1000080,Consumer Electronics,5.0,1,2,2,1,0.0361,0.0526,0.003,2,4.5e-05,282,0.013,0.007,NONE,False,False,0.0465,LOW_RISK,1,False,0.0761
prod_20001942,20001942,1000385,Sports & Entertainment,4.5,12,26,33,4,0.0299,0.0833,0.0024,21,0.000204,714,0.0141,0.006,NONE,False,False,0.0833,LOW_RISK,1,False,0.0761
prod_20002069,20002069,1000330,Tools & Home Improvement,4.42,12,43,44,2,0.0266,0.0833,0.0014,32,0.000245,714,0.0141,0.006,NONE,False,False,0.1001,LOW_RISK,1,False,0.0761
prod_20004578,20004578,1000235,Tools & Home Improvement,4.25,4,18,19,2,0.0714,0.25,0.002,13,0.000133,714,0.0141,0.006,NONE,False,False,0.1081,LOW_RISK,1,False,0.0761
prod_20001013,20001013,1000066,Phones & Telecommunications,5.0,1,3,3,1,0.0861,0.1667,0.003,3,5.1e-05,282,0.013,0.007,NONE,False,False,0.0341,LOW_RISK,1,False,0.0761
prod_20003720,20003720,1000179,Jewelry & Accessories,4.33,3,11,12,2,0.056,0.2,0.0034,11,9.2e-05,282,0.013,0.007,NONE,False,False,0.0856,LOW_RISK,1,False,0.0761
prod_20002088,20002088,1000171,Computer & Office,4.0,2,2,2,1,0.0397,0.05,0.003,2,4.5e-05,714,0.0141,0.006,NONE,False,False,0.0335,LOW_RISK,1,False,0.0761
prod_20004810,20004810,1000153,Home & Garden,4.0,1,2,2,1,0.0452,0.0769,0.003,2,4.5e-05,282,0.013,0.007,NONE,False,False,0.0575,LOW_RISK,1,False,0.0762
prod_20003340,20003340,1000398,Home & Garden,4.5,6,23,26,3,0.0531,0.1667,0.0019,19,0.00017,282,0.013,0.007,NONE,False,False,0.0772,LOW_RISK,1,False,0.0762
prod_20004471,20004471,1000059,Phones & Telecommunications,3.0,1,4,4,1,0.0545,0.1111,0.0033,4,5.4e-05,714,0.0141,0.006,NONE,False,False,0.0513,LOW_RISK,1,False,0.0762
prod_20001900,20001900,1000036,Consumer Electronics,4.0,1,3,3,1,0.0694,0.1667,0.0035,3,5e-05,501,0.0146,0.015,NONE,False,False,0.0429,LOW_RISK,1,False,0.0762
prod_20002172,20002172,1000105,Consumer Electronics,4.29,17,41,45,3,0.0246,0.087,0.0015,29,0.000251,714,0.0141,0.006,NONE,False,False,0.098,LOW_RISK,1,False,0.0763
prod_20002690,20002690,1000167,Home & Garden,5.0,1,2,2,1,0.0462,0.0833,0.003,2,4.5e-05,714,0.0141,0.006,NONE,False,False,0.0464,LOW_RISK,1,False,0.0763
prod_20001112,20001112,1000252,Computer & Office,4.6,5,12,13,2,0.0323,0.1111,0.0033,11,9.7e-05,282,0.013,0.007,NONE,False,False,0.0506,LOW_RISK,1,False,0.0763
prod_20004116,20004116,1000357,Phones & Telecommunications,3.75,4,17,18,2,0.0465,0.2,0.0028,15,0.000122,714,0.0141,0.006,ELEC_SHOCK,False,True,0.0679,LOW_RISK,1,False,0.0764
prod_20001565,20001565,1000285,Sports & Entertainment,4.0,3,13,13,1,0.0897,0.25,0.0014,11,0.000112,282,0.013,0.007,CHEM_TOXIC,False,True,0.1155,LOW_RISK,1,False,0.0764
prod_20002365,20002365,1000254,Phones & Telecommunications,3.5,2,13,13,1,0.0676,0.2,0.0034,13,9.8e-05,714,0.0141,0.006,NONE,False,False,0.0772,LOW_RISK,1,False,0.0764
prod_20001150,20001150,1000315,Home & Garden,3.78,9,27,29,2,0.0283,0.1111,0.0018,24,0.000168,501,0.0146,0.015,NONE,False,False,0.0798,LOW_RISK,1,False,0.0764
prod_20002785,20002785,1000125,Tools & Home Improvement,3.0,1,3,3,1,0.0377,0.0909,0.003,3,4.9e-05,714,0.0141,0.006,NONE,False,False,0.0539,LOW_RISK,1,False,0.0764
prod_20004775,20004775,1000344,Computer & Office,5.0,1,5,5,1,0.0281,0.0833,0.0041,5,5.7e-05,714,0.0141,0.006,NONE,False,False,0.0473,LOW_RISK,1,False,0.0764
prod_20001499,20001499,1000190,Jewelry & Accessories,3.6,5,17,17,1,0.0588,0.2,0.001,14,0.000157,282,0.013,0.007,NONE,False,False,0.0684,LOW_RISK,1,False,0.0765
prod_20002065,20002065,1000407,Computer & Office,5.0,2,3,3,1,0.0602,0.1667,0.0036,3,5.1e-05,282,0.013,0.007,NONE,False,False,0.0461,LOW_RISK,1,False,0.0765
prod_20001501,20001501,1000041,Computer & Office,4.0,9,29,34,4,0.0371,0.1111,0.0018,23,0.000204,282,0.013,0.007,NONE,False,False,0.0829,LOW_RISK,1,False,0.0765
prod_20000905,20000905,1000349,Sports & Entertainment,5.0,1,3,3,1,0.0597,0.1667,0.0036,3,5e-05,282,0.013,0.007,NONE,False,False,0.0429,LOW_RISK,1,False,0.0765
prod_20001119,20001119,1000234,Computer & Office,5.0,1,5,5,1,0.037,0.0909,0.004,5,5.8e-05,714,0.0141,0.006,NONE,False,False,0.049,LOW_RISK,1,False,0.0766
prod_20001441,20001441,1000116,Tools & Home Improvement,4.5,2,3,3,1,0.0808,0.1429,0.003,3,5.1e-05,501,0.0146,0.015,NONE,False,False,0.0378,LOW_RISK,1,False,0.0766
prod_20004049,20004049,1000416,Home & Garden,5.0,4,12,12,1,0.0806,0.2,0.0015,10,0.000101,282,0.013,0.007,NONE,False,False,0.0731,LOW_RISK,1,False,0.0766
prod_20001049,20001049,1000427,Jewelry & Accessories,5.0,1,2,2,1,0.0343,0.05,0.003,2,4.4e-05,714,0.0141,0.006,NONE,False,False,0.0434,LOW_RISK,1,False,0.0766
prod_20004579,20004579,1000455,Tools & Home Improvement,3.6,10,28,30,3,0.0266,0.0909,0.0021,24,0.000174,714,0.0141,0.006,NONE,False,False,0.0753,LOW_RISK,1,False,0.0766
prod_20002886,20002886,1000005,Phones & Telecommunications,4.0,2,2,2,1,0.039,0.0714,0.003,2,4.5e-05,282,0.013,0.007,NONE,False,False,0.0512,LOW_RISK,1,False,0.0766
prod_20004845,20004845,1000345,Tools & Home Improvement,4.5,12,31,34,3,0.0233,0.0769,0.0021,26,0.000192,282,0.013,0.007,NONE,False,False,0.0701,LOW_RISK,1,False,0.0767
prod_20001525,20001525,1000080,Jewelry & Accessories,4.4,5,21,23,3,0.0566,0.1667,0.0019,16,0.000148,714,0.0141,0.006,NONE,False,False,0.0838,LOW_RISK,1,False,0.0767
prod_20001693,20001693,1000257,Jewelry & Accessories,3.67,6,19,22,2,0.0202,0.0833,0.0032,19,0.00013,714,0.0141,0.006,NONE,False,False,0.0792,LOW_RISK,1,False,0.0767
prod_20003186,20003186,1000324,Tools & Home Improvement,4.5,4,15,16,2,0.0339,0.2,0.0035,14,0.000109,714,0.0141,0.006,NONE,False,False,0.0663,LOW_RISK,1,False,0.0767
prod_20003714,20003714,1000254,Phones & Telecommunications,3.38,8,25,25,1,0.0334,0.1111,0.0022,20,0.000154,714,0.0141,0.006,NONE,False,False,0.0752,LOW_RISK,1,False,0.0767
prod_20001421,20001421,1000068,Tools & Home Improvement,4.5,6,22,24,2,0.0264,0.0833,0.0024,22,0.000139,501,0.0146,0.015,UNCERTIFIED_MED,True,True,0.2501,MODERATE_RISK,1,False,0.0767
prod_20004532,20004532,1000284,Tools & Home Improvement,3.17,6,14,15,2,0.0313,0.0833,0.0018,14,0.000103,714,0.0141,0.006,NONE,False,False,0.0686,LOW_RISK,1,False,0.0768
prod_20004726,20004726,1000115,Automotive,5.0,1,2,2,1,0.0459,0.0714,0.003,2,4.5e-05,714,0.0141,0.006,NONE,False,False,0.0511,LOW_RISK,1,False,0.0768
prod_20003955,20003955,1000204,Phones & Telecommunications,4.2,5,13,13,1,0.0739,0.2,0.0007,11,0.000137,714,0.0141,0.006,NONE,False,False,0.1363,LOW_RISK,1,False,0.0768
prod_20004338,20004338,1000369,Sports & Entertainment,4.67,6,22,24,3,0.0486,0.1429,0.0015,17,0.000157,714,0.0141,0.006,NONE,False,False,0.0682,LOW_RISK,1,False,0.0768
prod_20001222,20001222,1000107,Tools & Home Improvement,5.0,1,4,4,1,0.0932,0.2,0.0032,4,5.7e-05,282,0.013,0.007,NONE,False,False,0.1015,LOW_RISK,1,False,0.0768
prod_20002412,20002412,1000168,Sports & Entertainment,4.0,1,2,2,1,0.0397,0.0667,0.003,2,4.5e-05,714,0.0141,0.006,NONE,False,False,0.0394,LOW_RISK,1,False,0.0769
prod_20001344,20001344,1000032,Automotive,4.57,14,42,44,2,0.0261,0.0588,0.0014,30,0.000239,714,0.0141,0.006,NONE,False,False,0.0989,LOW_RISK,1,False,0.0769
prod_20002900,20002900,1000233,Home & Garden,3.4,5,13,14,2,0.064,0.2,0.0015,11,0.000138,282,0.013,0.007,NONE,False,False,0.0531,LOW_RISK,1,False,0.0769
prod_20001856,20001856,1000393,Tools & Home Improvement,3.5,8,33,36,2,0.0347,0.1111,0.0015,26,0.00021,714,0.0141,0.006,NONE,False,False,0.0941,LOW_RISK,1,False,0.0769
prod_20003547,20003547,1000406,Tools & Home Improvement,3.67,3,17,17,1,0.0753,0.25,0.0018,14,0.000129,714,0.0141,0.006,UNCERTIFIED_MED,False,True,0.1425,LOW_RISK,1,False,0.077
prod_20002447,20002447,1000042,Phones & Telecommunications,3.7,10,35,35,1,0.037,0.1,0.0014,24,0.000225,714,0.0141,0.006,NONE,False,False,0.1217,LOW_RISK,1,False,0.077
prod_20004751,20004751,1000051,Home & Garden,4.6,10,18,21,3,0.0204,0.0909,0.0025,17,0.00013,714,0.0141,0.006,NONE,False,False,0.0712,LOW_RISK,1,False,0.077
prod_20004235,20004235,1000458,Consumer Electronics,5.0,1,3,3,1,0.0886,0.25,0.003,3,5.4e-05,714,0.0141,0.006,NONE,False,False,0.0536,LOW_RISK,1,False,0.077
prod_20001844,20001844,1000290,Computer & Office,5.0,2,6,6,1,0.0979,0.2,0.0014,6,6.6e-05,282,0.013,0.007,NONE,False,False,0.0617,LOW_RISK,1,False,0.077
prod_20003650,20003650,1000192,Computer & Office,5.0,1,3,3,1,0.0206,0.0526,0.0037,3,4.8e-05,714,0.0141,0.006,NONE,False,False,0.0527,LOW_RISK,1,False,0.077
prod_20001657,20001657,1000248,Phones & Telecommunications,5.0,1,5,5,1,0.0969,0.1429,0.003,5,6.2e-05,282,0.013,0.007,NONE,False,False,0.0485,LOW_RISK,1,False,0.077
prod_20003894,20003894,1000001,Phones & Telecommunications,5.0,1,2,2,1,0.0324,0.0625,0.003,2,4.4e-05,714,0.0141,0.006,NONE,False,False,0.0257,LOW_RISK,1,False,0.077
prod_20004302,20004302,1000356,Sports & Entertainment,4.5,4,15,16,2,0.0317,0.1667,0.0029,14,0.000108,501,0.0146,0.015,NONE,False,False,0.127,LOW_RISK,1,False,0.0771
prod_20001121,20001121,1000478,Sports & Entertainment,4.5,2,8,8,1,0.0782,0.3333,0.0016,8,7.5e-05,714,0.0141,0.006,NONE,False,False,0.0812,LOW_RISK,1,False,0.0771
prod_20003062,20003062,1000364,Computer & Office,5.0,1,8,8,1,0.0516,0.1111,0.0038,8,7.3e-05,714,0.0141,0.006,NONE,False,False,0.0579,LOW_RISK,1,False,0.0772
prod_20002083,20002083,1000455,Sports & Entertainment,4.0,8,25,25,1,0.0475,0.125,0.0011,18,0.000177,501,0.0146,0.015,NONE,False,False,0.0706,LOW_RISK,1,False,0.0772
prod_20002467,20002467,1000484,Automotive,3.71,7,22,25,3,0.0384,0.1111,0.0024,18,0.000153,282,0.013,0.007,NONE,False,False,0.0839,LOW_RISK,1,False,0.0772
prod_20003744,20003744,1000394,Computer & Office,4.0,1,3,3,1,0.0219,0.0588,0.0041,3,4.9e-05,714,0.0141,0.006,CHEM_TOXIC,False,True,0.1343,LOW_RISK,1,False,0.0773
prod_20001326,20001326,1000003,Sports & Entertainment,4.13,15,43,45,2,0.0253,0.0625,0.0013,29,0.000258,714,0.0141,0.006,NONE,False,False,0.0909,LOW_RISK,1,False,0.0773
prod_20004298,20004298,1000496,Jewelry & Accessories,3.67,9,33,37,3,0.0347,0.1,0.0021,25,0.000209,714,0.0141,0.006,NONE,False,False,0.1091,LOW_RISK,1,False,0.0773
prod_20000827,20000827,1000112,Consumer Electronics,4.5,2,7,7,1,0.0865,0.25,0.0028,7,7.2e-05,501,0.0146,0.015,ELEC_SHOCK,True,True,0.2356,MODERATE_RISK,1,False,0.0773
prod_20003368,20003368,1000153,Jewelry & Accessories,5.0,2,8,8,1,0.0264,0.0833,0.0038,8,7e-05,282,0.013,0.007,NONE,False,False,0.0639,LOW_RISK,1,False,0.0773
prod_20001864,20001864,1000081,Jewelry & Accessories,4.43,7,31,31,1,0.0281,0.1111,0.0024,26,0.000173,714,0.0141,0.006,NONE,False,False,0.0859,LOW_RISK,1,False,0.0773
prod_20003210,20003210,1000175,Sports & Entertainment,3.67,6,23,25,3,0.0421,0.1429,0.0017,19,0.000157,282,0.013,0.007,NONE,False,False,0.0637,LOW_RISK,1,False,0.0773
prod_20004351,20004351,1000201,Tools & Home Improvement,4.0,1,3,3,1,0.0943,0.25,0.003,3,5.1e-05,282,0.013,0.007,NONE,False,False,0.0297,LOW_RISK,1,False,0.0774
prod_20002837,20002837,1000420,Tools & Home Improvement,4.33,3,10,10,1,0.0615,0.3333,0.0021,9,8.8e-05,714,0.0141,0.006,NONE,False,False,0.057,LOW_RISK,1,False,0.0774
prod_20004146,20004146,1000464,Consumer Electronics,4.5,2,16,17,2,0.0427,0.1667,0.0034,16,0.00011,282,0.013,0.007,NONE,False,False,0.06,LOW_RISK,1,False,0.0774
prod_20001126,20001126,1000451,Sports & Entertainment,5.0,2,5,5,1,0.0975,0.25,0.0021,5,6.8e-05,714,0.0141,0.006,NONE,False,False,0.0644,LOW_RISK,1,False,0.0774
prod_20002706,20002706,1000016,Computer & Office,4.5,2,4,4,1,0.1105,0.25,0.0015,4,6e-05,714,0.0141,0.006,NONE,False,False,0.0621,LOW_RISK,1,False,0.0774
prod_20004583,20004583,1000182,Sports & Entertainment,4.06,17,34,38,2,0.0223,0.0476,0.0019,27,0.000206,714,0.0141,0.006,UNCERTIFIED_MED,False,True,0.1638,MODERATE_RISK,1,False,0.0774
prod_20003922,20003922,1000379,Sports & Entertainment,4.0,1,2,2,1,0.0399,0.0769,0.003,2,4.5e-05,282,0.013,0.007,NONE,False,False,0.0374,LOW_RISK,1,False,0.0774
prod_20003034,20003034,1000365,Consumer Electronics,5.0,2,6,6,1,0.0998,0.25,0.003,6,6.8e-05,282,0.013,0.007,NONE,False,False,0.0409,LOW_RISK,1,False,0.0775
prod_20002131,20002131,1000171,Home & Garden,4.15,13,42,46,3,0.0292,0.0769,0.0015,28,0.000268,282,0.013,0.007,NONE,False,False,0.0841,LOW_RISK,1,False,0.0775
prod_20003465,20003465,1000356,Consumer Electronics,3.86,7,17,20,3,0.0549,0.1429,0.0019,13,0.000149,714,0.0141,0.006,NONE,False,False,0.134,LOW_RISK,1,False,0.0776
prod_20002820,20002820,1000344,Consumer Electronics,5.0,3,9,9,1,0.0939,0.25,0.0015,8,8.3e-05,714,0.0141,0.006,NONE,False,False,0.0528,LOW_RISK,1,False,0.0776
prod_20000842,20000842,1000157,Automotive,4.0,6,22,24,2,0.027,0.1429,0.0033,20,0.000144,714,0.0141,0.006,NONE,False,False,0.0768,LOW_RISK,1,False,0.0776
prod_20004513,20004513,1000172,Jewelry & Accessories,5.0,1,2,2,1,0.0385,0.0526,0.003,2,4.5e-05,714,0.0141,0.006,NONE,False,False,0.0492,LOW_RISK,1,False,0.0776
prod_20000785,20000785,1000425,Home & Garden,4.5,2,2,2,1,0.0494,0.0588,0.003,2,4.5e-05,282,0.013,0.007,NONE,False,False,0.0466,LOW_RISK,1,False,0.0777
prod_20001297,20001297,1000490,Sports & Entertainment,4.27,11,32,38,4,0.0321,0.0833,0.0019,23,0.000215,282,0.013,0.007,CHEM_TOXIC,False,True,0.1007,LOW_RISK,1,False,0.0777
prod_20002019,20002019,1000273,Jewelry & Accessories,3.6,10,26,27,2,0.0219,0.0909,0.0019,24,0.000158,714,0.0141,0.006,NONE,False,False,0.0755,LOW_RISK,1,False,0.0777
prod_20001846,20001846,1000233,Automotive,4.07,14,34,41,3,0.0241,0.0645,0.002,27,0.00022,714,0.0141,0.006,NONE,False,False,0.0837,LOW_RISK,1,False,0.0777
prod_20004210,20004210,1000299,Computer & Office,3.67,6,24,26,2,0.0329,0.1429,0.0024,23,0.000151,714,0.0141,0.006,NONE,False,False,0.0757,LOW_RISK,1,False,0.0777
prod_20001597,20001597,1000187,Home & Garden,4.25,4,11,12,2,0.0241,0.0769,0.0038,11,8.7e-05,714,0.0141,0.006,NONE,False,False,0.0628,LOW_RISK,1,False,0.0777
prod_20002049,20002049,1000333,Automotive,3.67,3,11,12,2,0.0524,0.2,0.0034,11,9.1e-05,714,0.0141,0.006,CHOKE_CHILD,False,True,0.0956,LOW_RISK,1,False,0.0777
prod_20002023,20002023,1000341,Jewelry & Accessories,3.33,3,10,10,1,0.0468,0.1429,0.0022,10,8.3e-05,501,0.0146,0.015,NONE,False,False,0.0575,LOW_RISK,1,False,0.0777
prod_20001403,20001403,1000265,Jewelry & Accessories,3.67,3,12,13,2,0.0505,0.2,0.0026,12,9.5e-05,282,0.013,0.007,NONE,False,False,0.062,LOW_RISK,1,False,0.0778
prod_20001006,20001006,1000494,Jewelry & Accessories,4.27,15,43,48,3,0.031,0.0667,0.0013,26,0.000283,714,0.0141,0.006,NONE,False,False,0.1036,LOW_RISK,1,False,0.0778
prod_20002705,20002705,1000108,Jewelry & Accessories,5.0,1,2,2,1,0.036,0.0476,0.003,2,4.5e-05,714,0.0141,0.006,NONE,False,False,0.0555,LOW_RISK,1,False,0.0778
prod_20001855,20001855,1000433,Computer & Office,4.8,5,13,13,1,0.0572,0.2,0.0008,11,0.000114,282,0.013,0.007,NONE,False,False,0.0516,LOW_RISK,1,False,0.0778
prod_20001228,20001228,1000477,Jewelry & Accessories,3.89,9,35,35,1,0.0302,0.1111,0.0015,28,0.000197,714,0.0141,0.006,NONE,False,False,0.0844,LOW_RISK,1,False,0.0778
prod_20001359,20001359,1000281,Automotive,3.86,14,34,36,2,0.0228,0.0714,0.0019,27,0.000216,714,0.0141,0.006,NONE,False,False,0.0772,LOW_RISK,1,False,0.0779
prod_20004454,20004454,1000363,Consumer Electronics,4.0,5,17,17,1,0.0556,0.1667,0.001,15,0.000124,501,0.0146,0.015,NONE,False,False,0.0619,LOW_RISK,1,False,0.0779
prod_20002898,20002898,1000335,Phones & Telecommunications,4.0,1,3,3,1,0.0152,0.0263,0.0035,3,4.8e-05,714,0.0141,0.006,NONE,False,False,0.0479,LOW_RISK,1,False,0.0779
prod_20001977,20001977,1000479,Phones & Telecommunications,3.92,12,31,38,4,0.0317,0.0833,0.0019,23,0.000218,714,0.0141,0.006,NONE,False,False,0.0901,LOW_RISK,1,False,0.0779
prod_20004837,20004837,1000077,Tools & Home Improvement,3.6,10,29,35,3,0.0294,0.1,0.0021,24,0.000198,282,0.013,0.007,ELEC_SHOCK,False,True,0.1513,MODERATE_RISK,1,False,0.0779
prod_20001877,20001877,1000111,Computer & Office,5.0,1,3,3,1,0.0891,0.2,0.003,3,5.1e-05,714,0.0141,0.006,NONE,False,False,0.0575,LOW_RISK,1,False,0.0779
prod_20001250,20001250,1000439,Computer & Office,4.0,1,4,4,1,0.1127,0.2,0.0035,4,6e-05,282,0.013,0.007,NONE,False,False,0.0619,LOW_RISK,1,False,0.078
prod_20002674,20002674,1000371,Computer & Office,4.14,14,40,44,2,0.0284,0.0714,0.0015,29,0.000267,282,0.013,0.007,ELEC_SHOCK,False,True,0.2338,MODERATE_RISK,1,False,0.078
prod_20004756,20004756,1000128,Sports & Entertainment,4.0,7,15,16,2,0.0263,0.0833,0.0027,15,0.000107,501,0.0146,0.015,NONE,False,False,0.1068,LOW_RISK,1,False,0.078
prod_20004482,20004482,1000115,Home & Garden,5.0,1,4,4,1,0.0343,0.0714,0.004,4,5.3e-05,282,0.013,0.007,NONE,False,False,0.0557,LOW_RISK,1,False,0.078
prod_20004056,20004056,1000426,Home & Garden,4.08,12,40,43,2,0.0319,0.0833,0.0015,28,0.000242,282,0.013,0.007,NONE,False,False,0.1023,LOW_RISK,1,False,0.0781
prod_20002070,20002070,1000107,Sports & Entertainment,3.44,9,27,27,1,0.0348,0.1,0.0014,21,0.000167,282,0.013,0.007,NONE,False,False,0.117,LOW_RISK,1,False,0.0781
prod_20001512,20001512,1000081,Consumer Electronics,5.0,2,3,3,1,0.0092,0.0127,0.0025,3,4.8e-05,714,0.0141,0.006,NONE,False,False,0.0518,LOW_RISK,1,False,0.0781
prod_20002047,20002047,1000003,Consumer Electronics,3.88,8,18,18,1,0.0524,0.1111,0.0009,13,0.000143,501,0.0146,0.015,NONE,False,False,0.0682,LOW_RISK,1,False,0.0782
prod_20000932,20000932,1000379,Jewelry & Accessories,4.33,3,12,13,2,0.0528,0.25,0.0028,11,9.7e-05,714,0.0141,0.006,NONE,False,False,0.0529,LOW_RISK,1,False,0.0782
prod_20001038,20001038,1000425,Phones & Telecommunications,5.0,1,4,4,1,0.0976,0.25,0.0033,4,5.7e-05,714,0.0141,0.006,NONE,False,False,0.0518,LOW_RISK,1,False,0.0782
prod_20004215,20004215,1000451,Home & Garden,3.5,4,9,9,1,0.0385,0.2,0.0033,8,8e-05,501,0.0146,0.015,NONE,False,False,0.0651,LOW_RISK,1,False,0.0782
prod_20004521,20004521,1000384,Computer & Office,4.25,8,24,28,3,0.0367,0.125,0.0027,18,0.000169,282,0.013,0.007,UNCERTIFIED_MED,False,True,0.1139,LOW_RISK,1,False,0.0783
prod_20001001,20001001,1000140,Home & Garden,4.6,5,22,25,2,0.0329,0.1429,0.003,19,0.00015,714,0.0141,0.006,NONE,False,False,0.0751,LOW_RISK,1,False,0.0784
prod_20001295,20001295,1000075,Consumer Electronics,5.0,6,21,22,2,0.0395,0.1667,0.0021,18,0.000145,282,0.013,0.007,NONE,False,False,0.0735,LOW_RISK,1,False,0.0784
prod_20001541,20001541,1000468,Computer & Office,5.0,1,4,4,1,0.0967,0.1667,0.0034,4,5.9e-05,714,0.0141,0.006,NONE,False,False,0.0493,LOW_RISK,1,False,0.0784
prod_20003877,20003877,1000025,Sports & Entertainment,3.5,4,11,11,1,0.0161,0.0417,0.0021,11,8.2e-05,714,0.0141,0.006,CHEM_TOXIC,True,True,0.2433,MODERATE_RISK,1,False,0.0784
prod_20002389,20002389,1000324,Home & Garden,4.25,4,12,13,2,0.0511,0.125,0.0011,12,9.8e-05,501,0.0146,0.015,NONE,False,False,0.0689,LOW_RISK,1,False,0.0784
prod_20003118,20003118,1000006,Tools & Home Improvement,5.0,3,8,8,1,0.0711,0.1429,0.0011,8,7.4e-05,501,0.0146,0.015,NONE,False,False,0.0824,LOW_RISK,1,False,0.0784
prod_20002577,20002577,1000335,Jewelry & Accessories,3.6,5,15,16,2,0.0341,0.1429,0.0025,14,0.000108,501,0.0146,0.015,NONE,False,False,0.0642,LOW_RISK,1,False,0.0785
prod_20004421,20004421,1000242,Tools & Home Improvement,4.67,6,31,31,1,0.0353,0.1429,0.0015,26,0.00018,714,0.0141,0.006,NONE,False,False,0.0875,LOW_RISK,1,False,0.0785
prod_20000896,20000896,1000214,Jewelry & Accessories,4.33,9,36,36,1,0.0299,0.1111,0.0015,29,0.000205,282,0.013,0.007,NONE,False,False,0.0844,LOW_RISK,1,False,0.0785
prod_20002822,20002822,1000062,Jewelry & Accessories,3.67,6,19,21,3,0.0371,0.1429,0.002,18,0.000134,282,0.013,0.007,NONE,False,False,0.064,LOW_RISK,1,False,0.0785
prod_20002878,20002878,1000083,Phones & Telecommunications,4.6,5,13,13,1,0.0651,0.1667,0.0009,11,0.000103,501,0.0146,0.015,NONE,False,False,0.0588,LOW_RISK,1,False,0.0786
prod_20001392,20001392,1000489,Jewelry & Accessories,5.0,1,4,4,1,0.0545,0.1111,0.0037,4,5.4e-05,282,0.013,0.007,NONE,False,False,0.0601,LOW_RISK,1,False,0.0786
prod_20001528,20001528,1000330,Computer & Office,5.0,1,2,2,1,0.0363,0.0526,0.003,2,4.5e-05,714,0.0141,0.006,NONE,False,False,0.0566,LOW_RISK,1,False,0.0786
prod_20003168,20003168,1000489,Consumer Electronics,3.25,4,7,7,1,0.0211,0.1,0.0035,7,6.7e-05,282,0.013,0.007,NONE,False,False,0.0664,LOW_RISK,1,False,0.0786
prod_20004644,20004644,1000205,Sports & Entertainment,4.36,11,36,38,3,0.0374,0.0909,0.0013,23,0.000228,501,0.0146,0.015,NONE,False,False,0.0951,LOW_RISK,1,False,0.0787
prod_20001968,20001968,1000098,Consumer Electronics,3.0,2,10,10,1,0.0248,0.0833,0.0022,10,8e-05,714,0.0141,0.006,NONE,False,False,0.0637,LOW_RISK,1,False,0.0787
prod_20003832,20003832,1000441,Sports & Entertainment,5.0,1,4,4,1,0.0892,0.2,0.0033,4,5.5e-05,714,0.0141,0.006,NONE,False,False,0.0861,LOW_RISK,1,False,0.0787
prod_20002302,20002302,1000006,Jewelry & Accessories,3.56,9,32,34,2,0.0326,0.1,0.0018,25,0.000199,282,0.013,0.007,NONE,False,False,0.1043,LOW_RISK,1,False,0.0787
prod_20003706,20003706,1000219,Tools & Home Improvement,3.0,4,15,15,1,0.0409,0.1,0.0016,14,0.000104,282,0.013,0.007,NONE,False,False,0.0646,LOW_RISK,1,False,0.0787
prod_20002323,20002323,1000155,Phones & Telecommunications,4.8,5,19,20,2,0.0621,0.1667,0.0013,15,0.000142,282,0.013,0.007,CHOKE_CHILD,False,True,0.1422,LOW_RISK,1,False,0.0788
prod_20001809,20001809,1000398,Home & Garden,4.75,4,13,14,2,0.033,0.1,0.0029,13,9.9e-05,282,0.013,0.007,NONE,False,False,0.0625,LOW_RISK,1,False,0.0788
prod_20001622,20001622,1000066,Computer & Office,3.0,2,6,6,1,0.0571,0.1429,0.0033,6,6.4e-05,282,0.013,0.007,NONE,False,False,0.0394,LOW_RISK,1,False,0.0788
prod_20001616,20001616,1000221,Automotive,4.18,11,35,37,2,0.0374,0.0769,0.0012,24,0.000223,501,0.0146,0.015,NONE,False,False,0.078,LOW_RISK,1,False,0.0788
prod_20002273,20002273,1000343,Tools & Home Improvement,4.6,10,35,40,3,0.0303,0.1,0.002,27,0.000226,714,0.0141,0.006,NONE,False,False,0.104,LOW_RISK,1,False,0.0788
prod_20004375,20004375,1000266,Phones & Telecommunications,4.36,11,43,44,2,0.0289,0.0909,0.0014,32,0.00024,714,0.0141,0.006,NONE,False,False,0.0979,LOW_RISK,1,False,0.0789
prod_20003296,20003296,1000153,Consumer Electronics,5.0,1,3,3,1,0.0528,0.1,0.003,3,5e-05,501,0.0146,0.015,NONE,False,False,0.059,LOW_RISK,1,False,0.0789
prod_20001495,20001495,1000224,Consumer Electronics,3.8,10,26,29,3,0.0357,0.1,0.0016,20,0.000178,501,0.0146,0.015,NONE,False,False,0.0904,LOW_RISK,1,False,0.0789
prod_20002814,20002814,1000477,Home & Garden,4.0,12,33,36,3,0.0271,0.0952,0.0016,27,0.000199,282,0.013,0.007,ELEC_SHOCK,False,True,0.081,LOW_RISK,1,False,0.0789
prod_20002799,20002799,1000227,Consumer Electronics,5.0,3,14,14,1,0.062,0.25,0.0018,13,0.000104,501,0.0146,0.015,NONE,False,False,0.079,LOW_RISK,1,False,0.0789
prod_20004838,20004838,1000093,Tools & Home Improvement,5.0,5,14,14,1,0.0471,0.1429,0.0011,12,0.000103,501,0.0146,0.015,NONE,False,False,0.0899,LOW_RISK,1,False,0.0789
prod_20004534,20004534,1000051,Jewelry & Accessories,4.67,3,7,7,1,0.076,0.2,0.0031,7,7.3e-05,501,0.0146,0.015,NONE,False,False,0.0546,LOW_RISK,1,False,0.079
prod_20002089,20002089,1000354,Consumer Electronics,4.5,4,16,16,1,0.0787,0.25,0.0013,13,0.000133,282,0.013,0.007,NONE,False,False,0.0592,LOW_RISK,1,False,0.079
prod_20003065,20003065,1000473,Computer & Office,5.0,1,5,5,1,0.0857,0.2,0.0032,5,6.2e-05,714,0.0141,0.006,NONE,False,False,0.0617,LOW_RISK,1,False,0.079
prod_20004580,20004580,1000217,Tools & Home Improvement,4.33,3,16,17,2,0.0574,0.2,0.0032,14,0.000116,714,0.0141,0.006,NONE,False,False,0.0703,LOW_RISK,1,False,0.0791
prod_20003431,20003431,1000338,Tools & Home Improvement,4.5,2,5,5,1,0.0936,0.25,0.0025,5,6.3e-05,282,0.013,0.007,NONE,False,False,0.0569,LOW_RISK,1,False,0.0791
prod_20004824,20004824,1000425,Consumer Electronics,4.5,10,24,27,2,0.0224,0.0833,0.0024,22,0.000156,282,0.013,0.007,NONE,False,False,0.0772,LOW_RISK,1,False,0.0792
prod_20002061,20002061,1000271,Phones & Telecommunications,5.0,1,4,4,1,0.0538,0.1111,0.0039,4,5.5e-05,714,0.0141,0.006,NONE,False,False,0.0533,LOW_RISK,1,False,0.0792
prod_20003132,20003132,1000323,Consumer Electronics,3.0,2,4,4,1,0.0483,0.125,0.0029,4,5.4e-05,714,0.0141,0.006,NONE,False,False,0.0477,LOW_RISK,1,False,0.0792
prod_20003326,20003326,1000487,Phones & Telecommunications,5.0,1,4,4,1,0.0846,0.25,0.0032,4,5.4e-05,714,0.0141,0.006,NONE,False,False,0.0412,LOW_RISK,1,False,0.0792
prod_20004280,20004280,1000240,Computer & Office,4.5,2,10,11,2,0.074,0.2,0.0026,10,8.9e-05,282,0.013,0.007,NONE,False,False,0.0531,LOW_RISK,1,False,0.0793
prod_20002278,20002278,1000291,Phones & Telecommunications,4.21,14,44,49,3,0.0292,0.0714,0.0015,29,0.000279,714,0.0141,0.006,NONE,False,False,0.1005,LOW_RISK,1,False,0.0793
prod_20004774,20004774,1000153,Home & Garden,4.0,4,10,10,1,0.0691,0.1429,0.0008,10,8.7e-05,501,0.0146,0.015,NONE,False,False,0.075,LOW_RISK,1,False,0.0793
prod_20001838,20001838,1000027,Phones & Telecommunications,3.75,8,22,25,2,0.0294,0.125,0.0029,19,0.000162,714,0.0141,0.006,NONE,False,False,0.0895,LOW_RISK,1,False,0.0793
prod_20002027,20002027,1000334,Consumer Electronics,3.0,3,7,7,1,0.0666,0.1111,0.0013,7,7e-05,714,0.0141,0.006,ELEC_SHOCK,True,True,0.2543,MODERATE_RISK,1,False,0.0793
prod_20003750,20003750,1000099,Home & Garden,5.0,2,4,4,1,0.0932,0.25,0.003,4,5.6e-05,714,0.0141,0.006,NONE,False,False,0.0487,LOW_RISK,1,False,0.0793
prod_20000859,20000859,1000451,Sports & Entertainment,4.75,4,13,14,2,0.0268,0.1111,0.0028,13,9.8e-05,282,0.013,0.007,NONE,False,False,0.0705,LOW_RISK,1,False,0.0794
prod_20001552,20001552,1000209,Tools & Home Improvement,4.0,6,24,24,1,0.0539,0.1667,0.001,19,0.000168,282,0.013,0.007,CHOKE_CHILD,True,True,0.2555,MODERATE_RISK,1,False,0.0794
prod_20004301,20004301,1000338,Phones & Telecommunications,3.33,3,15,15,1,0.0581,0.25,0.0025,14,0.000107,714,0.0141,0.006,NONE,False,False,0.0672,LOW_RISK,1,False,0.0794
prod_20001091,20001091,1000329,Sports & Entertainment,4.0,6,20,24,3,0.0265,0.0909,0.0028,19,0.000142,282,0.013,0.007,NONE,False,False,0.1448,LOW_RISK,1,False,0.0794
prod_20001601,20001601,1000039,Tools & Home Improvement,4.4,15,36,41,3,0.025,0.0625,0.0017,27,0.000231,282,0.013,0.007,NONE,False,False,0.0922,LOW_RISK,1,False,0.0795
prod_20003691,20003691,1000482,Computer & Office,4.64,11,34,36,2,0.0271,0.0625,0.0018,27,0.000199,282,0.013,0.007,NONE,False,False,0.0951,LOW_RISK,1,False,0.0795
prod_20004416,20004416,1000261,Jewelry & Accessories,4.5,2,9,9,1,0.0376,0.1429,0.0046,9,7.5e-05,714,0.0141,0.006,NONE,False,False,0.0693,LOW_RISK,1,False,0.0795
prod_20002067,20002067,1000090,Computer & Office,4.36,14,31,33,3,0.0254,0.0667,0.0011,26,0.000199,282,0.013,0.007,NONE,False,False,0.0927,LOW_RISK,1,False,0.0795
prod_20004759,20004759,1000247,Automotive,4.86,7,20,23,3,0.0356,0.1,0.0023,18,0.00014,714,0.0141,0.006,ELEC_SHOCK,False,True,0.0787,LOW_RISK,1,False,0.0795
prod_20004352,20004352,1000365,Phones & Telecommunications,5.0,6,19,22,3,0.039,0.0909,0.002,19,0.000134,714,0.0141,0.006,NONE,False,False,0.0607,LOW_RISK,1,False,0.0796
prod_20001246,20001246,1000236,Jewelry & Accessories,4.0,1,4,4,1,0.1108,0.25,0.003,4,5.8e-05,282,0.013,0.007,NONE,False,False,0.0505,LOW_RISK,1,False,0.0796
prod_20001382,20001382,1000283,Computer & Office,4.15,13,41,45,3,0.0248,0.0625,0.0015,30,0.00024,714,0.0141,0.006,NONE,False,False,0.0966,LOW_RISK,1,False,0.0796
prod_20004914,20004914,1000115,Phones & Telecommunications,4.67,3,9,9,1,0.019,0.0714,0.0038,9,7.5e-05,714,0.0141,0.006,NONE,False,False,0.0616,LOW_RISK,1,False,0.0796
prod_20001999,20001999,1000223,Sports & Entertainment,4.44,9,35,40,4,0.0327,0.1111,0.0017,26,0.000225,714,0.0141,0.006,NONE,False,False,0.087,LOW_RISK,1,False,0.0796
prod_20002695,20002695,1000109,Jewelry & Accessories,4.0,9,29,29,1,0.0456,0.1111,0.0009,21,0.000206,714,0.0141,0.006,NONE,False,False,0.0801,LOW_RISK,1,False,0.0796
prod_20003442,20003442,1000454,Phones & Telecommunications,5.0,2,8,8,1,0.0201,0.0385,0.0026,8,7e-05,282,0.013,0.007,NONE,False,False,0.0467,LOW_RISK,1,False,0.0797
prod_20001261,20001261,1000237,Phones & Telecommunications,4.67,3,6,6,1,0.0803,0.2,0.0008,6,6.7e-05,714,0.0141,0.006,NONE,False,False,0.0554,LOW_RISK,1,False,0.0797
prod_20001547,20001547,1000438,Tools & Home Improvement,4.5,2,3,3,1,0.0205,0.027,0.001,3,4.9e-05,282,0.013,0.007,NONE,False,False,0.0489,LOW_RISK,1,False,0.0797
prod_20002095,20002095,1000496,Home & Garden,4.09,11,31,37,4,0.0329,0.1111,0.0018,24,0.000209,282,0.013,0.007,NONE,False,False,0.1096,LOW_RISK,1,False,0.0797
prod_20003122,20003122,1000301,Phones & Telecommunications,3.0,2,6,6,1,0.03,0.0909,0.0023,6,6.2e-05,282,0.013,0.007,NONE,False,False,0.0305,LOW_RISK,1,False,0.0797
prod_20002120,20002120,1000170,Consumer Electronics,5.0,1,3,3,1,0.0663,0.1429,0.003,3,5e-05,501,0.0146,0.015,NONE,False,False,0.0707,LOW_RISK,1,False,0.0797
prod_20004784,20004784,1000372,Tools & Home Improvement,3.8,5,20,20,1,0.0639,0.1667,0.0011,16,0.000145,714,0.0141,0.006,NONE,False,False,0.0694,LOW_RISK,1,False,0.0797
prod_20000786,20000786,1000101,Sports & Entertainment,4.08,12,40,44,3,0.029,0.0769,0.0015,30,0.000242,714,0.0141,0.006,UNCERTIFIED_MED,False,True,0.1442,LOW_RISK,1,False,0.0798
prod_20002516,20002516,1000497,Consumer Electronics,5.0,4,9,9,1,0.0246,0.0769,0.0039,9,7.5e-05,714,0.0141,0.006,CHEM_TOXIC,False,True,0.0601,LOW_RISK,1,False,0.0798
prod_20004496,20004496,1000111,Jewelry & Accessories,3.0,2,6,6,1,0.0472,0.1429,0.0014,6,6.4e-05,714,0.0141,0.006,NONE,False,False,0.062,LOW_RISK,1,False,0.0798
prod_20003663,20003663,1000074,Home & Garden,4.5,2,4,4,1,0.0455,0.1667,0.0041,4,5.5e-05,282,0.013,0.007,NONE,False,False,0.0607,LOW_RISK,1,False,0.0798
prod_20004217,20004217,1000085,Phones & Telecommunications,5.0,1,3,3,1,0.0325,0.0833,0.0037,3,5e-05,282,0.013,0.007,NONE,False,False,0.0532,LOW_RISK,1,False,0.0798
prod_20003683,20003683,1000292,Sports & Entertainment,5.0,1,4,4,1,0.0224,0.0455,0.0035,4,5.3e-05,282,0.013,0.007,NONE,False,False,0.057,LOW_RISK,1,False,0.0799
prod_20003234,20003234,1000424,Home & Garden,3.67,3,9,9,1,0.0708,0.25,0.0025,8,8.2e-05,501,0.0146,0.015,NONE,False,False,0.0685,LOW_RISK,1,False,0.0799
prod_20004546,20004546,1000256,Consumer Electronics,5.0,1,3,3,1,0.0495,0.125,0.003,3,4.9e-05,501,0.0146,0.015,NONE,False,False,0.0507,LOW_RISK,1,False,0.0799
prod_20001947,20001947,1000026,Computer & Office,4.0,5,12,12,1,0.074,0.1667,0.0006,10,0.000105,714,0.0141,0.006,NONE,False,False,0.0569,LOW_RISK,1,False,0.0799
prod_20001271,20001271,1000464,Tools & Home Improvement,4.83,12,32,33,2,0.0311,0.0714,0.0011,24,0.000195,714,0.0141,0.006,NONE,False,False,0.077,LOW_RISK,1,False,0.08
prod_20004511,20004511,1000204,Jewelry & Accessories,4.14,7,33,35,2,0.0282,0.125,0.0024,27,0.000193,714,0.0141,0.006,NONE,False,False,0.1453,LOW_RISK,1,False,0.08
prod_20004058,20004058,1000180,Tools & Home Improvement,4.0,1,4,4,1,0.0273,0.0417,0.0041,4,5.3e-05,282,0.013,0.007,NONE,False,False,0.0406,LOW_RISK,1,False,0.08
prod_20004666,20004666,1000380,Sports & Entertainment,4.6,5,11,11,1,0.0835,0.2,0.0013,9,0.000104,282,0.013,0.007,NONE,False,False,0.0748,LOW_RISK,1,False,0.08
prod_20003180,20003180,1000205,Computer & Office,4.0,4,11,12,2,0.0222,0.0769,0.0034,11,8.7e-05,714,0.0141,0.006,NONE,False,False,0.0676,LOW_RISK,1,False,0.08
prod_20001138,20001138,1000245,Sports & Entertainment,3.62,8,32,33,2,0.0385,0.1111,0.0016,23,0.000194,282,0.013,0.007,NONE,False,False,0.0859,LOW_RISK,1,False,0.0801
prod_20003964,20003964,1000093,Sports & Entertainment,3.6,10,30,31,2,0.0284,0.0833,0.0018,25,0.000179,282,0.013,0.007,UNCERTIFIED_MED,False,True,0.0984,LOW_RISK,1,False,0.0801
prod_20004660,20004660,1000014,Home & Garden,3.33,3,15,15,1,0.0417,0.2,0.0029,14,0.000105,282,0.013,0.007,NONE,False,False,0.0613,LOW_RISK,1,False,0.0801
prod_20003829,20003829,1000480,Phones & Telecommunications,4.8,5,23,23,1,0.0477,0.1667,0.0011,19,0.000147,714,0.0141,0.006,NONE,False,False,0.0769,LOW_RISK,1,False,0.0801
prod_20002672,20002672,1000451,Automotive,4.43,7,20,22,3,0.0495,0.1429,0.0019,17,0.000152,282,0.013,0.007,NONE,False,False,0.0793,LOW_RISK,1,False,0.0801
prod_20001195,20001195,1000275,Sports & Entertainment,4.23,13,40,44,3,0.0324,0.0769,0.0012,26,0.000255,282,0.013,0.007,NONE,False,False,0.0889,LOW_RISK,1,False,0.0801
prod_20000752,20000752,1000000,Sports & Entertainment,3.25,4,10,10,1,0.0711,0.2,0.0034,10,8.6e-05,714,0.0141,0.006,NONE,False,False,0.1293,LOW_RISK,1,False,0.0801
prod_20004866,20004866,1000467,Phones & Telecommunications,4.75,4,16,16,1,0.0185,0.0667,0.0029,16,0.000105,714,0.0141,0.006,NONE,False,False,0.0551,LOW_RISK,1,False,0.0802
prod_20001373,20001373,1000235,Consumer Electronics,3.92,12,30,34,3,0.027,0.0667,0.0019,24,0.000193,282,0.013,0.007,NONE,False,False,0.1178,LOW_RISK,1,False,0.0802
prod_20004319,20004319,1000010,Sports & Entertainment,4.0,10,26,28,3,0.0315,0.1,0.0014,22,0.000179,501,0.0146,0.015,NONE,False,False,0.0815,LOW_RISK,1,False,0.0802
prod_20001282,20001282,1000003,Computer & Office,3.86,7,24,24,1,0.0477,0.1111,0.001,19,0.000152,282,0.013,0.007,NONE,False,False,0.0792,LOW_RISK,1,False,0.0802
prod_20000866,20000866,1000175,Computer & Office,4.14,7,28,32,3,0.0357,0.125,0.0024,23,0.000182,282,0.013,0.007,NONE,False,False,0.0779,LOW_RISK,1,False,0.0803
prod_20004254,20004254,1000341,Automotive,3.33,3,8,8,1,0.0566,0.25,0.0032,8,7.4e-05,714,0.0141,0.006,NONE,False,False,0.0507,LOW_RISK,1,False,0.0803
prod_20001325,20001325,1000267,Phones & Telecommunications,3.71,7,16,19,3,0.0421,0.125,0.0019,13,0.000127,282,0.013,0.007,NONE,False,False,0.0694,LOW_RISK,1,False,0.0803
prod_20003751,20003751,1000399,Sports & Entertainment,3.57,7,23,24,2,0.0447,0.1111,0.0014,17,0.000157,714,0.0141,0.006,NONE,False,False,0.0802,LOW_RISK,1,False,0.0803
prod_20003424,20003424,1000031,Sports & Entertainment,4.75,4,11,11,1,0.0781,0.25,0.0012,9,0.000101,282,0.013,0.007,CHEM_TOXIC,False,True,0.0513,LOW_RISK,1,False,0.0803
prod_20003785,20003785,1000052,Automotive,4.75,4,10,10,1,0.0725,0.2,0.001,8,0.000105,282,0.013,0.007,NONE,False,False,0.0656,LOW_RISK,1,False,0.0803
prod_20001420,20001420,1000090,Sports & Entertainment,4.25,8,22,25,3,0.0335,0.125,0.0027,18,0.000156,714,0.0141,0.006,NONE,False,False,0.0878,LOW_RISK,1,False,0.0803
prod_20003905,20003905,1000000,Jewelry & Accessories,5.0,1,4,4,1,0.0527,0.125,0.0032,4,5.4e-05,501,0.0146,0.015,ELEC_SHOCK,True,True,0.2409,MODERATE_RISK,1,False,0.0803
prod_20004333,20004333,1000323,Home & Garden,5.0,2,4,4,1,0.0135,0.025,0.0026,4,5.2e-05,714,0.0141,0.006,NONE,False,False,0.0479,LOW_RISK,1,False,0.0804
prod_20001144,20001144,1000384,Computer & Office,3.25,4,15,16,2,0.0355,0.1111,0.0024,15,0.000106,282,0.013,0.007,NONE,False,False,0.1062,LOW_RISK,1,False,0.0804
prod_20001476,20001476,1000408,Automotive,5.0,5,13,14,2,0.0479,0.1111,0.0012,12,0.000102,714,0.0141,0.006,NONE,False,False,0.0823,LOW_RISK,1,False,0.0805
prod_20002717,20002717,1000110,Computer & Office,4.14,7,25,25,1,0.0538,0.1429,0.001,18,0.000189,282,0.013,0.007,NONE,False,False,0.0654,LOW_RISK,1,False,0.0805
prod_20004269,20004269,1000406,Home & Garden,4.71,7,19,20,2,0.0565,0.1429,0.0011,13,0.000152,282,0.013,0.007,NONE,False,False,0.1443,LOW_RISK,1,False,0.0806
prod_20001785,20001785,1000058,Tools & Home Improvement,3.25,4,14,14,1,0.0583,0.2,0.0027,12,0.000107,714,0.0141,0.006,NONE,False,False,0.0695,LOW_RISK,1,False,0.0806
prod_20003669,20003669,1000216,Automotive,3.0,3,10,10,1,0.0457,0.2,0.0015,10,8.1e-05,714,0.0141,0.006,NONE,False,False,0.0579,LOW_RISK,1,False,0.0806
prod_20003283,20003283,1000416,Consumer Electronics,4.21,14,38,42,2,0.024,0.0714,0.0018,29,0.000235,714,0.0141,0.006,NONE,False,False,0.0964,LOW_RISK,1,False,0.0806
prod_20003587,20003587,1000139,Phones & Telecommunications,3.43,7,20,20,1,0.0426,0.1111,0.0012,17,0.000133,282,0.013,0.007,ELEC_SHOCK,True,True,0.2361,MODERATE_RISK,1,False,0.0807
prod_20004400,20004400,1000140,Automotive,3.6,5,18,20,2,0.055,0.2,0.0025,14,0.000139,282,0.013,0.007,NONE,False,False,0.0652,LOW_RISK,1,False,0.0807
prod_20004615,20004615,1000066,Automotive,5.0,1,3,3,1,0.0236,0.05,0.0036,3,4.9e-05,714,0.0141,0.006,NONE,False,False,0.0347,LOW_RISK,1,False,0.0807
prod_20001059,20001059,1000436,Computer & Office,4.64,11,26,29,3,0.0279,0.0625,0.0016,22,0.000169,282,0.013,0.007,NONE,False,False,0.0829,LOW_RISK,1,False,0.0807
prod_20003844,20003844,1000228,Phones & Telecommunications,3.67,12,31,34,3,0.0351,0.0769,0.0013,22,0.000206,714,0.0141,0.006,NONE,False,False,0.0953,LOW_RISK,1,False,0.0807
prod_20003827,20003827,1000152,Jewelry & Accessories,3.4,5,19,19,1,0.0389,0.1667,0.0025,18,0.000124,714,0.0141,0.006,NONE,False,False,0.0641,LOW_RISK,1,False,0.0807
prod_20003939,20003939,1000249,Automotive,4.5,2,3,3,1,0.0114,0.0147,0.002,3,4.8e-05,282,0.013,0.007,NONE,False,False,0.091,LOW_RISK,1,False,0.0807
prod_20001389,20001389,1000427,Home & Garden,4.67,3,13,13,1,0.0307,0.2,0.0036,12,9.3e-05,714,0.0141,0.006,NONE,False,False,0.0574,LOW_RISK,1,False,0.0807
prod_20002642,20002642,1000372,Automotive,4.0,1,3,3,1,0.075,0.2,0.0035,3,5.1e-05,282,0.013,0.007,NONE,False,False,0.0484,LOW_RISK,1,False,0.0807
prod_20004519,20004519,1000262,Computer & Office,3.88,8,33,34,2,0.0316,0.1111,0.0019,27,0.000196,282,0.013,0.007,NONE,False,False,0.0836,LOW_RISK,1,False,0.0808
prod_20000950,20000950,1000083,Home & Garden,4.75,4,11,11,1,0.0316,0.1111,0.0039,11,8.6e-05,282,0.013,0.007,NONE,False,False,0.0554,LOW_RISK,1,False,0.0808
prod_20003087,20003087,1000127,Home & Garden,4.33,6,24,26,2,0.0378,0.1667,0.0023,20,0.000157,501,0.0146,0.015,NONE,False,False,0.1114,LOW_RISK,1,False,0.0808
prod_20000972,20000972,1000163,Computer & Office,4.0,2,7,7,1,0.1011,0.2,0.0013,7,7.4e-05,282,0.013,0.007,NONE,False,False,0.0545,LOW_RISK,1,False,0.0808
prod_20004757,20004757,1000138,Jewelry & Accessories,4.22,9,31,33,2,0.0386,0.0909,0.0011,24,0.000192,501,0.0146,0.015,NONE,False,False,0.0871,LOW_RISK,1,False,0.0808
prod_20001079,20001079,1000360,Home & Garden,3.67,3,7,7,1,0.065,0.1111,0.0009,7,7.1e-05,501,0.0146,0.015,NONE,False,False,0.0638,LOW_RISK,1,False,0.0808
prod_20003239,20003239,1000376,Consumer Electronics,5.0,3,12,12,1,0.0708,0.2,0.001,11,9.5e-05,714,0.0141,0.006,NONE,False,False,0.0601,LOW_RISK,1,False,0.0808
prod_20004672,20004672,1000457,Consumer Electronics,5.0,1,4,4,1,0.0217,0.04,0.0032,4,5.3e-05,282,0.013,0.007,NONE,False,False,0.0543,LOW_RISK,1,False,0.0808
prod_20003261,20003261,1000049,Tools & Home Improvement,4.56,9,37,38,2,0.0316,0.1,0.0019,28,0.000213,282,0.013,0.007,NONE,False,False,0.087,LOW_RISK,1,False,0.0808
prod_20002449,20002449,1000351,Sports & Entertainment,4.5,2,4,4,1,0.1051,0.2,0.0015,4,5.8e-05,714,0.0141,0.006,NONE,False,False,0.0472,LOW_RISK,1,False,0.0809
prod_20004440,20004440,1000139,Consumer Electronics,4.0,1,3,3,1,0.0457,0.0909,0.0039,3,5e-05,282,0.013,0.007,NONE,False,False,0.0838,LOW_RISK,1,False,0.0809
prod_20003821,20003821,1000330,Consumer Electronics,4.5,12,39,41,3,0.0271,0.0769,0.0015,29,0.000224,714,0.0141,0.006,NONE,False,False,0.1009,LOW_RISK,1,False,0.0809
prod_20001097,20001097,1000206,Sports & Entertainment,4.62,8,25,27,2,0.0281,0.1111,0.0026,22,0.000157,714,0.0141,0.006,NONE,False,False,0.0633,LOW_RISK,1,False,0.0809
prod_20001215,20001215,1000382,Sports & Entertainment,4.36,14,36,41,4,0.0283,0.0714,0.0015,25,0.000238,714,0.0141,0.006,NONE,False,False,0.0963,LOW_RISK,1,False,0.0809
prod_20003127,20003127,1000363,Jewelry & Accessories,4.5,6,18,20,2,0.0316,0.1667,0.003,16,0.000147,282,0.013,0.007,NONE,False,False,0.0632,LOW_RISK,1,False,0.0809
prod_20001494,20001494,1000137,Computer & Office,3.7,10,30,32,2,0.0237,0.0769,0.002,26,0.000177,714,0.0141,0.006,NONE,False,False,0.096,LOW_RISK,1,False,0.081
prod_20003960,20003960,1000069,Sports & Entertainment,4.0,1,3,3,1,0.015,0.0227,0.0033,3,4.8e-05,714,0.0141,0.006,NONE,False,False,0.047,LOW_RISK,1,False,0.081
prod_20001979,20001979,1000354,Tools & Home Improvement,3.0,2,6,6,1,0.0549,0.1667,0.0016,6,6.4e-05,714,0.0141,0.006,NONE,False,False,0.0461,LOW_RISK,1,False,0.081
prod_20002743,20002743,1000301,Consumer Electronics,5.0,4,11,11,1,0.0769,0.25,0.0014,9,0.000106,282,0.013,0.007,NONE,False,False,0.04,LOW_RISK,1,False,0.0811
prod_20001705,20001705,1000311,Sports & Entertainment,4.5,12,37,40,3,0.0289,0.0769,0.0018,27,0.000241,282,0.013,0.007,NONE,False,False,0.0908,LOW_RISK,1,False,0.0811
prod_20002780,20002780,1000062,Computer & Office,4.67,3,9,10,2,0.0295,0.0667,0.0032,9,7.9e-05,282,0.013,0.007,NONE,False,False,0.0515,LOW_RISK,1,False,0.0812
prod_20003041,20003041,1000475,Home & Garden,5.0,2,3,3,1,0.0416,0.0909,0.003,3,4.9e-05,501,0.0146,0.015,NONE,False,False,0.1302,LOW_RISK,1,False,0.0812
prod_20002417,20002417,1000441,Consumer Electronics,3.92,12,40,43,2,0.0319,0.0833,0.0016,25,0.000258,714,0.0141,0.006,NONE,False,False,0.1122,LOW_RISK,1,False,0.0812
prod_20000893,20000893,1000342,Tools & Home Improvement,4.67,9,19,21,3,0.0256,0.1111,0.0024,17,0.000137,714,0.0141,0.006,NONE,False,False,0.1266,LOW_RISK,1,False,0.0812
prod_20002167,20002167,1000498,Computer & Office,3.0,3,6,6,1,0.0257,0.0909,0.002,6,6.2e-05,714,0.0141,0.006,NONE,False,False,0.0507,LOW_RISK,1,False,0.0812
prod_20001998,20001998,1000362,Jewelry & Accessories,4.33,3,9,9,1,0.0772,0.25,0.0014,8,8.7e-05,501,0.0146,0.015,ELEC_SHOCK,True,True,0.2486,MODERATE_RISK,1,False,0.0812
prod_20004758,20004758,1000090,Tools & Home Improvement,3.75,4,22,23,2,0.034,0.125,0.0019,21,0.00014,501,0.0146,0.015,NONE,False,False,0.0794,LOW_RISK,1,False,0.0813
prod_20002766,20002766,1000390,Computer & Office,4.67,3,11,11,1,0.0318,0.1667,0.0037,10,8.8e-05,282,0.013,0.007,NONE,False,False,0.1053,LOW_RISK,1,False,0.0813
prod_20004144,20004144,1000491,Sports & Entertainment,3.75,12,34,36,3,0.0355,0.0769,0.0013,24,0.000218,714,0.0141,0.006,CHEM_TOXIC,False,True,0.1076,LOW_RISK,1,False,0.0813
prod_20002945,20002945,1000361,Computer & Office,3.67,12,32,34,2,0.0288,0.0769,0.0017,26,0.000196,714,0.0141,0.006,NONE,False,False,0.1269,LOW_RISK,1,False,0.0814
prod_20004681,20004681,1000346,Sports & Entertainment,4.71,7,27,28,2,0.0354,0.1429,0.0013,24,0.000172,714,0.0141,0.006,NONE,False,False,0.0807,LOW_RISK,1,False,0.0814
prod_20004361,20004361,1000206,Jewelry & Accessories,4.67,3,11,11,1,0.0356,0.2,0.0039,10,8.6e-05,714,0.0141,0.006,NONE,False,False,0.0477,LOW_RISK,1,False,0.0814
prod_20003732,20003732,1000315,Sports & Entertainment,3.25,4,9,9,1,0.0453,0.0833,0.001,9,7.8e-05,282,0.013,0.007,NONE,False,False,0.0556,LOW_RISK,1,False,0.0814
prod_20004765,20004765,1000457,Jewelry & Accessories,4.0,2,5,5,1,0.0228,0.0833,0.0041,5,5.7e-05,714,0.0141,0.006,NONE,False,False,0.0567,LOW_RISK,1,False,0.0815
prod_20000815,20000815,1000123,Automotive,4.0,4,16,16,1,0.066,0.2,0.0012,13,0.00012,501,0.0146,0.015,NONE,False,False,0.0737,LOW_RISK,1,False,0.0815
prod_20001660,20001660,1000126,Automotive,4.0,1,3,3,1,0.0469,0.0667,0.003,3,4.9e-05,501,0.0146,0.015,NONE,False,False,0.0357,LOW_RISK,1,False,0.0815
prod_20002143,20002143,1000456,Jewelry & Accessories,4.0,11,31,32,2,0.0357,0.0833,0.0009,23,0.000197,282,0.013,0.007,NONE,False,False,0.0789,LOW_RISK,1,False,0.0815
prod_20002583,20002583,1000007,Home & Garden,4.14,7,21,24,3,0.0338,0.1111,0.0027,19,0.000145,282,0.013,0.007,NONE,False,False,0.1136,LOW_RISK,1,False,0.0815
prod_20001774,20001774,1000119,Automotive,5.0,3,8,9,2,0.0322,0.1111,0.0026,8,7.7e-05,714,0.0141,0.006,NONE,False,False,0.0481,LOW_RISK,1,False,0.0816
prod_20003480,20003480,1000320,Consumer Electronics,4.42,12,33,36,3,0.0262,0.0833,0.002,26,0.000225,282,0.013,0.007,NONE,False,False,0.1053,LOW_RISK,1,False,0.0816
prod_20002578,20002578,1000354,Sports & Entertainment,3.0,3,7,7,1,0.0361,0.125,0.0033,7,6.8e-05,714,0.0141,0.006,NONE,False,False,0.0488,LOW_RISK,1,False,0.0816
prod_20004187,20004187,1000108,Tools & Home Improvement,4.0,4,12,13,2,0.0455,0.2,0.0017,11,9.9e-05,501,0.0146,0.015,NONE,False,False,0.0738,LOW_RISK,1,False,0.0816
prod_20001837,20001837,1000025,Phones & Telecommunications,4.38,8,27,30,3,0.0284,0.1111,0.0024,23,0.000168,282,0.013,0.007,NONE,False,False,0.1268,LOW_RISK,1,False,0.0816
prod_20003357,20003357,1000003,Sports & Entertainment,3.78,9,27,29,2,0.0378,0.0833,0.0012,19,0.000179,501,0.0146,0.015,NONE,False,False,0.0756,LOW_RISK,1,False,0.0816
prod_20001409,20001409,1000137,Jewelry & Accessories,4.0,1,4,4,1,0.0822,0.25,0.0034,4,5.6e-05,282,0.013,0.007,NONE,False,False,0.0651,LOW_RISK,1,False,0.0816
prod_20001310,20001310,1000310,Phones & Telecommunications,3.86,7,28,31,3,0.0399,0.1111,0.0021,22,0.000191,282,0.013,0.007,NONE,False,False,0.0929,LOW_RISK,1,False,0.0817
prod_20004455,20004455,1000049,Automotive,5.0,3,11,12,2,0.0656,0.2,0.0018,11,9.3e-05,714,0.0141,0.006,NONE,False,False,0.0654,LOW_RISK,1,False,0.0817
prod_20002596,20002596,1000170,Consumer Electronics,5.0,1,5,5,1,0.0357,0.125,0.0032,5,5.8e-05,501,0.0146,0.015,NONE,False,False,0.0728,LOW_RISK,1,False,0.0817
prod_20002840,20002840,1000320,Jewelry & Accessories,5.0,1,3,3,1,0.0563,0.1111,0.0036,3,5e-05,714,0.0141,0.006,NONE,False,False,0.0635,LOW_RISK,1,False,0.0817
prod_20003976,20003976,1000206,Consumer Electronics,4.25,4,13,14,2,0.0737,0.1667,0.0022,11,0.000107,282,0.013,0.007,NONE,False,False,0.0461,LOW_RISK,1,False,0.0817
prod_20001603,20001603,1000359,Phones & Telecommunications,4.0,5,17,18,2,0.0378,0.1667,0.0031,14,0.000125,282,0.013,0.007,NONE,False,False,0.0623,LOW_RISK,1,False,0.0818
prod_20003813,20003813,1000255,Consumer Electronics,4.0,1,6,6,1,0.0741,0.25,0.0038,6,6.3e-05,714,0.0141,0.006,NONE,False,False,0.0606,LOW_RISK,1,False,0.0818
prod_20001485,20001485,1000332,Automotive,3.67,9,28,31,3,0.0336,0.1,0.0018,21,0.000191,282,0.013,0.007,NONE,False,False,0.0991,LOW_RISK,1,False,0.0818
prod_20002071,20002071,1000171,Jewelry & Accessories,4.67,3,8,8,1,0.0864,0.2,0.0022,7,8.1e-05,501,0.0146,0.015,NONE,False,False,0.0576,LOW_RISK,1,False,0.0818
prod_20004290,20004290,1000178,Jewelry & Accessories,4.15,13,31,33,3,0.0298,0.0769,0.0012,21,0.000206,501,0.0146,0.015,NONE,False,False,0.0836,LOW_RISK,1,False,0.0818
prod_20003773,20003773,1000011,Computer & Office,4.15,13,36,40,3,0.0267,0.0625,0.0018,27,0.000219,714,0.0141,0.006,CHEM_TOXIC,True,True,0.2424,MODERATE_RISK,1,False,0.0819
prod_20003187,20003187,1000496,Tools & Home Improvement,4.14,7,28,30,2,0.0331,0.1429,0.0019,25,0.000171,282,0.013,0.007,CHEM_TOXIC,True,True,0.2412,MODERATE_RISK,1,False,0.0819
prod_20004592,20004592,1000497,Jewelry & Accessories,4.22,9,21,22,2,0.0456,0.1111,0.001,15,0.000175,282,0.013,0.007,UNCERTIFIED_MED,False,True,0.0711,LOW_RISK,1,False,0.0819
prod_20002701,20002701,1000498,Sports & Entertainment,4.0,9,25,25,1,0.022,0.0769,0.0021,23,0.000147,714,0.0141,0.006,NONE,False,False,0.0696,LOW_RISK,1,False,0.0819
prod_20001899,20001899,1000064,Computer & Office,4.0,5,19,23,3,0.0376,0.0909,0.0026,18,0.000138,714,0.0141,0.006,NONE,False,False,0.0743,LOW_RISK,1,False,0.0819
prod_20001737,20001737,1000393,Jewelry & Accessories,3.62,8,26,27,2,0.0308,0.1111,0.0022,23,0.000158,714,0.0141,0.006,NONE,False,False,0.0844,LOW_RISK,1,False,0.0819
prod_20002528,20002528,1000318,Jewelry & Accessories,5.0,2,4,4,1,0.0633,0.1,0.001,4,5.5e-05,282,0.013,0.007,NONE,False,False,0.0265,LOW_RISK,1,False,0.082
prod_20001720,20001720,1000398,Computer & Office,4.5,2,3,3,1,0.0204,0.0455,0.0036,3,4.8e-05,282,0.013,0.007,NONE,False,False,0.0508,LOW_RISK,1,False,0.082
prod_20000943,20000943,1000015,Home & Garden,4.09,11,39,40,2,0.0311,0.0909,0.0013,28,0.000234,714,0.0141,0.006,NONE,False,False,0.0944,LOW_RISK,1,False,0.0821
prod_20002122,20002122,1000484,Home & Garden,3.67,9,29,33,3,0.033,0.1,0.0019,23,0.000185,714,0.0141,0.006,NONE,False,False,0.0859,LOW_RISK,1,False,0.0821
prod_20002346,20002346,1000414,Consumer Electronics,4.0,1,4,4,1,0.0277,0.0667,0.0035,4,5.3e-05,501,0.0146,0.015,NONE,False,False,0.0547,LOW_RISK,1,False,0.0821
prod_20001754,20001754,1000055,Sports & Entertainment,4.5,2,7,7,1,0.0174,0.05,0.0035,7,6.5e-05,282,0.013,0.007,UNCERTIFIED_MED,False,True,0.1133,LOW_RISK,1,False,0.0821
prod_20003868,20003868,1000457,Jewelry & Accessories,4.3,10,31,34,3,0.0354,0.1,0.0016,22,0.000206,501,0.0146,0.015,NONE,False,False,0.0828,LOW_RISK,1,False,0.0821
prod_20001571,20001571,1000118,Sports & Entertainment,4.56,9,30,30,1,0.0429,0.1111,0.0011,20,0.000209,501,0.0146,0.015,NONE,False,False,0.0758,LOW_RISK,1,False,0.0822
prod_20002251,20002251,1000257,Home & Garden,4.33,6,21,23,2,0.0342,0.125,0.0027,18,0.000139,501,0.0146,0.015,NONE,False,False,0.0802,LOW_RISK,1,False,0.0822
prod_20004677,20004677,1000428,Tools & Home Improvement,3.85,13,35,38,2,0.0269,0.0667,0.0016,26,0.000213,714,0.0141,0.006,NONE,False,False,0.0881,LOW_RISK,1,False,0.0822
prod_20001263,20001263,1000122,Computer & Office,4.09,11,31,36,4,0.0306,0.0714,0.0018,24,0.000204,714,0.0141,0.006,NONE,False,False,0.0852,LOW_RISK,1,False,0.0822
prod_20003236,20003236,1000414,Tools & Home Improvement,4.0,1,3,3,1,0.0464,0.125,0.0038,3,4.9e-05,282,0.013,0.007,NONE,False,False,0.0552,LOW_RISK,1,False,0.0822
prod_20001232,20001232,1000297,Jewelry & Accessories,4.2,10,37,37,1,0.0273,0.0769,0.0015,28,0.000205,282,0.013,0.007,NONE,False,False,0.0909,LOW_RISK,1,False,0.0823
prod_20003400,20003400,1000056,Phones & Telecommunications,3.5,2,5,5,1,0.0217,0.04,0.0031,5,5.7e-05,282,0.013,0.007,NONE,False,False,0.0529,LOW_RISK,1,False,0.0823
prod_20002381,20002381,1000255,Home & Garden,3.75,8,30,30,1,0.045,0.1111,0.0012,20,0.000185,282,0.013,0.007,NONE,False,False,0.0904,LOW_RISK,1,False,0.0823
prod_20002213,20002213,1000468,Automotive,5.0,1,4,4,1,0.0387,0.0667,0.0032,4,5.3e-05,501,0.0146,0.015,NONE,False,False,0.0505,LOW_RISK,1,False,0.0824
prod_20000779,20000779,1000202,Consumer Electronics,4.18,17,37,41,3,0.0252,0.0588,0.0015,24,0.000267,282,0.013,0.007,NONE,False,False,0.0862,LOW_RISK,1,False,0.0824
prod_20001462,20001462,1000499,Automotive,4.0,5,28,28,1,0.0403,0.1667,0.0018,23,0.000165,714,0.0141,0.006,NONE,False,False,0.081,LOW_RISK,1,False,0.0824
prod_20004342,20004342,1000217,Consumer Electronics,4.0,7,27,27,1,0.0231,0.0909,0.0021,25,0.000154,282,0.013,0.007,NONE,False,False,0.0754,LOW_RISK,1,False,0.0824
prod_20001274,20001274,1000360,Automotive,4.25,4,8,8,1,0.0723,0.25,0.001,7,0.000114,282,0.013,0.007,NONE,False,False,0.0761,LOW_RISK,1,False,0.0824
prod_20001803,20001803,1000157,Tools & Home Improvement,3.75,4,13,15,2,0.0443,0.1667,0.0027,13,0.000104,282,0.013,0.007,NONE,False,False,0.0658,LOW_RISK,1,False,0.0825
prod_20004050,20004050,1000298,Consumer Electronics,5.0,1,10,10,1,0.0367,0.1111,0.0039,10,8e-05,714,0.0141,0.006,NONE,False,False,0.0571,LOW_RISK,1,False,0.0825
prod_20000858,20000858,1000452,Sports & Entertainment,4.0,5,24,25,2,0.051,0.2,0.002,19,0.000164,714,0.0141,0.006,NONE,False,False,0.0716,LOW_RISK,1,False,0.0826
prod_20001472,20001472,1000267,Computer & Office,3.67,9,24,27,3,0.0336,0.1,0.0017,21,0.000161,282,0.013,0.007,NONE,False,False,0.0744,LOW_RISK,1,False,0.0826
prod_20000892,20000892,1000385,Phones & Telecommunications,4.33,9,28,28,1,0.0403,0.1,0.0009,22,0.000177,282,0.013,0.007,NONE,False,False,0.0831,LOW_RISK,1,False,0.0826
prod_20000847,20000847,1000289,Phones & Telecommunications,5.0,3,8,8,1,0.0484,0.25,0.003,7,8.4e-05,282,0.013,0.007,NONE,False,False,0.1013,LOW_RISK,1,False,0.0827
prod_20004634,20004634,1000079,Computer & Office,3.86,7,18,20,3,0.0405,0.125,0.0022,15,0.000131,282,0.013,0.007,NONE,False,False,0.0557,LOW_RISK,1,False,0.0827
prod_20003957,20003957,1000159,Computer & Office,4.0,1,3,3,1,0.0486,0.1111,0.0033,3,5e-05,501,0.0146,0.015,NONE,False,False,0.095,LOW_RISK,1,False,0.0827
prod_20003705,20003705,1000474,Computer & Office,5.0,4,9,9,1,0.0788,0.2,0.0016,8,8.5e-05,282,0.013,0.007,NONE,False,False,0.0569,LOW_RISK,1,False,0.0827
prod_20002154,20002154,1000446,Home & Garden,3.5,2,7,7,1,0.0757,0.25,0.0029,7,7.2e-05,282,0.013,0.007,NONE,False,False,0.0466,LOW_RISK,1,False,0.0827
prod_20004343,20004343,1000140,Jewelry & Accessories,4.64,11,34,35,2,0.0274,0.0909,0.0019,27,0.000213,714,0.0141,0.006,NONE,False,False,0.0861,LOW_RISK,1,False,0.0827
prod_20001913,20001913,1000188,Phones & Telecommunications,4.0,6,18,20,3,0.0413,0.1429,0.0021,16,0.000134,714,0.0141,0.006,NONE,False,False,0.0706,LOW_RISK,1,False,0.0827
prod_20002962,20002962,1000482,Consumer Electronics,4.33,3,12,13,2,0.0332,0.1429,0.0028,12,9.3e-05,282,0.013,0.007,NONE,False,False,0.0736,LOW_RISK,1,False,0.0828
prod_20002865,20002865,1000298,Computer & Office,4.5,4,10,11,2,0.0252,0.125,0.0035,10,8.5e-05,282,0.013,0.007,NONE,False,False,0.0564,LOW_RISK,1,False,0.0828
prod_20002014,20002014,1000097,Computer & Office,4.5,2,5,5,1,0.0123,0.0233,0.0032,5,5.7e-05,714,0.0141,0.006,NONE,False,False,0.0309,LOW_RISK,1,False,0.0828
prod_20002533,20002533,1000487,Sports & Entertainment,4.0,1,3,3,1,0.0377,0.0769,0.0039,3,4.9e-05,714,0.0141,0.006,NONE,False,False,0.0396,LOW_RISK,1,False,0.0828
prod_20002491,20002491,1000045,Tools & Home Improvement,4.5,2,2,2,1,0.0375,0.0667,0.003,2,4.5e-05,714,0.0141,0.006,NONE,False,False,0.0273,LOW_RISK,1,False,0.0828
prod_20002276,20002276,1000178,Tools & Home Improvement,5.0,2,7,7,1,0.029,0.1111,0.0038,7,6.6e-05,714,0.0141,0.006,NONE,False,False,0.0474,LOW_RISK,1,False,0.0828
prod_20003225,20003225,1000202,Consumer Electronics,4.0,2,3,3,1,0.0709,0.1,0.001,3,5.1e-05,714,0.0141,0.006,NONE,False,False,0.0496,LOW_RISK,1,False,0.0829
prod_20001639,20001639,1000485,Computer & Office,3.4,5,19,19,1,0.0356,0.125,0.0018,17,0.000121,282,0.013,0.007,UNCERTIFIED_MED,False,True,0.1943,MODERATE_RISK,1,False,0.0829
prod_20004239,20004239,1000260,Automotive,4.33,6,28,28,1,0.0468,0.1429,0.0019,21,0.000174,714,0.0141,0.006,NONE,False,False,0.0869,LOW_RISK,1,False,0.0829
prod_20002759,20002759,1000385,Home & Garden,4.0,7,18,19,2,0.0422,0.1,0.0007,17,0.000125,714,0.0141,0.006,NONE,False,False,0.0686,LOW_RISK,1,False,0.0829
prod_20002847,20002847,1000026,Automotive,4.67,6,18,21,3,0.048,0.1,0.0016,16,0.000136,714,0.0141,0.006,NONE,False,False,0.066,LOW_RISK,1,False,0.0829
prod_20003089,20003089,1000164,Computer & Office,3.25,4,12,12,1,0.0314,0.1111,0.0027,12,8.9e-05,282,0.013,0.007,NONE,False,False,0.0747,LOW_RISK,1,False,0.083
prod_20002090,20002090,1000069,Phones & Telecommunications,4.11,9,24,27,3,0.0333,0.1111,0.0022,19,0.00017,501,0.0146,0.015,NONE,False,False,0.0785,LOW_RISK,1,False,0.083
prod_20003220,20003220,1000377,Consumer Electronics,4.5,2,6,6,1,0.0248,0.0625,0.0037,6,6.1e-05,282,0.013,0.007,NONE,False,False,0.1562,MODERATE_RISK,1,False,0.083
prod_20001930,20001930,1000149,Consumer Electronics,3.75,12,34,36,2,0.0326,0.0714,0.0014,25,0.000206,282,0.013,0.007,NONE,False,False,0.087,LOW_RISK,1,False,0.083
prod_20003238,20003238,1000478,Home & Garden,5.0,1,3,3,1,0.0722,0.1667,0.003,3,5e-05,282,0.013,0.007,NONE,False,False,0.075,LOW_RISK,1,False,0.083
prod_20004467,20004467,1000140,Tools & Home Improvement,4.25,4,13,14,2,0.062,0.25,0.0021,11,0.000119,714,0.0141,0.006,NONE,False,False,0.0612,LOW_RISK,1,False,0.0831
prod_20004231,20004231,1000230,Sports & Entertainment,4.0,4,12,12,1,0.0453,0.25,0.0024,11,9.8e-05,501,0.0146,0.015,NONE,False,False,0.0586,LOW_RISK,1,False,0.0831
prod_20004451,20004451,1000376,Computer & Office,4.33,3,6,6,1,0.0971,0.25,0.0015,6,6.9e-05,714,0.0141,0.006,NONE,False,False,0.0548,LOW_RISK,1,False,0.0831
prod_20003906,20003906,1000241,Phones & Telecommunications,4.33,6,10,10,1,0.067,0.1429,0.0006,8,9.9e-05,282,0.013,0.007,NONE,False,False,0.064,LOW_RISK,1,False,0.0831
prod_20000750,20000750,1000119,Tools & Home Improvement,4.0,1,4,4,1,0.0417,0.1429,0.004,4,5.5e-05,714,0.0141,0.006,NONE,False,False,0.0407,LOW_RISK,1,False,0.0831
prod_20002585,20002585,1000496,Home & Garden,4.0,1,4,4,1,0.0162,0.0417,0.0036,4,5.3e-05,714,0.0141,0.006,NONE,False,False,0.0858,LOW_RISK,1,False,0.0831
prod_20002424,20002424,1000010,Consumer Electronics,4.23,13,39,43,3,0.0266,0.0714,0.0014,29,0.000237,714,0.0141,0.006,NONE,False,False,0.0928,LOW_RISK,1,False,0.0831
prod_20003058,20003058,1000417,Automotive,4.75,8,23,25,2,0.0274,0.0769,0.0024,20,0.000148,714,0.0141,0.006,NONE,False,False,0.0815,LOW_RISK,1,False,0.0831
prod_20003723,20003723,1000259,Automotive,4.6,5,24,24,1,0.0333,0.1667,0.0017,22,0.000143,714,0.0141,0.006,NONE,False,False,0.0727,LOW_RISK,1,False,0.0831
prod_20004701,20004701,1000403,Jewelry & Accessories,4.6,5,17,19,2,0.0646,0.1429,0.002,14,0.000142,501,0.0146,0.015,UNCERTIFIED_MED,True,True,0.2515,MODERATE_RISK,1,False,0.0832
prod_20004520,20004520,1000453,Home & Garden,4.58,12,32,35,2,0.023,0.0769,0.0022,26,0.000204,714,0.0141,0.006,NONE,False,False,0.087,LOW_RISK,1,False,0.0832
prod_20001712,20001712,1000391,Consumer Electronics,4.18,11,39,41,3,0.0295,0.0833,0.0014,29,0.000229,714,0.0141,0.006,NONE,False,False,0.0859,LOW_RISK,1,False,0.0832
prod_20002029,20002029,1000359,Computer & Office,4.09,11,38,42,3,0.0316,0.0833,0.0018,27,0.00024,714,0.0141,0.006,NONE,False,False,0.0917,LOW_RISK,1,False,0.0832
prod_20001813,20001813,1000447,Automotive,4.5,2,5,5,1,0.0921,0.25,0.0019,5,6.2e-05,714,0.0141,0.006,NONE,False,False,0.063,LOW_RISK,1,False,0.0832
prod_20002560,20002560,1000055,Sports & Entertainment,5.0,1,5,5,1,0.0382,0.1,0.0036,5,5.8e-05,282,0.013,0.007,CHOKE_CHILD,False,True,0.1127,LOW_RISK,1,False,0.0832
prod_20004264,20004264,1000361,Phones & Telecommunications,3.82,11,30,35,3,0.0336,0.0833,0.0018,23,0.0002,282,0.013,0.007,UNCERTIFIED_MED,False,True,0.129,LOW_RISK,1,False,0.0833
prod_20003671,20003671,1000072,Phones & Telecommunications,3.5,2,5,5,1,0.0443,0.1667,0.0017,5,5.9e-05,501,0.0146,0.015,NONE,False,False,0.1641,MODERATE_RISK,1,False,0.0833
prod_20003406,20003406,1000245,Automotive,4.1,10,22,27,3,0.0308,0.0909,0.0024,18,0.000163,282,0.013,0.007,NONE,False,False,0.0784,LOW_RISK,1,False,0.0833
prod_20001961,20001961,1000344,Home & Garden,5.0,3,11,11,1,0.0737,0.25,0.0027,11,9.1e-05,714,0.0141,0.006,NONE,False,False,0.0522,LOW_RISK,1,False,0.0833
prod_20001562,20001562,1000476,Home & Garden,4.5,4,7,7,1,0.0764,0.2,0.0006,6,7.7e-05,714,0.0141,0.006,NONE,False,False,0.0577,LOW_RISK,1,False,0.0834
prod_20004353,20004353,1000114,Consumer Electronics,4.25,4,9,9,1,0.0464,0.25,0.0029,8,8.1e-05,501,0.0146,0.015,NONE,False,False,0.0662,LOW_RISK,1,False,0.0834
prod_20002215,20002215,1000290,Computer & Office,4.22,9,33,33,1,0.0304,0.1,0.0011,26,0.000189,714,0.0141,0.006,NONE,False,False,0.0867,LOW_RISK,1,False,0.0834
prod_20002931,20002931,1000298,Consumer Electronics,5.0,3,13,13,1,0.0724,0.25,0.002,12,0.0001,282,0.013,0.007,NONE,False,False,0.0579,LOW_RISK,1,False,0.0834
prod_20002270,20002270,1000005,Phones & Telecommunications,4.0,6,30,30,1,0.0344,0.125,0.0015,26,0.000171,714,0.0141,0.006,NONE,False,False,0.0795,LOW_RISK,1,False,0.0834
prod_20003931,20003931,1000296,Tools & Home Improvement,3.33,3,6,6,1,0.0303,0.0526,0.001,6,6.2e-05,714,0.0141,0.006,NONE,False,False,0.0502,LOW_RISK,1,False,0.0834
prod_20000910,20000910,1000166,Automotive,3.83,6,13,13,1,0.0371,0.125,0.0029,12,9.8e-05,501,0.0146,0.015,NONE,False,False,0.058,LOW_RISK,1,False,0.0835
prod_20002723,20002723,1000243,Computer & Office,3.5,4,10,10,1,0.0402,0.1429,0.0026,10,8.1e-05,501,0.0146,0.015,NONE,False,False,0.1071,LOW_RISK,1,False,0.0835
prod_20001004,20001004,1000314,Sports & Entertainment,3.56,9,25,25,1,0.0356,0.1111,0.0013,21,0.000171,282,0.013,0.007,NONE,False,False,0.0771,LOW_RISK,1,False,0.0835
prod_20002687,20002687,1000153,Automotive,4.67,3,4,4,1,0.0546,0.125,0.0005,4,5.5e-05,282,0.013,0.007,NONE,False,False,0.0597,LOW_RISK,1,False,0.0835
prod_20004514,20004514,1000205,Automotive,3.67,9,24,26,2,0.0267,0.1,0.0026,20,0.000154,714,0.0141,0.006,NONE,False,False,0.082,LOW_RISK,1,False,0.0835
prod_20003792,20003792,1000459,Phones & Telecommunications,3.83,6,25,27,3,0.0291,0.0833,0.0019,22,0.000156,282,0.013,0.007,NONE,False,False,0.0745,LOW_RISK,1,False,0.0835
prod_20003360,20003360,1000229,Computer & Office,4.33,9,37,38,2,0.0237,0.0833,0.0016,30,0.000202,714,0.0141,0.006,NONE,False,False,0.0789,LOW_RISK,1,False,0.0835
prod_20004509,20004509,1000414,Jewelry & Accessories,5.0,3,11,11,1,0.0462,0.25,0.0019,10,9e-05,501,0.0146,0.015,NONE,False,False,0.0662,LOW_RISK,1,False,0.0836
prod_20002224,20002224,1000334,Automotive,4.27,11,23,26,3,0.0356,0.0909,0.0018,17,0.000195,501,0.0146,0.015,ELEC_SHOCK,False,True,0.1461,LOW_RISK,1,False,0.0836
prod_20003631,20003631,1000444,Phones & Telecommunications,4.0,1,4,4,1,0.0882,0.25,0.0032,4,5.5e-05,714,0.0141,0.006,NONE,False,False,0.041,LOW_RISK,1,False,0.0836
prod_20001797,20001797,1000295,Tools & Home Improvement,4.0,1,3,3,1,0.0883,0.2,0.003,3,5e-05,714,0.0141,0.006,NONE,False,False,0.0515,LOW_RISK,1,False,0.0836
prod_20000895,20000895,1000031,Sports & Entertainment,5.0,1,4,4,1,0.0725,0.1667,0.0032,4,5.6e-05,282,0.013,0.007,NONE,False,False,0.0415,LOW_RISK,1,False,0.0836
prod_20003374,20003374,1000182,Consumer Electronics,5.0,1,4,4,1,0.0752,0.1667,0.003,4,5.6e-05,282,0.013,0.007,UNCERTIFIED_MED,True,True,0.2574,MODERATE_RISK,1,False,0.0836
prod_20004052,20004052,1000017,Computer & Office,3.75,4,17,17,1,0.0663,0.25,0.0014,14,0.000129,714,0.0141,0.006,NONE,False,False,0.0926,LOW_RISK,1,False,0.0836
prod_20000933,20000933,1000444,Tools & Home Improvement,4.0,2,14,15,2,0.0546,0.1667,0.0029,14,0.000104,714,0.0141,0.006,NONE,False,False,0.0581,LOW_RISK,1,False,0.0836
prod_20002460,20002460,1000205,Sports & Entertainment,3.0,2,8,8,1,0.0522,0.125,0.0023,8,7.2e-05,714,0.0141,0.006,NONE,False,False,0.063,LOW_RISK,1,False,0.0836
prod_20004576,20004576,1000024,Jewelry & Accessories,5.0,2,5,5,1,0.0525,0.1111,0.0015,5,6e-05,501,0.0146,0.015,NONE,False,False,0.0472,LOW_RISK,1,False,0.0837
prod_20003912,20003912,1000251,Tools & Home Improvement,4.0,1,5,5,1,0.0241,0.0556,0.0039,5,5.7e-05,282,0.013,0.007,NONE,False,False,0.0453,LOW_RISK,1,False,0.0837
prod_20001752,20001752,1000295,Automotive,4.33,12,35,40,3,0.0364,0.0833,0.0014,23,0.000259,282,0.013,0.007,NONE,False,False,0.0882,LOW_RISK,1,False,0.0837
prod_20001686,20001686,1000398,Home & Garden,4.25,8,22,25,3,0.0314,0.125,0.0027,20,0.000155,714,0.0141,0.006,NONE,False,False,0.0896,LOW_RISK,1,False,0.0837
prod_20000931,20000931,1000226,Home & Garden,4.14,7,22,24,2,0.0258,0.1,0.003,20,0.000143,282,0.013,0.007,CHOKE_CHILD,False,True,0.0749,LOW_RISK,1,False,0.0837
prod_20003632,20003632,1000048,Jewelry & Accessories,4.55,11,38,42,3,0.0286,0.0909,0.0018,27,0.000236,714,0.0141,0.006,NONE,False,False,0.0958,LOW_RISK,1,False,0.0837
prod_20002574,20002574,1000054,Sports & Entertainment,4.07,15,36,37,2,0.0253,0.0625,0.0013,27,0.000215,282,0.013,0.007,NONE,False,False,0.0977,LOW_RISK,1,False,0.0838
prod_20001041,20001041,1000101,Home & Garden,4.0,9,21,24,2,0.0247,0.0833,0.0029,18,0.000145,714,0.0141,0.006,NONE,False,False,0.1382,LOW_RISK,1,False,0.0838
prod_20001523,20001523,1000305,Computer & Office,5.0,2,6,6,1,0.0474,0.2,0.0029,6,6.3e-05,501,0.0146,0.015,NONE,False,False,0.0531,LOW_RISK,1,False,0.0838
prod_20001045,20001045,1000254,Home & Garden,5.0,1,3,3,1,0.0321,0.0833,0.0037,3,4.9e-05,714,0.0141,0.006,CHOKE_CHILD,False,True,0.0521,LOW_RISK,1,False,0.0838
prod_20004013,20004013,1000464,Tools & Home Improvement,4.0,9,37,40,2,0.0368,0.1111,0.0017,24,0.000238,282,0.013,0.007,NONE,False,False,0.0817,LOW_RISK,1,False,0.0838
prod_20002335,20002335,1000068,Automotive,4.0,4,21,22,2,0.0461,0.1667,0.0012,20,0.000135,282,0.013,0.007,CHEM_TOXIC,False,True,0.1331,LOW_RISK,1,False,0.0838
prod_20003712,20003712,1000332,Consumer Electronics,4.25,4,21,21,1,0.0585,0.25,0.0015,17,0.000141,282,0.013,0.007,NONE,False,False,0.0793,LOW_RISK,1,False,0.0838
prod_20001843,20001843,1000388,Phones & Telecommunications,4.12,8,31,34,3,0.0362,0.125,0.002,24,0.000208,282,0.013,0.007,CHOKE_CHILD,True,True,0.2537,MODERATE_RISK,1,False,0.0839
prod_20003515,20003515,1000278,Phones & Telecommunications,4.38,8,31,31,1,0.035,0.125,0.0013,25,0.000187,282,0.013,0.007,NONE,False,False,0.0765,LOW_RISK,1,False,0.0839
prod_20001718,20001718,1000424,Jewelry & Accessories,3.8,5,21,23,3,0.0351,0.125,0.0018,20,0.000139,282,0.013,0.007,NONE,False,False,0.0812,LOW_RISK,1,False,0.0839
prod_20002446,20002446,1000156,Tools & Home Improvement,5.0,1,5,5,1,0.0594,0.1,0.0031,5,5.9e-05,282,0.013,0.007,NONE,False,False,0.0359,LOW_RISK,1,False,0.0839
prod_20003575,20003575,1000270,Automotive,4.25,4,12,13,2,0.0452,0.1429,0.0031,12,9.7e-05,714,0.0141,0.006,NONE,False,False,0.042,LOW_RISK,1,False,0.0839
prod_20002190,20002190,1000182,Phones & Telecommunications,4.0,3,8,9,2,0.0309,0.0769,0.0036,8,7.6e-05,714,0.0141,0.006,NONE,False,False,0.149,LOW_RISK,1,False,0.0839
prod_20003248,20003248,1000438,Sports & Entertainment,4.83,6,18,18,1,0.0604,0.1429,0.001,13,0.000137,714,0.0141,0.006,NONE,False,False,0.0639,LOW_RISK,1,False,0.084
prod_20003731,20003731,1000284,Sports & Entertainment,3.67,9,28,31,2,0.0341,0.0909,0.0017,24,0.000178,282,0.013,0.007,NONE,False,False,0.0814,LOW_RISK,1,False,0.084
prod_20003082,20003082,1000405,Sports & Entertainment,4.67,3,7,7,1,0.0787,0.2,0.001,7,7.3e-05,714,0.0141,0.006,NONE,False,False,0.0611,LOW_RISK,1,False,0.084
prod_20002484,20002484,1000480,Consumer Electronics,3.6,5,14,16,2,0.0342,0.1,0.0031,14,0.000108,714,0.0141,0.006,NONE,False,False,0.0688,LOW_RISK,1,False,0.084
prod_20003176,20003176,1000340,Sports & Entertainment,4.5,2,6,6,1,0.0868,0.25,0.0021,6,6.9e-05,282,0.013,0.007,NONE,False,False,0.0628,LOW_RISK,1,False,0.0841
prod_20004713,20004713,1000131,Home & Garden,4.5,2,11,11,1,0.0728,0.2,0.0036,11,8.8e-05,714,0.0141,0.006,UNCERTIFIED_MED,True,True,0.3108,MODERATE_RISK,1,False,0.0841
prod_20004180,20004180,1000310,Tools & Home Improvement,4.0,6,21,24,3,0.0426,0.1429,0.0016,19,0.000149,714,0.0141,0.006,NONE,False,False,0.0829,LOW_RISK,1,False,0.0841
prod_20001812,20001812,1000174,Jewelry & Accessories,3.4,5,18,18,1,0.0464,0.1667,0.0021,15,0.000136,282,0.013,0.007,NONE,False,False,0.0664,LOW_RISK,1,False,0.0841
prod_20001757,20001757,1000383,Tools & Home Improvement,3.83,6,13,13,1,0.021,0.0909,0.0034,12,9.4e-05,714,0.0141,0.006,NONE,False,False,0.0609,LOW_RISK,1,False,0.0841
prod_20002895,20002895,1000011,Computer & Office,3.5,2,4,4,1,0.038,0.0625,0.0015,4,5.3e-05,501,0.0146,0.015,CHEM_TOXIC,False,True,0.0771,LOW_RISK,1,False,0.0841
prod_20001904,20001904,1000457,Sports & Entertainment,4.0,10,30,34,3,0.0382,0.1,0.0012,22,0.000215,282,0.013,0.007,NONE,False,False,0.0866,LOW_RISK,1,False,0.0841
prod_20003361,20003361,1000476,Home & Garden,4.0,12,36,38,3,0.0289,0.0714,0.0016,26,0.000213,714,0.0141,0.006,NONE,False,False,0.0896,LOW_RISK,1,False,0.0841
prod_20001077,20001077,1000023,Phones & Telecommunications,4.25,4,9,9,1,0.0731,0.2,0.0015,8,9.3e-05,501,0.0146,0.015,NONE,False,False,0.0557,LOW_RISK,1,False,0.0842
prod_20001641,20001641,1000411,Phones & Telecommunications,3.88,8,26,26,1,0.0393,0.125,0.0014,20,0.000179,501,0.0146,0.015,NONE,False,False,0.0754,LOW_RISK,1,False,0.0842
prod_20003875,20003875,1000170,Consumer Electronics,3.83,6,27,27,1,0.0564,0.1429,0.0015,19,0.000172,714,0.0141,0.006,NONE,False,False,0.1013,LOW_RISK,1,False,0.0843
prod_20000974,20000974,1000132,Sports & Entertainment,3.5,4,19,19,1,0.0536,0.1667,0.0019,17,0.000128,714,0.0141,0.006,NONE,False,False,0.0658,LOW_RISK,1,False,0.0844
prod_20003909,20003909,1000268,Computer & Office,4.38,8,34,37,3,0.0349,0.1111,0.0019,26,0.000209,714,0.0141,0.006,NONE,False,False,0.0831,LOW_RISK,1,False,0.0844
prod_20001136,20001136,1000277,Tools & Home Improvement,4.5,10,35,35,1,0.0263,0.1,0.0015,28,0.000203,714,0.0141,0.006,NONE,False,False,0.0765,LOW_RISK,1,False,0.0844
prod_20000987,20000987,1000403,Tools & Home Improvement,4.44,9,30,34,4,0.0384,0.1,0.0017,21,0.000215,714,0.0141,0.006,NONE,False,False,0.1474,LOW_RISK,1,False,0.0844
prod_20002033,20002033,1000032,Phones & Telecommunications,3.82,11,28,31,3,0.0295,0.0833,0.0021,22,0.000189,714,0.0141,0.006,NONE,False,False,0.0809,LOW_RISK,1,False,0.0845
prod_20002077,20002077,1000101,Tools & Home Improvement,4.25,12,39,40,2,0.0322,0.0769,0.0012,28,0.00023,714,0.0141,0.006,CHOKE_CHILD,False,True,0.1466,LOW_RISK,1,False,0.0845
prod_20002834,20002834,1000303,Tools & Home Improvement,3.33,3,9,9,1,0.0574,0.1667,0.0012,8,8.2e-05,282,0.013,0.007,NONE,False,False,0.0592,LOW_RISK,1,False,0.0845
prod_20002440,20002440,1000133,Phones & Telecommunications,3.67,6,20,21,2,0.0201,0.0667,0.0023,20,0.000127,714,0.0141,0.006,NONE,False,False,0.0815,LOW_RISK,1,False,0.0846
prod_20000913,20000913,1000212,Computer & Office,5.0,3,8,8,1,0.0826,0.25,0.0015,7,8e-05,714,0.0141,0.006,NONE,False,False,0.0657,LOW_RISK,1,False,0.0846
prod_20003043,20003043,1000046,Consumer Electronics,3.25,4,17,17,1,0.0333,0.1,0.0024,17,0.000111,714,0.0141,0.006,NONE,False,False,0.0624,LOW_RISK,1,False,0.0846
prod_20003471,20003471,1000020,Computer & Office,4.5,2,9,9,1,0.1023,0.2,0.0023,9,8.2e-05,714,0.0141,0.006,NONE,False,False,0.0523,LOW_RISK,1,False,0.0846
prod_20001060,20001060,1000331,Computer & Office,5.0,1,3,3,1,0.0671,0.1111,0.003,3,5e-05,282,0.013,0.007,NONE,False,False,0.0558,LOW_RISK,1,False,0.0846
prod_20004749,20004749,1000244,Phones & Telecommunications,3.75,8,28,30,2,0.0411,0.1111,0.0015,23,0.000184,714,0.0141,0.006,NONE,False,False,0.0783,LOW_RISK,1,False,0.0846
prod_20002184,20002184,1000373,Jewelry & Accessories,5.0,2,8,8,1,0.0699,0.25,0.0032,8,7.3e-05,714,0.0141,0.006,NONE,False,False,0.0615,LOW_RISK,1,False,0.0847
prod_20003970,20003970,1000014,Consumer Electronics,4.25,4,15,17,3,0.0367,0.1111,0.0028,15,0.000112,714,0.0141,0.006,NONE,False,False,0.0663,LOW_RISK,1,False,0.0847
prod_20003441,20003441,1000299,Sports & Entertainment,4.57,7,26,27,2,0.0375,0.1429,0.0018,21,0.00017,501,0.0146,0.015,NONE,False,False,0.0787,LOW_RISK,1,False,0.0847
prod_20004348,20004348,1000142,Jewelry & Accessories,4.6,5,15,15,1,0.0457,0.1111,0.0007,15,0.000107,501,0.0146,0.015,NONE,False,False,0.0654,LOW_RISK,1,False,0.0847
prod_20000900,20000900,1000292,Computer & Office,5.0,1,3,3,1,0.0327,0.04,0.003,3,4.9e-05,282,0.013,0.007,NONE,False,False,0.0552,LOW_RISK,1,False,0.0847
prod_20001569,20001569,1000483,Home & Garden,5.0,1,4,4,1,0.0718,0.1429,0.0032,4,5.5e-05,282,0.013,0.007,NONE,False,False,0.0234,LOW_RISK,1,False,0.0847
prod_20001623,20001623,1000286,Home & Garden,5.0,3,10,10,1,0.0787,0.25,0.0021,9,9.1e-05,282,0.013,0.007,NONE,False,False,0.0586,LOW_RISK,1,False,0.0847
prod_20002026,20002026,1000018,Computer & Office,5.0,1,4,4,1,0.0796,0.1667,0.003,4,5.6e-05,714,0.0141,0.006,ELEC_SHOCK,False,True,0.103,LOW_RISK,1,False,0.0847
prod_20001172,20001172,1000401,Tools & Home Improvement,4.0,6,19,20,2,0.0537,0.1667,0.0011,17,0.000137,282,0.013,0.007,NONE,False,False,0.0697,LOW_RISK,1,False,0.0847
prod_20001431,20001431,1000179,Home & Garden,4.0,2,7,7,1,0.0806,0.25,0.0034,7,7.4e-05,714,0.0141,0.006,NONE,False,False,0.0795,LOW_RISK,1,False,0.0848
prod_20004582,20004582,1000136,Computer & Office,5.0,1,5,5,1,0.0648,0.1429,0.0032,5,6e-05,282,0.013,0.007,NONE,False,False,0.0564,LOW_RISK,1,False,0.0848
prod_20000864,20000864,1000150,Consumer Electronics,4.57,7,19,20,2,0.0232,0.1,0.0029,18,0.000125,714,0.0141,0.006,NONE,False,False,0.078,LOW_RISK,1,False,0.0848
prod_20002032,20002032,1000312,Computer & Office,4.75,4,10,10,1,0.0562,0.2,0.0008,9,8.8e-05,282,0.013,0.007,NONE,False,False,0.0907,LOW_RISK,1,False,0.0848
prod_20004288,20004288,1000352,Automotive,4.6,5,19,19,1,0.064,0.2,0.0013,15,0.000142,282,0.013,0.007,NONE,False,False,0.073,LOW_RISK,1,False,0.0848
prod_20004083,20004083,1000245,Computer & Office,4.0,1,5,5,1,0.0987,0.2,0.003,5,6.1e-05,282,0.013,0.007,NONE,False,False,0.0549,LOW_RISK,1,False,0.0848
prod_20004470,20004470,1000476,Jewelry & Accessories,4.0,1,3,3,1,0.0773,0.1667,0.003,3,5e-05,282,0.013,0.007,NONE,False,False,0.0539,LOW_RISK,1,False,0.0848
prod_20004968,20004968,1000386,Sports & Entertainment,4.75,4,14,14,1,0.0731,0.2,0.0013,12,0.000114,714,0.0141,0.006,NONE,False,False,0.0587,LOW_RISK,1,False,0.0849
prod_20000976,20000976,1000362,Home & Garden,3.33,3,12,12,1,0.059,0.1429,0.0015,11,9.3e-05,282,0.013,0.007,NONE,False,False,0.1299,LOW_RISK,1,False,0.0849
prod_20002462,20002462,1000490,Tools & Home Improvement,4.25,12,39,43,3,0.0278,0.0833,0.0017,28,0.000246,714,0.0141,0.006,NONE,False,False,0.0999,LOW_RISK,1,False,0.0849
prod_20001108,20001108,1000174,Tools & Home Improvement,4.56,9,30,32,2,0.0327,0.1,0.0017,23,0.00019,501,0.0146,0.015,NONE,False,False,0.0862,LOW_RISK,1,False,0.0849
prod_20003558,20003558,1000466,Tools & Home Improvement,4.55,11,38,40,3,0.0308,0.0909,0.0016,27,0.000223,714,0.0141,0.006,NONE,False,False,0.0897,LOW_RISK,1,False,0.0849
prod_20004707,20004707,1000483,Computer & Office,4.67,3,12,12,1,0.0332,0.2,0.0035,11,8.8e-05,714,0.0141,0.006,NONE,False,False,0.0394,LOW_RISK,1,False,0.085
prod_20001508,20001508,1000377,Consumer Electronics,3.67,3,16,17,2,0.053,0.2,0.0017,15,0.000114,282,0.013,0.007,NONE,False,False,0.1624,MODERATE_RISK,1,False,0.085
prod_20001876,20001876,1000253,Consumer Electronics,5.0,1,3,3,1,0.0506,0.125,0.0035,3,5e-05,714,0.0141,0.006,NONE,False,False,0.0443,LOW_RISK,1,False,0.085
prod_20002063,20002063,1000394,Home & Garden,4.33,9,27,28,2,0.0359,0.1667,0.0014,23,0.000173,282,0.013,0.007,CHEM_TOXIC,True,True,0.26,MODERATE_RISK,1,False,0.085
prod_20001732,20001732,1000393,Computer & Office,4.5,6,20,23,3,0.0361,0.125,0.0024,18,0.000143,714,0.0141,0.006,NONE,False,False,0.0803,LOW_RISK,1,False,0.085
prod_20004601,20004601,1000486,Automotive,4.17,6,19,21,2,0.0305,0.1667,0.0028,18,0.000132,282,0.013,0.007,NONE,False,False,0.0714,LOW_RISK,1,False,0.085
prod_20003693,20003693,1000111,Home & Garden,3.86,7,20,21,2,0.029,0.0909,0.0024,19,0.000129,501,0.0146,0.015,ELEC_SHOCK,False,True,0.076,LOW_RISK,1,False,0.085
prod_20002193,20002193,1000100,Consumer Electronics,4.83,6,24,25,2,0.0491,0.1429,0.0015,18,0.000157,714,0.0141,0.006,NONE,False,False,0.066,LOW_RISK,1,False,0.085
prod_20001687,20001687,1000067,Computer & Office,4.71,7,22,22,1,0.0486,0.1429,0.0011,16,0.000161,714,0.0141,0.006,NONE,False,False,0.0736,LOW_RISK,1,False,0.0851
prod_20000995,20000995,1000102,Tools & Home Improvement,4.29,14,35,37,3,0.0291,0.0667,0.0012,28,0.000211,714,0.0141,0.006,NONE,False,False,0.0849,LOW_RISK,1,False,0.0852
prod_20003854,20003854,1000343,Home & Garden,4.75,4,15,16,2,0.0407,0.2,0.0027,14,0.000109,714,0.0141,0.006,NONE,False,False,0.0746,LOW_RISK,1,False,0.0852
prod_20001116,20001116,1000234,Home & Garden,4.4,10,32,36,3,0.0283,0.1,0.0021,25,0.000207,282,0.013,0.007,CHEM_TOXIC,False,True,0.0793,LOW_RISK,1,False,0.0852
prod_20004944,20004944,1000061,Automotive,3.67,9,33,36,2,0.031,0.1,0.0015,25,0.0002,714,0.0141,0.006,NONE,False,False,0.0833,LOW_RISK,1,False,0.0852
prod_20003952,20003952,1000112,Consumer Electronics,4.57,7,31,33,3,0.0287,0.1,0.0019,26,0.000186,714,0.0141,0.006,NONE,False,False,0.1143,LOW_RISK,1,False,0.0852
prod_20001154,20001154,1000198,Sports & Entertainment,4.0,3,12,13,2,0.0335,0.1111,0.0032,12,9.2e-05,714,0.0141,0.006,NONE,False,False,0.068,LOW_RISK,1,False,0.0853
prod_20002812,20002812,1000301,Computer & Office,4.33,3,8,8,1,0.017,0.04,0.003,8,7e-05,282,0.013,0.007,NONE,False,False,0.0342,LOW_RISK,1,False,0.0853
prod_20001642,20001642,1000230,Jewelry & Accessories,3.75,4,9,9,1,0.0419,0.1111,0.0038,9,7.6e-05,282,0.013,0.007,NONE,False,False,0.0575,LOW_RISK,1,False,0.0854
prod_20003514,20003514,1000278,Automotive,4.3,10,30,32,3,0.0392,0.1,0.0011,22,0.000212,282,0.013,0.007,NONE,False,False,0.0875,LOW_RISK,1,False,0.0854
prod_20004802,20004802,1000143,Sports & Entertainment,3.5,10,27,30,2,0.0351,0.1,0.0017,20,0.000184,714,0.0141,0.006,NONE,False,False,0.1124,LOW_RISK,1,False,0.0854
prod_20001769,20001769,1000311,Tools & Home Improvement,3.83,6,20,22,2,0.0401,0.1429,0.0026,17,0.00014,714,0.0141,0.006,NONE,False,False,0.0717,LOW_RISK,1,False,0.0855
prod_20003030,20003030,1000063,Sports & Entertainment,5.0,2,7,7,1,0.0163,0.0385,0.0023,7,6.5e-05,714,0.0141,0.006,UNCERTIFIED_MED,False,True,0.0441,LOW_RISK,1,False,0.0855
prod_20002699,20002699,1000216,Jewelry & Accessories,5.0,1,3,3,1,0.0301,0.0417,0.003,3,4.9e-05,282,0.013,0.007,NONE,False,False,0.0503,LOW_RISK,1,False,0.0855
prod_20002348,20002348,1000219,Tools & Home Improvement,5.0,2,11,11,1,0.0354,0.1429,0.0036,11,8.4e-05,714,0.0141,0.006,NONE,False,False,0.057,LOW_RISK,1,False,0.0856
prod_20001426,20001426,1000429,Phones & Telecommunications,3.75,4,13,13,1,0.0387,0.1667,0.0023,12,9.5e-05,501,0.0146,0.015,NONE,False,False,0.0673,LOW_RISK,1,False,0.0856
prod_20000901,20000901,1000486,Jewelry & Accessories,3.4,5,16,16,1,0.0353,0.125,0.0028,14,0.000109,282,0.013,0.007,NONE,False,False,0.0771,LOW_RISK,1,False,0.0857
prod_20003809,20003809,1000457,Sports & Entertainment,3.25,4,13,13,1,0.0449,0.1667,0.0018,12,9.6e-05,282,0.013,0.007,NONE,False,False,0.0786,LOW_RISK,1,False,0.0857
prod_20004551,20004551,1000047,Tools & Home Improvement,4.33,6,25,25,1,0.0482,0.1667,0.0013,21,0.000162,282,0.013,0.007,NONE,False,False,0.0829,LOW_RISK,1,False,0.0857
prod_20004647,20004647,1000394,Tools & Home Improvement,3.67,3,7,7,1,0.0663,0.1667,0.0007,7,7.1e-05,282,0.013,0.007,ELEC_SHOCK,False,True,0.1328,LOW_RISK,1,False,0.0857
prod_20001791,20001791,1000321,Jewelry & Accessories,4.5,4,18,19,2,0.0498,0.2,0.0015,16,0.000127,501,0.0146,0.015,NONE,False,False,0.0639,LOW_RISK,1,False,0.0857
prod_20001871,20001871,1000303,Jewelry & Accessories,4.38,8,18,18,1,0.0483,0.1111,0.0009,15,0.000134,501,0.0146,0.015,NONE,False,False,0.0672,LOW_RISK,1,False,0.0858
prod_20003018,20003018,1000355,Jewelry & Accessories,4.0,2,6,6,1,0.0781,0.2,0.0021,6,6.6e-05,501,0.0146,0.015,NONE,False,False,0.0455,LOW_RISK,1,False,0.0858
prod_20001760,20001760,1000388,Sports & Entertainment,3.67,6,18,18,1,0.026,0.1429,0.0027,17,0.000116,714,0.0141,0.006,ELEC_SHOCK,False,True,0.1268,LOW_RISK,1,False,0.0858
prod_20004991,20004991,1000115,Phones & Telecommunications,3.67,3,8,8,1,0.0406,0.1111,0.0032,8,7.2e-05,501,0.0146,0.015,NONE,False,False,0.0584,LOW_RISK,1,False,0.0858
prod_20002284,20002284,1000357,Computer & Office,4.0,7,18,18,1,0.0476,0.1429,0.0008,16,0.000138,282,0.013,0.007,NONE,False,False,0.0677,LOW_RISK,1,False,0.0858
prod_20004790,20004790,1000392,Automotive,4.75,4,9,9,1,0.0677,0.1667,0.0007,8,8.7e-05,714,0.0141,0.006,NONE,False,False,0.0648,LOW_RISK,1,False,0.0858
prod_20002906,20002906,1000191,Tools & Home Improvement,4.75,4,10,10,1,0.0194,0.0588,0.0028,10,7.9e-05,714,0.0141,0.006,NONE,False,False,0.0662,LOW_RISK,1,False,0.0858
prod_20001531,20001531,1000285,Tools & Home Improvement,3.5,2,3,3,1,0.0459,0.0588,0.002,3,4.9e-05,714,0.0141,0.006,NONE,False,False,0.1057,LOW_RISK,1,False,0.0858
prod_20003855,20003855,1000419,Sports & Entertainment,3.33,6,17,17,1,0.0305,0.1111,0.0013,16,0.000113,714,0.0141,0.006,NONE,False,False,0.0714,LOW_RISK,1,False,0.0858
prod_20002640,20002640,1000322,Phones & Telecommunications,4.0,8,31,33,2,0.0344,0.125,0.0019,25,0.000195,282,0.013,0.007,NONE,False,False,0.0845,LOW_RISK,1,False,0.0859
prod_20003079,20003079,1000449,Tools & Home Improvement,4.0,9,24,26,3,0.0295,0.0769,0.0019,22,0.000153,282,0.013,0.007,NONE,False,False,0.0611,LOW_RISK,1,False,0.0859
prod_20003092,20003092,1000488,Home & Garden,4.0,2,4,4,1,0.0702,0.1,0.001,4,5.5e-05,282,0.013,0.007,NONE,False,False,0.0406,LOW_RISK,1,False,0.0859
prod_20002800,20002800,1000380,Consumer Electronics,3.33,3,7,7,1,0.0404,0.125,0.0035,7,7e-05,282,0.013,0.007,NONE,False,False,0.0626,LOW_RISK,1,False,0.0859
prod_20002669,20002669,1000206,Jewelry & Accessories,3.9,10,31,31,1,0.0392,0.1,0.0011,21,0.000196,714,0.0141,0.006,NONE,False,False,0.0763,LOW_RISK,1,False,0.0859
prod_20003207,20003207,1000069,Jewelry & Accessories,4.29,7,33,34,2,0.0442,0.1429,0.0015,25,0.000214,714,0.0141,0.006,NONE,False,False,0.103,LOW_RISK,1,False,0.0859
prod_20004126,20004126,1000138,Automotive,3.33,3,7,7,1,0.0717,0.25,0.0017,7,7.2e-05,714,0.0141,0.006,NONE,False,False,0.0523,LOW_RISK,1,False,0.0859
prod_20003036,20003036,1000356,Consumer Electronics,3.75,4,10,11,2,0.025,0.0833,0.0032,10,8.3e-05,714,0.0141,0.006,CHOKE_CHILD,False,True,0.124,LOW_RISK,1,False,0.086
prod_20004107,20004107,1000308,Home & Garden,4.0,7,27,27,1,0.0342,0.1429,0.0018,24,0.000167,714,0.0141,0.006,NONE,False,False,0.0721,LOW_RISK,1,False,0.086
prod_20002736,20002736,1000489,Consumer Electronics,3.86,7,22,22,1,0.048,0.1429,0.0013,17,0.000157,282,0.013,0.007,NONE,False,False,0.076,LOW_RISK,1,False,0.086
prod_20003047,20003047,1000490,Phones & Telecommunications,4.29,7,25,27,3,0.0444,0.1429,0.0016,19,0.000195,282,0.013,0.007,CHOKE_CHILD,False,True,0.0878,LOW_RISK,1,False,0.0861
prod_20001349,20001349,1000327,Jewelry & Accessories,3.67,6,12,13,2,0.029,0.1111,0.0024,11,0.0001,282,0.013,0.007,NONE,False,False,0.065,LOW_RISK,1,False,0.0861
prod_20004313,20004313,1000419,Consumer Electronics,3.5,2,4,4,1,0.051,0.1429,0.0011,4,5.7e-05,282,0.013,0.007,NONE,False,False,0.0563,LOW_RISK,1,False,0.0861
prod_20002231,20002231,1000321,Jewelry & Accessories,4.45,11,35,39,3,0.032,0.0909,0.0013,25,0.000234,282,0.013,0.007,NONE,False,False,0.0796,LOW_RISK,1,False,0.0861
prod_20001105,20001105,1000336,Tools & Home Improvement,3.67,6,16,16,1,0.0457,0.1667,0.0015,14,0.000118,501,0.0146,0.015,CHOKE_CHILD,False,True,0.1338,LOW_RISK,1,False,0.0861
prod_20004481,20004481,1000071,Tools & Home Improvement,4.0,1,3,3,1,0.0291,0.0769,0.0038,3,4.9e-05,714,0.0141,0.006,NONE,False,False,0.0538,LOW_RISK,1,False,0.0861
prod_20001332,20001332,1000203,Home & Garden,4.0,9,25,28,2,0.0321,0.0909,0.002,20,0.000168,501,0.0146,0.015,NONE,False,False,0.077,LOW_RISK,1,False,0.0861
prod_20003123,20003123,1000453,Consumer Electronics,3.75,4,10,10,1,0.0694,0.25,0.002,8,9.3e-05,282,0.013,0.007,NONE,False,False,0.0551,LOW_RISK,1,False,0.0861
prod_20002222,20002222,1000134,Automotive,5.0,1,5,5,1,0.0497,0.1429,0.0035,5,5.9e-05,714,0.0141,0.006,NONE,False,False,0.0707,LOW_RISK,1,False,0.0862
prod_20002436,20002436,1000443,Phones & Telecommunications,4.33,12,35,38,2,0.0303,0.0833,0.0012,26,0.000233,282,0.013,0.007,NONE,False,False,0.0919,LOW_RISK,1,False,0.0862
prod_20002238,20002238,1000214,Tools & Home Improvement,4.6,5,10,10,1,0.0376,0.0769,0.0008,10,8.1e-05,501,0.0146,0.015,NONE,False,False,0.0595,LOW_RISK,1,False,0.0862
prod_20002761,20002761,1000137,Consumer Electronics,4.83,6,12,12,1,0.0199,0.0625,0.0025,12,8.8e-05,714,0.0141,0.006,NONE,False,False,0.0734,LOW_RISK,1,False,0.0862
prod_20002729,20002729,1000276,Consumer Electronics,4.0,1,4,4,1,0.0574,0.1429,0.0032,4,5.4e-05,501,0.0146,0.015,NONE,False,False,0.0434,LOW_RISK,1,False,0.0862
prod_20004171,20004171,1000008,Tools & Home Improvement,4.75,4,15,16,2,0.0304,0.1429,0.0028,15,0.000106,714,0.0141,0.006,NONE,False,False,0.0576,LOW_RISK,1,False,0.0862
prod_20002145,20002145,1000147,Phones & Telecommunications,3.2,5,11,11,1,0.0344,0.1429,0.0026,11,8.5e-05,282,0.013,0.007,NONE,False,False,0.0489,LOW_RISK,1,False,0.0862
prod_20001350,20001350,1000005,Home & Garden,4.45,11,39,42,2,0.0359,0.0909,0.0014,25,0.000248,714,0.0141,0.006,NONE,False,False,0.1019,LOW_RISK,1,False,0.0862
prod_20002240,20002240,1000327,Phones & Telecommunications,5.0,1,3,3,1,0.0553,0.1429,0.003,3,5e-05,282,0.013,0.007,NONE,False,False,0.0545,LOW_RISK,1,False,0.0863
prod_20004500,20004500,1000165,Tools & Home Improvement,4.22,9,33,34,2,0.0416,0.1111,0.001,23,0.000212,714,0.0141,0.006,NONE,False,False,0.0793,LOW_RISK,1,False,0.0863
prod_20003594,20003594,1000084,Consumer Electronics,4.67,6,16,18,3,0.0365,0.1429,0.0019,14,0.000125,714,0.0141,0.006,CHOKE_CHILD,True,True,0.2514,MODERATE_RISK,1,False,0.0863
prod_20003163,20003163,1000043,Sports & Entertainment,4.14,7,22,24,3,0.03,0.0769,0.0022,22,0.000144,282,0.013,0.007,NONE,False,False,0.0747,LOW_RISK,1,False,0.0863
prod_20002588,20002588,1000431,Home & Garden,4.0,3,14,14,1,0.0733,0.25,0.0017,13,0.000105,282,0.013,0.007,NONE,False,False,0.0497,LOW_RISK,1,False,0.0863
prod_20002808,20002808,1000445,Automotive,5.0,1,3,3,1,0.0631,0.125,0.003,3,5e-05,282,0.013,0.007,NONE,False,False,0.1032,LOW_RISK,1,False,0.0863
prod_20004367,20004367,1000137,Home & Garden,4.0,4,13,14,2,0.0301,0.0909,0.0031,13,9.8e-05,282,0.013,0.007,NONE,False,False,0.074,LOW_RISK,1,False,0.0863
prod_20004729,20004729,1000100,Tools & Home Improvement,4.3,10,27,28,2,0.0366,0.0833,0.0011,21,0.000167,501,0.0146,0.015,NONE,False,False,0.0733,LOW_RISK,1,False,0.0863
prod_20002494,20002494,1000022,Computer & Office,5.0,1,4,4,1,0.0665,0.1667,0.0032,4,5.5e-05,282,0.013,0.007,CHOKE_CHILD,False,True,0.1252,LOW_RISK,1,False,0.0864
prod_20000867,20000867,1000082,Phones & Telecommunications,5.0,4,9,9,1,0.0453,0.2,0.0032,8,8e-05,282,0.013,0.007,NONE,False,False,0.0645,LOW_RISK,1,False,0.0864
prod_20004806,20004806,1000056,Jewelry & Accessories,3.75,4,10,10,1,0.0784,0.25,0.0014,9,9.2e-05,714,0.0141,0.006,NONE,False,False,0.0579,LOW_RISK,1,False,0.0864
prod_20001177,20001177,1000339,Tools & Home Improvement,4.0,2,3,3,1,0.052,0.0833,0.001,3,5e-05,714,0.0141,0.006,NONE,False,False,0.0365,LOW_RISK,1,False,0.0864
prod_20000809,20000809,1000138,Computer & Office,4.33,3,12,12,1,0.0693,0.2,0.0013,12,9.2e-05,501,0.0146,0.015,NONE,False,False,0.0597,LOW_RISK,1,False,0.0864
prod_20001407,20001407,1000185,Automotive,5.0,1,6,6,1,0.0477,0.1111,0.0033,6,6.2e-05,282,0.013,0.007,NONE,False,False,0.0954,LOW_RISK,1,False,0.0864
prod_20001335,20001335,1000157,Tools & Home Improvement,4.2,5,17,19,2,0.0316,0.1429,0.003,15,0.000122,714,0.0141,0.006,NONE,False,False,0.0737,LOW_RISK,1,False,0.0864
prod_20003068,20003068,1000009,Jewelry & Accessories,4.18,11,34,34,1,0.0406,0.0909,0.0011,21,0.000226,714,0.0141,0.006,CHOKE_CHILD,True,True,0.2532,MODERATE_RISK,1,False,0.0864
prod_20004445,20004445,1000474,Jewelry & Accessories,3.83,6,23,26,2,0.0454,0.125,0.0022,18,0.000158,282,0.013,0.007,NONE,False,False,0.0756,LOW_RISK,1,False,0.0865
prod_20002553,20002553,1000239,Sports & Entertainment,4.5,4,10,11,2,0.0584,0.25,0.0024,9,9.6e-05,714,0.0141,0.006,NONE,False,False,0.052,LOW_RISK,1,False,0.0865
prod_20002926,20002926,1000455,Sports & Entertainment,4.0,4,10,10,1,0.0315,0.125,0.0034,10,8.1e-05,501,0.0146,0.015,NONE,False,False,0.0561,LOW_RISK,1,False,0.0865
prod_20002066,20002066,1000432,Jewelry & Accessories,4.0,7,31,35,2,0.032,0.1,0.0023,26,0.000193,282,0.013,0.007,NONE,False,False,0.0797,LOW_RISK,1,False,0.0865
prod_20002039,20002039,1000303,Computer & Office,5.0,1,4,4,1,0.0499,0.0714,0.0032,4,5.4e-05,282,0.013,0.007,NONE,False,False,0.0542,LOW_RISK,1,False,0.0865
prod_20003158,20003158,1000102,Consumer Electronics,4.56,9,26,31,3,0.0329,0.1111,0.0021,22,0.000188,714,0.0141,0.006,NONE,False,False,0.0836,LOW_RISK,1,False,0.0865
prod_20001735,20001735,1000393,Consumer Electronics,4.5,4,14,15,2,0.0331,0.1429,0.0031,13,0.000104,714,0.0141,0.006,NONE,False,False,0.0724,LOW_RISK,1,False,0.0866
prod_20001155,20001155,1000160,Consumer Electronics,4.8,5,24,25,2,0.0429,0.1429,0.0016,19,0.000157,282,0.013,0.007,NONE,False,False,0.0691,LOW_RISK,1,False,0.0866
prod_20001986,20001986,1000201,Computer & Office,4.0,1,4,4,1,0.0381,0.125,0.0039,4,5.4e-05,714,0.0141,0.006,NONE,False,False,0.0318,LOW_RISK,1,False,0.0866
prod_20001454,20001454,1000134,Computer & Office,4.67,6,20,21,2,0.0487,0.1429,0.002,17,0.000138,282,0.013,0.007,NONE,False,False,0.0874,LOW_RISK,1,False,0.0866
prod_20000923,20000923,1000243,Automotive,5.0,2,6,6,1,0.0387,0.1667,0.0028,6,6.3e-05,501,0.0146,0.015,NONE,False,False,0.1046,LOW_RISK,1,False,0.0866
prod_20002734,20002734,1000330,Phones & Telecommunications,4.8,5,20,21,2,0.0367,0.1667,0.0021,18,0.000132,714,0.0141,0.006,NONE,False,False,0.0747,LOW_RISK,1,False,0.0866
prod_20002009,20002009,1000283,Consumer Electronics,4.25,8,21,23,2,0.0326,0.125,0.0023,18,0.000172,501,0.0146,0.015,NONE,False,False,0.0817,LOW_RISK,1,False,0.0866
prod_20003335,20003335,1000303,Computer & Office,4.67,3,5,5,1,0.0767,0.25,0.0017,4,7.2e-05,282,0.013,0.007,NONE,False,False,0.0536,LOW_RISK,1,False,0.0866
prod_20003920,20003920,1000072,Tools & Home Improvement,3.5,2,5,5,1,0.0738,0.25,0.0017,5,6.1e-05,714,0.0141,0.006,ELEC_SHOCK,True,True,0.2694,MODERATE_RISK,1,False,0.0866
prod_20002234,20002234,1000083,Consumer Electronics,4.43,7,22,24,2,0.04,0.1429,0.0022,20,0.000159,501,0.0146,0.015,NONE,False,False,0.0737,LOW_RISK,1,False,0.0866
prod_20004920,20004920,1000302,Automotive,4.75,8,29,30,2,0.0304,0.1,0.0016,23,0.000173,714,0.0141,0.006,NONE,False,False,0.0779,LOW_RISK,1,False,0.0867
prod_20004465,20004465,1000258,Sports & Entertainment,5.0,1,3,3,1,0.0252,0.0625,0.0035,3,5e-05,714,0.0141,0.006,NONE,False,False,0.0734,LOW_RISK,1,False,0.0867
prod_20001681,20001681,1000034,Phones & Telecommunications,5.0,1,7,7,1,0.0253,0.0714,0.0033,7,6.6e-05,282,0.013,0.007,NONE,False,False,0.0816,LOW_RISK,1,False,0.0867
prod_20001065,20001065,1000492,Jewelry & Accessories,3.5,6,20,20,1,0.0318,0.125,0.0019,18,0.000127,282,0.013,0.007,NONE,False,False,0.0765,LOW_RISK,1,False,0.0868
prod_20002263,20002263,1000107,Computer & Office,4.0,1,5,5,1,0.0211,0.04,0.0035,5,5.8e-05,282,0.013,0.007,NONE,False,False,0.1024,LOW_RISK,1,False,0.0868
prod_20004748,20004748,1000404,Phones & Telecommunications,4.64,11,31,35,2,0.0258,0.0667,0.0022,24,0.000197,714,0.0141,0.006,NONE,False,False,0.0781,LOW_RISK,1,False,0.0868
prod_20001050,20001050,1000486,Phones & Telecommunications,4.75,4,17,17,1,0.0661,0.25,0.0018,13,0.000126,714,0.0141,0.006,NONE,False,False,0.0673,LOW_RISK,1,False,0.0868
prod_20003496,20003496,1000418,Sports & Entertainment,4.18,11,26,31,3,0.0249,0.0909,0.0021,23,0.000179,714,0.0141,0.006,NONE,False,False,0.1033,LOW_RISK,1,False,0.0868
prod_20004466,20004466,1000325,Consumer Electronics,3.75,8,24,24,1,0.0268,0.1111,0.002,21,0.000147,282,0.013,0.007,NONE,False,False,0.0619,LOW_RISK,1,False,0.0868
prod_20000944,20000944,1000250,Jewelry & Accessories,5.0,1,4,4,1,0.0594,0.2,0.0034,4,5.5e-05,714,0.0141,0.006,NONE,False,False,0.0475,LOW_RISK,1,False,0.0869
prod_20003265,20003265,1000369,Sports & Entertainment,5.0,1,4,4,1,0.0261,0.0714,0.0035,4,5.4e-05,282,0.013,0.007,NONE,False,False,0.0481,LOW_RISK,1,False,0.0869
prod_20002476,20002476,1000005,Jewelry & Accessories,4.38,8,24,24,1,0.0281,0.1,0.002,21,0.000144,501,0.0146,0.015,NONE,False,False,0.0807,LOW_RISK,1,False,0.0869
prod_20004967,20004967,1000472,Phones & Telecommunications,4.0,1,3,3,1,0.0421,0.1111,0.0037,3,5e-05,714,0.0141,0.006,NONE,False,False,0.0463,LOW_RISK,1,False,0.0869
prod_20003322,20003322,1000465,Tools & Home Improvement,5.0,1,4,4,1,0.031,0.05,0.0032,4,5.4e-05,282,0.013,0.007,NONE,False,False,0.0486,LOW_RISK,1,False,0.0869
prod_20003467,20003467,1000436,Home & Garden,3.75,12,25,27,2,0.0283,0.0667,0.0014,22,0.000163,714,0.0141,0.006,NONE,False,False,0.08,LOW_RISK,1,False,0.0869
prod_20000768,20000768,1000038,Home & Garden,4.25,12,38,41,2,0.0346,0.0833,0.0015,23,0.000253,282,0.013,0.007,NONE,False,False,0.0998,LOW_RISK,1,False,0.0869
prod_20001022,20001022,1000116,Home & Garden,3.25,4,9,9,1,0.0527,0.2,0.002,9,7.9e-05,282,0.013,0.007,NONE,False,False,0.0482,LOW_RISK,1,False,0.087
prod_20003576,20003576,1000210,Tools & Home Improvement,4.86,7,21,22,2,0.0334,0.1111,0.0024,18,0.000139,714,0.0141,0.006,NONE,False,False,0.0814,LOW_RISK,1,False,0.087
prod_20003000,20003000,1000451,Jewelry & Accessories,5.0,2,8,8,1,0.0788,0.25,0.002,8,7.5e-05,714,0.0141,0.006,NONE,False,False,0.0652,LOW_RISK,1,False,0.087
prod_20004512,20004512,1000129,Tools & Home Improvement,3.57,7,18,19,2,0.0344,0.1,0.0011,17,0.000123,282,0.013,0.007,NONE,False,False,0.0653,LOW_RISK,1,False,0.087
prod_20004996,20004996,1000431,Automotive,5.0,2,8,8,1,0.0805,0.25,0.0016,7,7.8e-05,714,0.0141,0.006,NONE,False,False,0.0433,LOW_RISK,1,False,0.087
prod_20001292,20001292,1000124,Consumer Electronics,3.5,4,12,12,1,0.065,0.25,0.0017,10,0.000106,714,0.0141,0.006,NONE,False,False,0.0983,LOW_RISK,1,False,0.087
prod_20004864,20004864,1000417,Phones & Telecommunications,4.0,1,3,3,1,0.0206,0.05,0.0035,3,4.9e-05,714,0.0141,0.006,CHEM_TOXIC,False,True,0.0521,LOW_RISK,1,False,0.0871
prod_20002129,20002129,1000286,Phones & Telecommunications,4.5,2,7,7,1,0.0577,0.25,0.0036,7,7e-05,714,0.0141,0.006,NONE,False,False,0.0696,LOW_RISK,1,False,0.0871
prod_20002246,20002246,1000273,Tools & Home Improvement,4.38,8,36,38,2,0.0313,0.1111,0.0019,28,0.000217,714,0.0141,0.006,NONE,False,False,0.0898,LOW_RISK,1,False,0.0871
prod_20003559,20003559,1000434,Computer & Office,4.08,12,35,37,2,0.0277,0.0833,0.0015,27,0.000219,282,0.013,0.007,NONE,False,False,0.0896,LOW_RISK,1,False,0.0872
prod_20004888,20004888,1000338,Automotive,3.67,3,9,9,1,0.0789,0.25,0.0023,8,8.3e-05,714,0.0141,0.006,NONE,False,False,0.0623,LOW_RISK,1,False,0.0872
prod_20002397,20002397,1000331,Consumer Electronics,3.5,2,3,3,1,0.0518,0.0909,0.003,3,5e-05,714,0.0141,0.006,NONE,False,False,0.0555,LOW_RISK,1,False,0.0872
prod_20004300,20004300,1000090,Jewelry & Accessories,4.0,6,20,22,3,0.0381,0.1111,0.0014,18,0.000137,282,0.013,0.007,NONE,False,False,0.0748,LOW_RISK,1,False,0.0872
prod_20004057,20004057,1000423,Jewelry & Accessories,3.0,2,9,9,1,0.043,0.1,0.0019,9,7.8e-05,714,0.0141,0.006,NONE,False,False,0.0534,LOW_RISK,1,False,0.0872
prod_20000925,20000925,1000159,Automotive,5.0,3,14,14,1,0.0533,0.2,0.0027,12,0.0001,714,0.0141,0.006,NONE,False,False,0.1038,LOW_RISK,1,False,0.0873
prod_20001032,20001032,1000280,Automotive,4.14,7,23,25,3,0.0409,0.1111,0.0021,19,0.000156,282,0.013,0.007,NONE,False,False,0.163,MODERATE_RISK,1,False,0.0873
prod_20001526,20001526,1000351,Tools & Home Improvement,4.23,13,35,39,3,0.0297,0.0667,0.0013,26,0.000219,714,0.0141,0.006,NONE,False,False,0.0824,LOW_RISK,1,False,0.0873
prod_20002195,20002195,1000343,Phones & Telecommunications,4.4,5,16,17,2,0.0216,0.0625,0.0027,16,0.000109,282,0.013,0.007,NONE,False,False,0.0732,LOW_RISK,1,False,0.0873
prod_20003966,20003966,1000226,Tools & Home Improvement,4.6,5,17,17,1,0.0288,0.1,0.0032,17,0.000112,714,0.0141,0.006,NONE,False,False,0.065,LOW_RISK,1,False,0.0873
prod_20004167,20004167,1000350,Jewelry & Accessories,4.67,3,9,9,1,0.0302,0.1667,0.0037,9,7.7e-05,714,0.0141,0.006,NONE,False,False,0.0468,LOW_RISK,1,False,0.0873
prod_20002205,20002205,1000212,Jewelry & Accessories,4.0,9,28,29,2,0.0342,0.1,0.0011,23,0.000175,282,0.013,0.007,NONE,False,False,0.0845,LOW_RISK,1,False,0.0873
prod_20002073,20002073,1000090,Computer & Office,4.86,7,20,20,1,0.0445,0.125,0.0011,18,0.000135,714,0.0141,0.006,NONE,False,False,0.0715,LOW_RISK,1,False,0.0873
prod_20003596,20003596,1000138,Phones & Telecommunications,3.75,8,28,28,1,0.0331,0.1,0.0016,22,0.000166,282,0.013,0.007,NONE,False,False,0.0734,LOW_RISK,1,False,0.0874
prod_20001145,20001145,1000349,Automotive,5.0,1,6,6,1,0.0616,0.2,0.0031,6,6.5e-05,282,0.013,0.007,NONE,False,False,0.0535,LOW_RISK,1,False,0.0874
prod_20001058,20001058,1000435,Consumer Electronics,3.83,6,20,21,2,0.0496,0.1667,0.0015,19,0.00015,282,0.013,0.007,NONE,False,False,0.0669,LOW_RISK,1,False,0.0874
prod_20001742,20001742,1000278,Consumer Electronics,4.4,10,34,38,3,0.0369,0.1,0.0016,23,0.000238,282,0.013,0.007,NONE,False,False,0.0972,LOW_RISK,1,False,0.0874
prod_20001446,20001446,1000085,Computer & Office,3.8,5,23,24,2,0.0404,0.1429,0.0016,21,0.000147,282,0.013,0.007,NONE,False,False,0.0759,LOW_RISK,1,False,0.0874
prod_20002603,20002603,1000009,Sports & Entertainment,4.75,4,14,14,1,0.0237,0.0909,0.0031,14,9.6e-05,714,0.0141,0.006,CHEM_TOXIC,False,True,0.1192,LOW_RISK,1,False,0.0874
prod_20004425,20004425,1000073,Sports & Entertainment,3.75,8,26,28,2,0.0311,0.1111,0.002,22,0.000165,714,0.0141,0.006,NONE,False,False,0.1429,LOW_RISK,1,False,0.0875
prod_20003916,20003916,1000363,Tools & Home Improvement,5.0,2,4,4,1,0.0676,0.25,0.0033,4,5.6e-05,714,0.0141,0.006,NONE,False,False,0.0449,LOW_RISK,1,False,0.0875
prod_20004525,20004525,1000234,Sports & Entertainment,4.0,3,5,5,1,0.0838,0.25,0.0018,5,6.7e-05,714,0.0141,0.006,NONE,False,False,0.0521,LOW_RISK,1,False,0.0875
prod_20001756,20001756,1000338,Computer & Office,5.0,1,4,4,1,0.0564,0.1667,0.0032,4,5.4e-05,282,0.013,0.007,NONE,False,False,0.0554,LOW_RISK,1,False,0.0876
prod_20002722,20002722,1000231,Tools & Home Improvement,5.0,4,15,16,2,0.0387,0.1429,0.0024,13,0.000111,714,0.0141,0.006,NONE,False,False,0.0661,LOW_RISK,1,False,0.0876
prod_20001461,20001461,1000442,Jewelry & Accessories,5.0,3,4,4,1,0.0553,0.1,0.0018,4,5.7e-05,501,0.0146,0.015,NONE,False,False,0.0384,LOW_RISK,1,False,0.0876
prod_20003633,20003633,1000086,Automotive,5.0,1,4,4,1,0.0344,0.0909,0.0037,4,5.4e-05,714,0.0141,0.006,NONE,False,False,0.0491,LOW_RISK,1,False,0.0876
prod_20002150,20002150,1000213,Computer & Office,4.5,2,7,7,1,0.065,0.25,0.0034,7,7e-05,282,0.013,0.007,NONE,False,False,0.0399,LOW_RISK,1,False,0.0876
prod_20002371,20002371,1000172,Automotive,3.4,5,15,15,1,0.0352,0.1429,0.0026,14,0.000104,282,0.013,0.007,NONE,False,False,0.0652,LOW_RISK,1,False,0.0876
prod_20002370,20002370,1000432,Phones & Telecommunications,3.5,2,8,8,1,0.0678,0.2,0.0031,8,7.5e-05,714,0.0141,0.006,NONE,False,False,0.061,LOW_RISK,1,False,0.0876
prod_20003311,20003311,1000346,Sports & Entertainment,4.0,2,4,4,1,0.017,0.0323,0.0021,4,5.3e-05,714,0.0141,0.006,NONE,False,False,0.0399,LOW_RISK,1,False,0.0876
prod_20004240,20004240,1000118,Automotive,3.92,12,27,30,2,0.0259,0.0833,0.0023,21,0.000215,282,0.013,0.007,NONE,False,False,0.0704,LOW_RISK,1,False,0.0876
prod_20002527,20002527,1000496,Consumer Electronics,4.0,9,26,28,2,0.0249,0.0769,0.0018,23,0.00016,714,0.0141,0.006,CHOKE_CHILD,False,True,0.1053,LOW_RISK,1,False,0.0876
prod_20003823,20003823,1000370,Automotive,5.0,1,3,3,1,0.0339,0.0556,0.003,3,4.9e-05,282,0.013,0.007,NONE,False,False,0.0477,LOW_RISK,1,False,0.0877
prod_20001731,20001731,1000281,Sports & Entertainment,4.0,9,27,28,2,0.0274,0.0909,0.0019,25,0.000164,282,0.013,0.007,NONE,False,False,0.0721,LOW_RISK,1,False,0.0877
prod_20003151,20003151,1000213,Sports & Entertainment,3.6,5,19,19,1,0.0496,0.1667,0.0012,16,0.000133,714,0.0141,0.006,NONE,False,False,0.0576,LOW_RISK,1,False,0.0877
prod_20003402,20003402,1000256,Consumer Electronics,3.86,7,21,21,1,0.0415,0.125,0.002,17,0.000147,501,0.0146,0.015,NONE,False,False,0.0789,LOW_RISK,1,False,0.0877
prod_20001598,20001598,1000131,Automotive,3.88,8,30,31,2,0.0267,0.1111,0.0016,25,0.000178,714,0.0141,0.006,CHEM_TOXIC,True,True,0.3177,MODERATE_RISK,1,False,0.0878
prod_20001165,20001165,1000284,Automotive,4.0,2,12,12,1,0.0609,0.2,0.0033,12,9.2e-05,282,0.013,0.007,NONE,False,False,0.066,LOW_RISK,1,False,0.0878
prod_20003903,20003903,1000347,Consumer Electronics,3.4,5,16,16,1,0.0472,0.1429,0.0013,13,0.000114,714,0.0141,0.006,NONE,False,False,0.0681,LOW_RISK,1,False,0.0878
prod_20002887,20002887,1000015,Phones & Telecommunications,4.75,8,24,25,2,0.0358,0.125,0.0015,21,0.000157,282,0.013,0.007,NONE,False,False,0.0788,LOW_RISK,1,False,0.0878
prod_20002896,20002896,1000466,Phones & Telecommunications,4.0,6,15,16,2,0.0671,0.1667,0.0013,10,0.000132,714,0.0141,0.006,NONE,False,False,0.0595,LOW_RISK,1,False,0.0878
prod_20004438,20004438,1000048,Tools & Home Improvement,5.0,3,9,9,1,0.0635,0.2,0.0018,8,8.3e-05,501,0.0146,0.015,NONE,False,False,0.0554,LOW_RISK,1,False,0.0878
prod_20004270,20004270,1000038,Tools & Home Improvement,4.33,3,9,9,1,0.0696,0.25,0.0016,8,8.3e-05,501,0.0146,0.015,NONE,False,False,0.0745,LOW_RISK,1,False,0.0878
prod_20002373,20002373,1000107,Tools & Home Improvement,4.0,3,9,9,1,0.0582,0.2,0.0025,9,7.9e-05,501,0.0146,0.015,NONE,False,False,0.1047,LOW_RISK,1,False,0.0878
prod_20003620,20003620,1000047,Home & Garden,4.67,3,17,17,1,0.0665,0.25,0.0021,14,0.00012,714,0.0141,0.006,NONE,False,False,0.0702,LOW_RISK,1,False,0.0878
prod_20001570,20001570,1000049,Phones & Telecommunications,3.5,2,8,8,1,0.0679,0.25,0.0014,7,7.7e-05,282,0.013,0.007,NONE,False,False,0.0606,LOW_RISK,1,False,0.0879
prod_20003213,20003213,1000114,Automotive,4.6,10,29,31,2,0.0268,0.1,0.0014,26,0.000185,714,0.0141,0.006,NONE,False,False,0.0888,LOW_RISK,1,False,0.0879
prod_20002831,20002831,1000084,Tools & Home Improvement,4.27,11,38,40,2,0.0302,0.0833,0.0015,28,0.000225,714,0.0141,0.006,CHEM_TOXIC,False,True,0.1372,LOW_RISK,1,False,0.0879
prod_20004590,20004590,1000074,Jewelry & Accessories,4.5,2,6,6,1,0.0813,0.2,0.0023,6,6.6e-05,282,0.013,0.007,NONE,False,False,0.0628,LOW_RISK,1,False,0.0879
prod_20001123,20001123,1000296,Computer & Office,3.75,8,27,29,2,0.0331,0.1,0.002,23,0.000166,714,0.0141,0.006,NONE,False,False,0.0702,LOW_RISK,1,False,0.0879
prod_20003148,20003148,1000203,Automotive,4.5,2,9,9,1,0.0703,0.25,0.0021,9,7.9e-05,501,0.0146,0.015,NONE,False,False,0.0629,LOW_RISK,1,False,0.0879
prod_20001643,20001643,1000169,Home & Garden,4.38,13,32,34,2,0.0226,0.0769,0.0016,26,0.000197,714,0.0141,0.006,NONE,False,False,0.0807,LOW_RISK,1,False,0.088
prod_20000772,20000772,1000061,Tools & Home Improvement,4.5,2,6,6,1,0.0266,0.0625,0.0031,6,6.2e-05,501,0.0146,0.015,NONE,False,False,0.0532,LOW_RISK,1,False,0.088
prod_20002839,20002839,1000397,Jewelry & Accessories,4.56,9,30,34,3,0.0287,0.1,0.0021,24,0.000193,714,0.0141,0.006,NONE,False,False,0.0745,LOW_RISK,1,False,0.088
prod_20002274,20002274,1000046,Computer & Office,4.67,6,21,21,1,0.0311,0.1667,0.0025,19,0.000137,714,0.0141,0.006,NONE,False,False,0.0677,LOW_RISK,1,False,0.088
prod_20003242,20003242,1000467,Computer & Office,3.67,3,11,11,1,0.0574,0.1429,0.0024,11,8.8e-05,501,0.0146,0.015,NONE,False,False,0.0516,LOW_RISK,1,False,0.088
prod_20004696,20004696,1000107,Automotive,4.08,13,33,36,2,0.0251,0.0769,0.0017,27,0.000211,714,0.0141,0.006,NONE,False,False,0.1246,LOW_RISK,1,False,0.0881
prod_20000780,20000780,1000153,Automotive,3.9,10,23,27,3,0.0317,0.0909,0.0021,19,0.00016,282,0.013,0.007,NONE,False,False,0.0792,LOW_RISK,1,False,0.0881
prod_20003285,20003285,1000265,Phones & Telecommunications,4.44,9,31,32,2,0.0258,0.0833,0.0021,25,0.00018,282,0.013,0.007,NONE,False,False,0.0799,LOW_RISK,1,False,0.0881
prod_20004654,20004654,1000147,Consumer Electronics,4.5,8,28,31,3,0.0412,0.125,0.0017,21,0.000199,714,0.0141,0.006,NONE,False,False,0.0805,LOW_RISK,1,False,0.0881
prod_20002770,20002770,1000275,Sports & Entertainment,5.0,1,3,3,1,0.0249,0.037,0.003,3,4.9e-05,714,0.0141,0.006,NONE,False,False,0.0458,LOW_RISK,1,False,0.0881
prod_20003229,20003229,1000307,Automotive,4.0,4,7,7,1,0.0571,0.2,0.0007,6,8.1e-05,282,0.013,0.007,NONE,False,False,0.0673,LOW_RISK,1,False,0.0881
prod_20002854,20002854,1000264,Tools & Home Improvement,3.5,6,19,19,1,0.0262,0.0909,0.0023,17,0.000121,282,0.013,0.007,NONE,False,False,0.0585,LOW_RISK,1,False,0.0881
prod_20004350,20004350,1000008,Jewelry & Accessories,4.17,6,21,21,1,0.0465,0.1429,0.0017,19,0.000136,501,0.0146,0.015,NONE,False,False,0.0619,LOW_RISK,1,False,0.0881
prod_20004781,20004781,1000137,Home & Garden,4.0,8,30,30,1,0.03,0.0833,0.0018,24,0.000176,714,0.0141,0.006,NONE,False,False,0.087,LOW_RISK,1,False,0.0881
prod_20002879,20002879,1000448,Consumer Electronics,4.67,6,19,20,2,0.0357,0.1429,0.0019,17,0.000133,501,0.0146,0.015,NONE,False,False,0.0675,LOW_RISK,1,False,0.0881
prod_20003546,20003546,1000246,Sports & Entertainment,4.46,13,37,41,3,0.0295,0.0769,0.0016,27,0.000235,714,0.0141,0.006,NONE,False,False,0.097,LOW_RISK,1,False,0.0881
prod_20003333,20003333,1000199,Computer & Office,4.0,9,26,27,2,0.0371,0.1,0.0013,20,0.000177,501,0.0146,0.015,NONE,False,False,0.1121,LOW_RISK,1,False,0.0882
prod_20002107,20002107,1000253,Home & Garden,4.09,11,33,37,2,0.03,0.0833,0.0018,26,0.000208,282,0.013,0.007,NONE,False,False,0.0797,LOW_RISK,1,False,0.0882
prod_20004266,20004266,1000134,Phones & Telecommunications,4.0,3,5,5,1,0.0374,0.0769,0.0037,5,5.8e-05,282,0.013,0.007,NONE,False,False,0.0712,LOW_RISK,1,False,0.0882
prod_20004265,20004265,1000455,Sports & Entertainment,4.67,3,11,12,2,0.0471,0.125,0.0022,11,9.2e-05,282,0.013,0.007,NONE,False,False,0.0574,LOW_RISK,1,False,0.0883
prod_20002081,20002081,1000192,Home & Garden,4.67,6,18,19,2,0.0506,0.1667,0.0012,15,0.000143,714,0.0141,0.006,NONE,False,False,0.0778,LOW_RISK,1,False,0.0883
prod_20002512,20002512,1000444,Automotive,4.0,4,14,15,2,0.0424,0.2,0.0015,13,0.000107,282,0.013,0.007,NONE,False,False,0.0554,LOW_RISK,1,False,0.0883
prod_20002548,20002548,1000322,Sports & Entertainment,4.3,10,29,33,3,0.033,0.1,0.0021,22,0.000197,282,0.013,0.007,NONE,False,False,0.0887,LOW_RISK,1,False,0.0883
prod_20003409,20003409,1000261,Computer & Office,4.0,9,19,19,1,0.0336,0.0833,0.0011,18,0.000124,501,0.0146,0.015,NONE,False,False,0.0765,LOW_RISK,1,False,0.0883
prod_20004827,20004827,1000447,Tools & Home Improvement,4.12,8,23,24,2,0.0375,0.125,0.001,18,0.000154,714,0.0141,0.006,NONE,False,False,0.0817,LOW_RISK,1,False,0.0884
prod_20002125,20002125,1000484,Tools & Home Improvement,4.23,13,37,40,3,0.0282,0.0769,0.0013,27,0.000236,714,0.0141,0.006,NONE,False,False,0.1017,LOW_RISK,1,False,0.0884
prod_20001830,20001830,1000277,Tools & Home Improvement,5.0,1,5,5,1,0.0256,0.0556,0.0033,5,5.7e-05,714,0.0141,0.006,NONE,False,False,0.0434,LOW_RISK,1,False,0.0884
prod_20004106,20004106,1000022,Tools & Home Improvement,3.5,2,3,3,1,0.0447,0.1111,0.002,3,5e-05,714,0.0141,0.006,CHEM_TOXIC,True,True,0.2401,MODERATE_RISK,1,False,0.0884
prod_20000915,20000915,1000288,Phones & Telecommunications,4.0,3,14,15,2,0.0601,0.2,0.002,12,0.000108,714,0.0141,0.006,NONE,False,False,0.0596,LOW_RISK,1,False,0.0884
prod_20003208,20003208,1000407,Tools & Home Improvement,5.0,2,9,9,1,0.0739,0.25,0.0022,9,7.9e-05,282,0.013,0.007,NONE,False,False,0.0543,LOW_RISK,1,False,0.0884
prod_20001466,20001466,1000383,Sports & Entertainment,4.0,1,4,4,1,0.0185,0.0357,0.0032,4,5.3e-05,714,0.0141,0.006,NONE,False,False,0.0501,LOW_RISK,1,False,0.0884
prod_20003142,20003142,1000354,Automotive,4.29,7,21,21,1,0.0434,0.1429,0.0019,17,0.000151,501,0.0146,0.015,NONE,False,False,0.0647,LOW_RISK,1,False,0.0884
prod_20004387,20004387,1000309,Automotive,4.29,7,22,22,1,0.0387,0.1429,0.001,19,0.000146,282,0.013,0.007,NONE,False,False,0.0799,LOW_RISK,1,False,0.0884
prod_20003718,20003718,1000195,Phones & Telecommunications,4.5,4,12,12,1,0.0546,0.2,0.0012,11,9.4e-05,501,0.0146,0.015,NONE,False,False,0.0503,LOW_RISK,1,False,0.0884
prod_20000996,20000996,1000291,Jewelry & Accessories,4.33,6,24,26,2,0.0387,0.1667,0.0019,20,0.00016,282,0.013,0.007,NONE,False,False,0.0734,LOW_RISK,1,False,0.0885
prod_20002677,20002677,1000174,Computer & Office,3.9,10,31,33,2,0.0291,0.1,0.0018,25,0.000198,282,0.013,0.007,NONE,False,False,0.0782,LOW_RISK,1,False,0.0885
prod_20003843,20003843,1000385,Sports & Entertainment,4.0,3,12,12,1,0.0476,0.1667,0.0014,12,9.1e-05,501,0.0146,0.015,NONE,False,False,0.0641,LOW_RISK,1,False,0.0885
prod_20001814,20001814,1000073,Phones & Telecommunications,3.67,6,20,20,1,0.036,0.1667,0.0019,18,0.000136,282,0.013,0.007,NONE,False,False,0.1349,LOW_RISK,1,False,0.0886
prod_20004448,20004448,1000447,Phones & Telecommunications,4.8,5,19,21,2,0.0443,0.1667,0.0023,16,0.000136,714,0.0141,0.006,NONE,False,False,0.0779,LOW_RISK,1,False,0.0886
prod_20004957,20004957,1000084,Home & Garden,3.86,7,24,24,1,0.0423,0.1429,0.0012,20,0.000159,282,0.013,0.007,NONE,False,False,0.1295,LOW_RISK,1,False,0.0886
prod_20000965,20000965,1000331,Automotive,4.4,5,18,19,2,0.0268,0.0833,0.0025,18,0.000118,501,0.0146,0.015,NONE,False,False,0.0728,LOW_RISK,1,False,0.0886
prod_20003435,20003435,1000186,Tools & Home Improvement,3.33,3,6,6,1,0.0455,0.1429,0.0021,6,6.3e-05,282,0.013,0.007,NONE,False,False,0.0531,LOW_RISK,1,False,0.0886
prod_20002477,20002477,1000446,Tools & Home Improvement,5.0,2,9,9,1,0.0588,0.2,0.0029,9,7.9e-05,282,0.013,0.007,NONE,False,False,0.0466,LOW_RISK,1,False,0.0886
prod_20002013,20002013,1000043,Jewelry & Accessories,3.67,3,9,10,2,0.0375,0.1429,0.0027,9,8e-05,714,0.0141,0.006,NONE,False,False,0.061,LOW_RISK,1,False,0.0887
prod_20004242,20004242,1000265,Sports & Entertainment,4.67,6,25,25,1,0.0516,0.1667,0.0013,18,0.000164,714,0.0141,0.006,NONE,False,False,0.0711,LOW_RISK,1,False,0.0887
prod_20003603,20003603,1000475,Consumer Electronics,4.0,4,14,15,2,0.0583,0.2,0.0019,13,0.00011,714,0.0141,0.006,CHOKE_CHILD,True,True,0.2542,MODERATE_RISK,1,False,0.0887
prod_20004870,20004870,1000162,Sports & Entertainment,4.0,7,14,15,2,0.0296,0.1111,0.0031,13,0.000105,714,0.0141,0.006,NONE,False,False,0.0705,LOW_RISK,1,False,0.0887
prod_20004208,20004208,1000117,Computer & Office,5.0,4,10,10,1,0.023,0.0667,0.0023,10,8e-05,282,0.013,0.007,NONE,False,False,0.0531,LOW_RISK,1,False,0.0887
prod_20003436,20003436,1000057,Phones & Telecommunications,3.83,6,20,20,1,0.0569,0.1667,0.0014,15,0.000153,282,0.013,0.007,NONE,False,False,0.0538,LOW_RISK,1,False,0.0888
prod_20001840,20001840,1000305,Jewelry & Accessories,5.0,2,8,8,1,0.0247,0.0833,0.0034,8,7e-05,714,0.0141,0.006,NONE,False,False,0.0562,LOW_RISK,1,False,0.0888
prod_20001519,20001519,1000299,Phones & Telecommunications,4.67,6,19,19,1,0.0324,0.0714,0.001,19,0.00012,282,0.013,0.007,NONE,False,False,0.0738,LOW_RISK,1,False,0.0888
prod_20001981,20001981,1000397,Consumer Electronics,5.0,1,3,3,1,0.0312,0.0526,0.0033,3,4.9e-05,714,0.0141,0.006,NONE,False,False,0.0407,LOW_RISK,1,False,0.0888
prod_20001034,20001034,1000355,Consumer Electronics,4.5,6,20,20,1,0.0497,0.1667,0.0016,17,0.000138,501,0.0146,0.015,NONE,False,False,0.061,LOW_RISK,1,False,0.0889
prod_20001009,20001009,1000456,Tools & Home Improvement,4.29,7,22,23,2,0.0445,0.1429,0.0016,19,0.000159,501,0.0146,0.015,NONE,False,False,0.0752,LOW_RISK,1,False,0.0889
prod_20003835,20003835,1000002,Consumer Electronics,4.0,3,8,8,1,0.0521,0.25,0.0032,7,7.7e-05,282,0.013,0.007,UNCERTIFIED_MED,False,True,0.1219,LOW_RISK,1,False,0.0889
prod_20002591,20002591,1000059,Computer & Office,4.62,8,32,34,2,0.0339,0.1111,0.0014,26,0.000197,714,0.0141,0.006,CHOKE_CHILD,False,True,0.0874,LOW_RISK,1,False,0.0889
prod_20003386,20003386,1000415,Automotive,4.4,5,18,20,3,0.0427,0.125,0.0021,15,0.000127,282,0.013,0.007,NONE,False,False,0.0584,LOW_RISK,1,False,0.0889
prod_20001945,20001945,1000295,Tools & Home Improvement,3.6,5,18,18,1,0.0533,0.2,0.0013,15,0.000128,714,0.0141,0.006,NONE,False,False,0.0674,LOW_RISK,1,False,0.0889
prod_20004125,20004125,1000010,Jewelry & Accessories,5.0,1,5,5,1,0.057,0.0909,0.0031,5,5.9e-05,714,0.0141,0.006,NONE,False,False,0.0556,LOW_RISK,1,False,0.0889
prod_20004510,20004510,1000294,Sports & Entertainment,4.0,3,11,12,2,0.0296,0.1,0.0033,11,8.9e-05,714,0.0141,0.006,NONE,False,False,0.0671,LOW_RISK,1,False,0.089
prod_20004705,20004705,1000113,Tools & Home Improvement,4.2,5,19,19,1,0.0318,0.0909,0.0025,18,0.00012,501,0.0146,0.015,NONE,False,False,0.0627,LOW_RISK,1,False,0.089
prod_20004879,20004879,1000359,Phones & Telecommunications,4.5,4,11,14,2,0.0364,0.1,0.0031,10,9.9e-05,714,0.0141,0.006,NONE,False,False,0.0584,LOW_RISK,1,False,0.089
prod_20001518,20001518,1000007,Computer & Office,4.0,1,6,6,1,0.08,0.25,0.003,6,6.5e-05,714,0.0141,0.006,NONE,False,False,0.1029,LOW_RISK,1,False,0.089
prod_20004889,20004889,1000316,Sports & Entertainment,4.0,1,3,3,1,0.0657,0.125,0.0035,3,5e-05,714,0.0141,0.006,CHEM_TOXIC,False,True,0.1749,MODERATE_RISK,1,False,0.089
prod_20002963,20002963,1000414,Tools & Home Improvement,4.67,3,5,5,1,0.0622,0.1429,0.0027,5,6.1e-05,501,0.0146,0.015,NONE,False,False,0.0672,LOW_RISK,1,False,0.089
prod_20003157,20003157,1000290,Home & Garden,4.2,10,29,30,2,0.0376,0.1,0.0011,20,0.000188,501,0.0146,0.015,NONE,False,False,0.0877,LOW_RISK,1,False,0.089
prod_20002239,20002239,1000148,Automotive,5.0,1,4,4,1,0.0441,0.1429,0.0033,4,5.4e-05,282,0.013,0.007,ELEC_SHOCK,False,True,0.0541,LOW_RISK,1,False,0.0891
prod_20003101,20003101,1000295,Jewelry & Accessories,4.0,4,8,9,2,0.0623,0.2,0.0017,7,8.3e-05,282,0.013,0.007,NONE,False,False,0.0568,LOW_RISK,1,False,0.0891
prod_20001665,20001665,1000256,Automotive,4.0,3,8,8,1,0.0536,0.125,0.0011,8,7.4e-05,501,0.0146,0.015,NONE,False,False,0.0579,LOW_RISK,1,False,0.0891
prod_20003027,20003027,1000241,Automotive,4.0,4,15,16,2,0.0404,0.1111,0.0021,15,0.000109,501,0.0146,0.015,NONE,False,False,0.0705,LOW_RISK,1,False,0.0891
prod_20003861,20003861,1000499,Jewelry & Accessories,3.5,8,18,18,1,0.0449,0.125,0.0018,13,0.000155,714,0.0141,0.006,NONE,False,False,0.0696,LOW_RISK,1,False,0.0891
prod_20002933,20002933,1000230,Jewelry & Accessories,4.67,6,25,25,1,0.0327,0.1111,0.002,21,0.000149,282,0.013,0.007,NONE,False,False,0.0718,LOW_RISK,1,False,0.0891
prod_20001683,20001683,1000015,Tools & Home Improvement,4.0,6,21,21,1,0.0433,0.125,0.0015,17,0.000142,501,0.0146,0.015,NONE,False,False,0.075,LOW_RISK,1,False,0.0891
prod_20003372,20003372,1000263,Consumer Electronics,4.0,9,32,35,2,0.0283,0.0833,0.0022,25,0.000195,714,0.0141,0.006,NONE,False,False,0.0835,LOW_RISK,1,False,0.0891
prod_20004598,20004598,1000262,Phones & Telecommunications,5.0,2,8,8,1,0.06,0.25,0.0026,8,7.4e-05,714,0.0141,0.006,NONE,False,False,0.0533,LOW_RISK,1,False,0.0891
prod_20001035,20001035,1000215,Phones & Telecommunications,5.0,1,3,3,1,0.0405,0.0714,0.0033,3,4.9e-05,714,0.0141,0.006,NONE,False,False,0.0632,LOW_RISK,1,False,0.0891
prod_20001248,20001248,1000282,Phones & Telecommunications,4.27,11,28,32,3,0.0279,0.0909,0.0019,23,0.000195,714,0.0141,0.006,NONE,False,False,0.0718,LOW_RISK,1,False,0.0892
prod_20004287,20004287,1000091,Consumer Electronics,4.0,3,13,13,1,0.0581,0.1429,0.0016,13,9.9e-05,501,0.0146,0.015,NONE,False,False,0.0551,LOW_RISK,1,False,0.0892
prod_20003460,20003460,1000224,Sports & Entertainment,3.67,6,18,19,2,0.0336,0.1429,0.002,16,0.000128,282,0.013,0.007,NONE,False,False,0.083,LOW_RISK,1,False,0.0892
prod_20001573,20001573,1000320,Computer & Office,4.2,5,20,20,1,0.0596,0.2,0.0013,16,0.000143,282,0.013,0.007,NONE,False,False,0.0783,LOW_RISK,1,False,0.0892
prod_20001892,20001892,1000302,Sports & Entertainment,4.29,7,26,26,1,0.0372,0.1429,0.0013,22,0.000162,714,0.0141,0.006,NONE,False,False,0.0937,LOW_RISK,1,False,0.0892
prod_20004921,20004921,1000167,Sports & Entertainment,3.8,5,21,23,2,0.0414,0.1667,0.0017,20,0.000139,714,0.0141,0.006,NONE,False,False,0.0746,LOW_RISK,1,False,0.0892
prod_20001204,20001204,1000161,Consumer Electronics,4.5,2,5,5,1,0.0808,0.2,0.0016,5,6.5e-05,714,0.0141,0.006,NONE,False,False,0.0465,LOW_RISK,1,False,0.0893
prod_20004102,20004102,1000382,Consumer Electronics,4.33,6,17,20,3,0.0456,0.1,0.0017,16,0.000129,282,0.013,0.007,NONE,False,False,0.07,LOW_RISK,1,False,0.0893
prod_20002271,20002271,1000471,Home & Garden,4.0,4,10,10,1,0.0224,0.0588,0.0032,10,7.9e-05,282,0.013,0.007,NONE,False,False,0.1133,LOW_RISK,1,False,0.0894
prod_20003451,20003451,1000499,Tools & Home Improvement,4.33,3,8,8,1,0.0794,0.25,0.0022,7,8e-05,282,0.013,0.007,NONE,False,False,0.0608,LOW_RISK,1,False,0.0894
prod_20003179,20003179,1000001,Jewelry & Accessories,3.71,7,25,26,2,0.0385,0.1429,0.0015,20,0.000163,714,0.0141,0.006,NONE,False,False,0.0789,LOW_RISK,1,False,0.0894
prod_20002635,20002635,1000447,Phones & Telecommunications,4.8,5,13,13,1,0.0577,0.1667,0.0016,10,0.00011,501,0.0146,0.015,CHEM_TOXIC,False,True,0.0678,LOW_RISK,1,False,0.0894
prod_20002488,20002488,1000091,Automotive,4.17,6,16,18,3,0.0397,0.1111,0.0024,14,0.00012,282,0.013,0.007,NONE,False,False,0.0626,LOW_RISK,1,False,0.0894
prod_20002683,20002683,1000024,Phones & Telecommunications,4.38,13,38,40,2,0.0278,0.0714,0.0015,28,0.00023,714,0.0141,0.006,NONE,False,False,0.0897,LOW_RISK,1,False,0.0894
prod_20001405,20001405,1000345,Home & Garden,4.0,4,11,12,2,0.0421,0.2,0.0028,10,9.9e-05,714,0.0141,0.006,NONE,False,False,0.0582,LOW_RISK,1,False,0.0894
prod_20001627,20001627,1000165,Phones & Telecommunications,4.17,6,18,19,2,0.0476,0.1667,0.0016,14,0.000145,501,0.0146,0.015,NONE,False,False,0.0601,LOW_RISK,1,False,0.0894
prod_20002790,20002790,1000344,Computer & Office,4.5,12,28,28,1,0.0286,0.0714,0.0013,22,0.000181,282,0.013,0.007,NONE,False,False,0.0784,LOW_RISK,1,False,0.0895
prod_20004327,20004327,1000211,Home & Garden,4.07,15,35,38,2,0.0249,0.0625,0.0017,24,0.000216,714,0.0141,0.006,ELEC_SHOCK,False,True,0.1553,MODERATE_RISK,1,False,0.0895
prod_20004105,20004105,1000224,Computer & Office,4.17,6,20,21,2,0.0427,0.1429,0.0019,16,0.000142,501,0.0146,0.015,NONE,False,False,0.0859,LOW_RISK,1,False,0.0895
prod_20002598,20002598,1000434,Jewelry & Accessories,4.42,12,35,37,2,0.0293,0.0714,0.0013,25,0.000209,282,0.013,0.007,NONE,False,False,0.0889,LOW_RISK,1,False,0.0895
prod_20002253,20002253,1000235,Phones & Telecommunications,4.2,10,26,30,4,0.033,0.0909,0.0016,20,0.000187,714,0.0141,0.006,NONE,False,False,0.1191,LOW_RISK,1,False,0.0896
prod_20004002,20004002,1000261,Home & Garden,4.14,7,23,25,2,0.0385,0.1,0.0019,20,0.000154,501,0.0146,0.015,NONE,False,False,0.087,LOW_RISK,1,False,0.0896
prod_20004279,20004279,1000344,Home & Garden,3.88,8,31,32,2,0.0345,0.125,0.0015,23,0.000186,714,0.0141,0.006,NONE,False,False,0.0743,LOW_RISK,1,False,0.0896
prod_20004284,20004284,1000438,Home & Garden,4.56,9,30,30,1,0.0295,0.0909,0.0017,24,0.000175,714,0.0141,0.006,NONE,False,False,0.075,LOW_RISK,1,False,0.0896
prod_20003298,20003298,1000273,Jewelry & Accessories,3.83,6,19,20,2,0.0425,0.1667,0.0021,17,0.000136,282,0.013,0.007,NONE,False,False,0.0694,LOW_RISK,1,False,0.0896
prod_20003155,20003155,1000249,Computer & Office,4.6,10,31,33,3,0.0306,0.0769,0.0015,24,0.00019,714,0.0141,0.006,NONE,False,False,0.1122,LOW_RISK,1,False,0.0897
prod_20002386,20002386,1000075,Home & Garden,4.12,8,26,29,3,0.0307,0.125,0.0017,24,0.000173,714,0.0141,0.006,NONE,False,False,0.0738,LOW_RISK,1,False,0.0897
prod_20002490,20002490,1000449,Jewelry & Accessories,4.5,2,7,7,1,0.0275,0.1111,0.0038,7,6.6e-05,714,0.0141,0.006,NONE,False,False,0.0331,LOW_RISK,1,False,0.0897
prod_20001051,20001051,1000038,Phones & Telecommunications,4.5,4,8,9,2,0.0631,0.125,0.002,8,8e-05,714,0.0141,0.006,NONE,False,False,0.0756,LOW_RISK,1,False,0.0898
prod_20004989,20004989,1000299,Computer & Office,3.8,5,14,15,2,0.0277,0.0833,0.0024,14,0.000103,282,0.013,0.007,NONE,False,False,0.0653,LOW_RISK,1,False,0.0898
prod_20004676,20004676,1000256,Phones & Telecommunications,4.6,5,17,18,2,0.0532,0.2,0.0015,14,0.000128,714,0.0141,0.006,NONE,False,False,0.073,LOW_RISK,1,False,0.0898
prod_20004942,20004942,1000064,Phones & Telecommunications,4.5,2,5,5,1,0.0315,0.125,0.0037,5,5.8e-05,714,0.0141,0.006,NONE,False,False,0.0548,LOW_RISK,1,False,0.0898
prod_20001768,20001768,1000370,Automotive,4.0,4,14,15,2,0.0488,0.2,0.0017,13,0.000107,714,0.0141,0.006,NONE,False,False,0.0669,LOW_RISK,1,False,0.0899
prod_20001417,20001417,1000284,Sports & Entertainment,4.43,14,37,41,2,0.0279,0.0714,0.0017,27,0.000233,714,0.0141,0.006,NONE,False,False,0.0906,LOW_RISK,1,False,0.0899
prod_20001677,20001677,1000070,Home & Garden,3.6,5,15,16,2,0.0475,0.1429,0.0015,13,0.000115,714,0.0141,0.006,ELEC_SHOCK,False,True,0.1132,LOW_RISK,1,False,0.0899
prod_20002011,20002011,1000356,Sports & Entertainment,3.8,10,31,33,2,0.0292,0.1,0.0017,25,0.000199,714,0.0141,0.006,NONE,False,False,0.1401,LOW_RISK,1,False,0.0899
prod_20003629,20003629,1000412,Consumer Electronics,4.5,8,30,34,3,0.0368,0.1,0.002,24,0.000195,714,0.0141,0.006,NONE,False,False,0.0806,LOW_RISK,1,False,0.0899
prod_20002495,20002495,1000446,Automotive,5.0,1,3,3,1,0.0494,0.1111,0.003,3,5e-05,714,0.0141,0.006,NONE,False,False,0.0391,LOW_RISK,1,False,0.0899
prod_20003520,20003520,1000116,Sports & Entertainment,3.2,5,15,15,1,0.0365,0.1,0.002,15,0.000104,714,0.0141,0.006,NONE,False,False,0.0543,LOW_RISK,1,False,0.09
prod_20004182,20004182,1000191,Jewelry & Accessories,4.23,13,36,37,2,0.0298,0.0769,0.0012,25,0.000224,714,0.0141,0.006,NONE,False,False,0.0868,LOW_RISK,1,False,0.09
prod_20001556,20001556,1000054,Jewelry & Accessories,3.91,11,33,34,2,0.0299,0.0833,0.0014,26,0.000199,714,0.0141,0.006,NONE,False,False,0.1001,LOW_RISK,1,False,0.09
prod_20001748,20001748,1000321,Home & Garden,5.0,1,3,3,1,0.0625,0.1667,0.003,3,5e-05,714,0.0141,0.006,NONE,False,False,0.0424,LOW_RISK,1,False,0.09
prod_20002463,20002463,1000484,Phones & Telecommunications,4.5,6,27,29,2,0.0401,0.125,0.0019,21,0.000171,714,0.0141,0.006,NONE,False,False,0.0798,LOW_RISK,1,False,0.09
prod_20001624,20001624,1000202,Home & Garden,4.0,7,21,23,2,0.0297,0.1,0.0022,18,0.000141,501,0.0146,0.015,NONE,False,False,0.0695,LOW_RISK,1,False,0.09
prod_20003607,20003607,1000024,Tools & Home Improvement,4.11,9,35,37,2,0.0353,0.1111,0.0016,26,0.000221,714,0.0141,0.006,NONE,False,False,0.0798,LOW_RISK,1,False,0.09
prod_20003083,20003083,1000416,Automotive,4.2,5,14,16,3,0.0285,0.0909,0.0022,14,0.000105,282,0.013,0.007,NONE,False,False,0.0769,LOW_RISK,1,False,0.09
prod_20000897,20000897,1000451,Home & Garden,4.33,9,33,34,2,0.0368,0.1,0.0014,26,0.000201,282,0.013,0.007,NONE,False,False,0.0925,LOW_RISK,1,False,0.0901
prod_20002905,20002905,1000098,Sports & Entertainment,4.0,2,7,7,1,0.0186,0.0455,0.0028,7,6.5e-05,714,0.0141,0.006,NONE,False,False,0.0556,LOW_RISK,1,False,0.0901
prod_20002568,20002568,1000448,Automotive,4.67,3,13,13,1,0.0528,0.1667,0.0013,13,9.7e-05,501,0.0146,0.015,NONE,False,False,0.056,LOW_RISK,1,False,0.0901
prod_20002258,20002258,1000267,Tools & Home Improvement,4.0,5,23,24,2,0.0406,0.1667,0.0017,21,0.000148,714,0.0141,0.006,NONE,False,False,0.0778,LOW_RISK,1,False,0.0902
prod_20003444,20003444,1000300,Home & Garden,4.64,11,31,33,3,0.0294,0.0909,0.0015,24,0.000196,714,0.0141,0.006,NONE,False,False,0.0887,LOW_RISK,1,False,0.0902
prod_20002733,20002733,1000322,Automotive,4.33,6,11,13,2,0.0398,0.125,0.0028,10,9.8e-05,714,0.0141,0.006,NONE,False,False,0.0661,LOW_RISK,1,False,0.0902
prod_20000936,20000936,1000399,Consumer Electronics,5.0,2,4,4,1,0.023,0.0526,0.003,4,5.3e-05,714,0.0141,0.006,NONE,False,False,0.0496,LOW_RISK,1,False,0.0902
prod_20002646,20002646,1000419,Computer & Office,4.6,5,14,14,1,0.0412,0.1429,0.0027,13,0.000103,501,0.0146,0.015,NONE,False,False,0.0688,LOW_RISK,1,False,0.0902
prod_20003888,20003888,1000115,Sports & Entertainment,5.0,2,7,7,1,0.0473,0.2,0.0027,7,6.7e-05,282,0.013,0.007,NONE,False,False,0.0575,LOW_RISK,1,False,0.0902
prod_20000821,20000821,1000014,Tools & Home Improvement,4.22,9,30,30,1,0.0365,0.1111,0.0016,23,0.000185,282,0.013,0.007,NONE,False,False,0.077,LOW_RISK,1,False,0.0902
prod_20001137,20001137,1000059,Tools & Home Improvement,4.2,5,22,23,2,0.042,0.2,0.0022,19,0.000144,714,0.0141,0.006,NONE,False,False,0.0711,LOW_RISK,1,False,0.0902
prod_20002957,20002957,1000433,Home & Garden,5.0,2,4,4,1,0.0627,0.2,0.0028,4,5.6e-05,282,0.013,0.007,NONE,False,False,0.0394,LOW_RISK,1,False,0.0903
prod_20003606,20003606,1000404,Jewelry & Accessories,3.33,3,7,7,1,0.0322,0.0769,0.0017,7,6.7e-05,282,0.013,0.007,NONE,False,False,0.0477,LOW_RISK,1,False,0.0903
prod_20003188,20003188,1000227,Home & Garden,3.5,2,6,6,1,0.0724,0.2,0.0015,6,6.5e-05,282,0.013,0.007,NONE,False,False,0.0609,LOW_RISK,1,False,0.0903
prod_20003572,20003572,1000006,Sports & Entertainment,3.5,6,17,17,1,0.0285,0.125,0.002,16,0.000112,714,0.0141,0.006,NONE,False,False,0.0921,LOW_RISK,1,False,0.0903
prod_20004051,20004051,1000491,Phones & Telecommunications,3.56,9,21,22,2,0.0282,0.0833,0.0017,19,0.000136,714,0.0141,0.006,NONE,False,False,0.1006,LOW_RISK,1,False,0.0903
prod_20004649,20004649,1000274,Sports & Entertainment,4.8,5,18,19,2,0.0338,0.1429,0.0021,16,0.000123,714,0.0141,0.006,NONE,False,False,0.0758,LOW_RISK,1,False,0.0903
prod_20002529,20002529,1000485,Computer & Office,4.0,1,5,5,1,0.0229,0.0476,0.0035,5,5.7e-05,714,0.0141,0.006,NONE,False,False,0.1883,MODERATE_RISK,1,False,0.0903
prod_20003306,20003306,1000183,Automotive,4.33,6,30,31,2,0.0399,0.1429,0.0017,24,0.000177,714,0.0141,0.006,NONE,False,False,0.0786,LOW_RISK,1,False,0.0903
prod_20004241,20004241,1000174,Consumer Electronics,4.6,5,21,21,1,0.0494,0.1111,0.0016,19,0.000136,501,0.0146,0.015,NONE,False,False,0.0702,LOW_RISK,1,False,0.0903
prod_20002901,20002901,1000414,Tools & Home Improvement,4.2,10,32,34,2,0.028,0.1,0.0011,25,0.000196,714,0.0141,0.006,NONE,False,False,0.0866,LOW_RISK,1,False,0.0903
prod_20001125,20001125,1000198,Tools & Home Improvement,5.0,1,3,3,1,0.0344,0.0476,0.003,3,4.9e-05,714,0.0141,0.006,NONE,False,False,0.0578,LOW_RISK,1,False,0.0904
prod_20001247,20001247,1000396,Automotive,4.5,2,7,7,1,0.0417,0.1429,0.0035,7,6.7e-05,501,0.0146,0.015,NONE,False,False,0.0571,LOW_RISK,1,False,0.0904
prod_20003388,20003388,1000071,Tools & Home Improvement,4.25,8,25,28,2,0.0243,0.1,0.0022,23,0.000162,714,0.0141,0.006,NONE,False,False,0.0817,LOW_RISK,1,False,0.0904
prod_20004479,20004479,1000027,Sports & Entertainment,4.67,9,29,31,2,0.0394,0.1111,0.0013,23,0.000212,714,0.0141,0.006,NONE,False,False,0.0813,LOW_RISK,1,False,0.0904
prod_20002870,20002870,1000121,Consumer Electronics,3.75,8,29,30,2,0.0397,0.1,0.0018,21,0.000178,714,0.0141,0.006,NONE,False,False,0.0776,LOW_RISK,1,False,0.0904
prod_20003513,20003513,1000079,Home & Garden,4.0,1,3,3,1,0.0474,0.1,0.0035,3,4.9e-05,714,0.0141,0.006,NONE,False,False,0.0301,LOW_RISK,1,False,0.0904
prod_20002456,20002456,1000114,Consumer Electronics,4.0,1,4,4,1,0.0291,0.0769,0.0037,4,5.3e-05,714,0.0141,0.006,NONE,False,False,0.0563,LOW_RISK,1,False,0.0905
prod_20003366,20003366,1000173,Home & Garden,3.5,2,9,9,1,0.0542,0.25,0.0018,9,7.8e-05,282,0.013,0.007,UNCERTIFIED_MED,False,True,0.0433,LOW_RISK,1,False,0.0905
prod_20004418,20004418,1000154,Phones & Telecommunications,3.75,4,20,20,1,0.0471,0.125,0.0015,17,0.000132,714,0.0141,0.006,NONE,False,False,0.0829,LOW_RISK,1,False,0.0905
prod_20003602,20003602,1000096,Home & Garden,4.5,2,4,4,1,0.0759,0.1111,0.0015,4,5.6e-05,714,0.0141,0.006,NONE,False,False,0.0675,LOW_RISK,1,False,0.0906
prod_20000840,20000840,1000495,Tools & Home Improvement,4.0,2,6,6,1,0.0818,0.1667,0.0023,6,6.6e-05,282,0.013,0.007,CHEM_TOXIC,False,True,0.1377,LOW_RISK,1,False,0.0906
prod_20001841,20001841,1000182,Automotive,5.0,3,12,12,1,0.0468,0.1667,0.0012,12,9.1e-05,282,0.013,0.007,CHEM_TOXIC,False,True,0.1534,MODERATE_RISK,1,False,0.0906
prod_20004098,20004098,1000099,Tools & Home Improvement,4.67,3,9,10,2,0.0338,0.0625,0.0028,9,8e-05,714,0.0141,0.006,NONE,False,False,0.0519,LOW_RISK,1,False,0.0906
prod_20003066,20003066,1000089,Tools & Home Improvement,4.0,6,14,14,1,0.021,0.0476,0.0024,14,9.7e-05,714,0.0141,0.006,NONE,False,False,0.0611,LOW_RISK,1,False,0.0906
prod_20001912,20001912,1000019,Jewelry & Accessories,4.57,7,18,19,2,0.0325,0.1,0.002,16,0.000125,501,0.0146,0.015,NONE,False,False,0.1014,LOW_RISK,1,False,0.0907
prod_20002802,20002802,1000046,Automotive,3.67,3,11,11,1,0.0358,0.125,0.0024,11,8.7e-05,501,0.0146,0.015,NONE,False,False,0.0531,LOW_RISK,1,False,0.0907
prod_20004136,20004136,1000465,Tools & Home Improvement,4.33,6,21,23,2,0.0474,0.1667,0.0015,17,0.000158,282,0.013,0.007,NONE,False,False,0.0717,LOW_RISK,1,False,0.0907
prod_20002324,20002324,1000338,Jewelry & Accessories,5.0,1,6,6,1,0.0613,0.1111,0.0031,6,6.4e-05,714,0.0141,0.006,NONE,False,False,0.0571,LOW_RISK,1,False,0.0907
prod_20002804,20002804,1000495,Tools & Home Improvement,4.29,7,28,28,1,0.0297,0.1111,0.002,23,0.000167,714,0.0141,0.006,NONE,False,False,0.1494,LOW_RISK,1,False,0.0907
prod_20003367,20003367,1000435,Phones & Telecommunications,4.8,5,16,17,2,0.0525,0.1429,0.0014,14,0.000119,282,0.013,0.007,NONE,False,False,0.0667,LOW_RISK,1,False,0.0907
prod_20003365,20003365,1000087,Tools & Home Improvement,3.75,4,12,13,2,0.0392,0.1,0.0019,12,9.6e-05,282,0.013,0.007,NONE,False,False,0.0647,LOW_RISK,1,False,0.0907
prod_20001021,20001021,1000485,Sports & Entertainment,4.36,11,35,39,2,0.0324,0.087,0.0018,26,0.000232,714,0.0141,0.006,NONE,False,False,0.2065,MODERATE_RISK,1,False,0.0907
prod_20000804,20000804,1000329,Home & Garden,3.5,2,11,11,1,0.0714,0.25,0.0019,11,8.8e-05,714,0.0141,0.006,CHOKE_CHILD,True,True,0.2518,MODERATE_RISK,1,False,0.0907
prod_20002268,20002268,1000060,Automotive,4.5,4,21,21,1,0.0573,0.2,0.0018,18,0.000136,714,0.0141,0.006,NONE,False,False,0.0899,LOW_RISK,1,False,0.0907
prod_20003430,20003430,1000020,Consumer Electronics,4.45,11,25,30,3,0.0329,0.0769,0.0018,21,0.000178,282,0.013,0.007,NONE,False,False,0.0872,LOW_RISK,1,False,0.0907
prod_20001989,20001989,1000314,Phones & Telecommunications,4.11,9,27,32,3,0.0319,0.0909,0.0022,23,0.000182,714,0.0141,0.006,NONE,False,False,0.0955,LOW_RISK,1,False,0.0907
prod_20003536,20003536,1000408,Phones & Telecommunications,4.0,10,27,27,1,0.0418,0.1,0.0012,21,0.00021,714,0.0141,0.006,UNCERTIFIED_MED,False,True,0.1063,LOW_RISK,1,False,0.0907
prod_20002503,20002503,1000117,Computer & Office,4.6,10,32,34,2,0.0375,0.0769,0.0013,23,0.000198,714,0.0141,0.006,NONE,False,False,0.084,LOW_RISK,1,False,0.0907
prod_20002762,20002762,1000237,Sports & Entertainment,4.33,9,24,26,3,0.0343,0.1,0.002,19,0.000159,282,0.013,0.007,NONE,False,False,0.0718,LOW_RISK,1,False,0.0908
prod_20001593,20001593,1000395,Automotive,4.2,5,17,17,1,0.0532,0.125,0.0012,15,0.000121,501,0.0146,0.015,NONE,False,False,0.0643,LOW_RISK,1,False,0.0908
prod_20001953,20001953,1000147,Jewelry & Accessories,3.75,4,11,11,1,0.0548,0.1429,0.0022,11,8.9e-05,501,0.0146,0.015,NONE,False,False,0.0541,LOW_RISK,1,False,0.0908
prod_20004640,20004640,1000310,Phones & Telecommunications,4.6,5,22,23,2,0.0455,0.125,0.0013,20,0.000143,282,0.013,0.007,NONE,False,False,0.0797,LOW_RISK,1,False,0.0908
prod_20002182,20002182,1000458,Automotive,4.08,13,31,32,2,0.0272,0.0714,0.0016,23,0.000186,714,0.0141,0.006,NONE,False,False,0.0819,LOW_RISK,1,False,0.0908
prod_20003381,20003381,1000063,Jewelry & Accessories,3.75,8,25,26,2,0.036,0.0769,0.0013,19,0.000159,714,0.0141,0.006,NONE,False,False,0.0687,LOW_RISK,1,False,0.0909
prod_20004874,20004874,1000008,Consumer Electronics,4.0,3,9,10,2,0.0407,0.1111,0.0033,9,8e-05,714,0.0141,0.006,NONE,False,False,0.0521,LOW_RISK,1,False,0.0909
prod_20001674,20001674,1000496,Automotive,4.2,10,33,37,2,0.0288,0.1,0.0019,27,0.000208,714,0.0141,0.006,NONE,False,False,0.1135,LOW_RISK,1,False,0.0909
prod_20002631,20002631,1000287,Home & Garden,4.31,13,35,37,2,0.0287,0.0714,0.0015,27,0.000219,282,0.013,0.007,NONE,False,False,0.0855,LOW_RISK,1,False,0.0909
prod_20003010,20003010,1000469,Phones & Telecommunications,3.67,6,17,18,2,0.046,0.125,0.0015,15,0.000121,714,0.0141,0.006,NONE,False,False,0.0756,LOW_RISK,1,False,0.0909
prod_20001380,20001380,1000147,Phones & Telecommunications,3.8,5,11,12,2,0.0428,0.125,0.0025,10,9.3e-05,282,0.013,0.007,NONE,False,False,0.0465,LOW_RISK,1,False,0.0909
prod_20001249,20001249,1000330,Phones & Telecommunications,4.33,6,18,19,2,0.0592,0.1667,0.0017,13,0.00015,282,0.013,0.007,NONE,False,False,0.0744,LOW_RISK,1,False,0.0909
prod_20001885,20001885,1000298,Consumer Electronics,4.67,3,9,9,1,0.0347,0.1667,0.0036,9,7.6e-05,282,0.013,0.007,NONE,False,False,0.0537,LOW_RISK,1,False,0.0909
prod_20004875,20004875,1000411,Sports & Entertainment,5.0,1,4,4,1,0.0465,0.1,0.0033,4,5.4e-05,714,0.0141,0.006,NONE,False,False,0.0442,LOW_RISK,1,False,0.091
prod_20003953,20003953,1000477,Tools & Home Improvement,4.11,9,32,37,2,0.0283,0.1,0.002,26,0.000202,714,0.0141,0.006,NONE,False,False,0.083,LOW_RISK,1,False,0.091
prod_20000980,20000980,1000430,Computer & Office,4.75,4,20,20,1,0.0547,0.1667,0.0019,19,0.000132,714,0.0141,0.006,NONE,False,False,0.0684,LOW_RISK,1,False,0.091
prod_20002693,20002693,1000041,Phones & Telecommunications,4.43,7,23,26,3,0.0425,0.1429,0.0017,19,0.000166,282,0.013,0.007,NONE,False,False,0.0738,LOW_RISK,1,False,0.091
prod_20002275,20002275,1000482,Automotive,4.22,9,31,32,2,0.0417,0.1111,0.0013,22,0.000208,282,0.013,0.007,NONE,False,False,0.0962,LOW_RISK,1,False,0.091
prod_20002915,20002915,1000260,Sports & Entertainment,5.0,2,5,5,1,0.0453,0.1667,0.0016,5,6e-05,282,0.013,0.007,NONE,False,False,0.0472,LOW_RISK,1,False,0.0911
prod_20002170,20002170,1000162,Computer & Office,4.12,8,29,29,1,0.0283,0.0833,0.0016,25,0.000164,714,0.0141,0.006,NONE,False,False,0.0857,LOW_RISK,1,False,0.0911
prod_20004092,20004092,1000246,Consumer Electronics,3.6,5,17,17,1,0.057,0.2,0.0018,14,0.000126,282,0.013,0.007,NONE,False,False,0.073,LOW_RISK,1,False,0.0911
prod_20003221,20003221,1000031,Home & Garden,4.38,8,20,22,2,0.0272,0.0769,0.0026,19,0.000134,282,0.013,0.007,NONE,False,False,0.0648,LOW_RISK,1,False,0.0911
prod_20002907,20002907,1000219,Home & Garden,4.33,3,13,13,1,0.0567,0.2,0.0014,12,9.9e-05,501,0.0146,0.015,NONE,False,False,0.0643,LOW_RISK,1,False,0.0911
prod_20002290,20002290,1000238,Phones & Telecommunications,4.15,13,32,34,2,0.0321,0.0769,0.0013,22,0.000235,282,0.013,0.007,NONE,False,False,0.0851,LOW_RISK,1,False,0.0911
prod_20001589,20001589,1000305,Consumer Electronics,4.0,4,13,13,1,0.0677,0.2,0.0011,11,0.000115,714,0.0141,0.006,NONE,False,False,0.0625,LOW_RISK,1,False,0.0911
prod_20002811,20002811,1000378,Computer & Office,3.75,4,16,16,1,0.0511,0.2,0.0015,15,0.000114,282,0.013,0.007,NONE,False,False,0.0691,LOW_RISK,1,False,0.0912
prod_20003556,20003556,1000185,Jewelry & Accessories,5.0,2,6,6,1,0.0244,0.0714,0.0031,6,6.2e-05,714,0.0141,0.006,NONE,False,False,0.096,LOW_RISK,1,False,0.0912
prod_20003005,20003005,1000196,Computer & Office,4.0,3,8,8,1,0.0768,0.25,0.0027,8,7.6e-05,714,0.0141,0.006,NONE,False,False,0.0546,LOW_RISK,1,False,0.0913
prod_20002322,20002322,1000195,Tools & Home Improvement,4.67,3,15,15,1,0.0674,0.25,0.0021,13,0.000109,714,0.0141,0.006,NONE,False,False,0.0574,LOW_RISK,1,False,0.0913
prod_20003990,20003990,1000034,Consumer Electronics,4.43,7,27,29,2,0.0342,0.1111,0.002,23,0.000173,282,0.013,0.007,NONE,False,False,0.0994,LOW_RISK,1,False,0.0913
prod_20003987,20003987,1000321,Automotive,4.25,4,15,15,1,0.0616,0.2,0.0027,12,0.000115,714,0.0141,0.006,NONE,False,False,0.0588,LOW_RISK,1,False,0.0913
prod_20003223,20003223,1000408,Computer & Office,3.75,4,10,10,1,0.0288,0.0667,0.0033,10,8e-05,714,0.0141,0.006,UNCERTIFIED_MED,False,True,0.0841,LOW_RISK,1,False,0.0913
prod_20003781,20003781,1000381,Jewelry & Accessories,3.33,3,7,7,1,0.0474,0.125,0.0022,7,6.9e-05,714,0.0141,0.006,NONE,False,False,0.0622,LOW_RISK,1,False,0.0914
prod_20003502,20003502,1000384,Consumer Electronics,4.62,8,16,17,2,0.0297,0.1,0.0021,14,0.000114,501,0.0146,0.015,UNCERTIFIED_MED,False,True,0.1091,LOW_RISK,1,False,0.0914
prod_20003995,20003995,1000028,Phones & Telecommunications,4.0,2,9,9,1,0.0601,0.25,0.0029,9,8e-05,282,0.013,0.007,NONE,False,False,0.0546,LOW_RISK,1,False,0.0914
prod_20001716,20001716,1000150,Consumer Electronics,4.17,12,37,40,2,0.0336,0.0833,0.0017,24,0.000242,714,0.0141,0.006,NONE,False,False,0.1011,LOW_RISK,1,False,0.0914
prod_20004858,20004858,1000070,Jewelry & Accessories,3.67,6,21,21,1,0.0381,0.1111,0.0014,17,0.000136,282,0.013,0.007,NONE,False,False,0.1162,LOW_RISK,1,False,0.0914
prod_20001193,20001193,1000322,Home & Garden,4.33,6,20,21,2,0.039,0.1667,0.0024,17,0.000137,714,0.0141,0.006,NONE,False,False,0.0771,LOW_RISK,1,False,0.0914
prod_20003748,20003748,1000324,Tools & Home Improvement,4.08,12,35,39,3,0.0316,0.0833,0.0017,24,0.000248,714,0.0141,0.006,NONE,False,False,0.0888,LOW_RISK,1,False,0.0914
prod_20002372,20002372,1000290,Jewelry & Accessories,4.33,3,12,12,1,0.0623,0.25,0.0012,11,9.5e-05,714,0.0141,0.006,NONE,False,False,0.0686,LOW_RISK,1,False,0.0915
prod_20003026,20003026,1000486,Jewelry & Accessories,4.14,7,23,25,3,0.031,0.0909,0.0021,20,0.00015,282,0.013,0.007,NONE,False,False,0.0783,LOW_RISK,1,False,0.0915
prod_20002845,20002845,1000154,Sports & Entertainment,4.0,2,7,7,1,0.0688,0.1667,0.0014,7,7e-05,501,0.0146,0.015,NONE,False,False,0.0652,LOW_RISK,1,False,0.0915
prod_20003440,20003440,1000332,Automotive,3.8,5,15,16,2,0.0434,0.2,0.0018,14,0.000122,714,0.0141,0.006,UNCERTIFIED_MED,False,True,0.077,LOW_RISK,1,False,0.0915
prod_20001995,20001995,1000340,Sports & Entertainment,5.0,1,6,6,1,0.0613,0.125,0.0031,6,6.5e-05,714,0.0141,0.006,NONE,False,False,0.0632,LOW_RISK,1,False,0.0915
prod_20004432,20004432,1000217,Home & Garden,4.5,2,11,12,2,0.0313,0.1111,0.0029,11,9e-05,714,0.0141,0.006,NONE,False,False,0.0616,LOW_RISK,1,False,0.0915
prod_20001914,20001914,1000246,Phones & Telecommunications,4.25,4,19,20,2,0.0512,0.2,0.0021,16,0.000131,714,0.0141,0.006,ELEC_SHOCK,False,True,0.0729,LOW_RISK,1,False,0.0915
prod_20001804,20001804,1000016,Automotive,4.5,8,20,22,2,0.0274,0.125,0.0026,19,0.000147,714,0.0141,0.006,NONE,False,False,0.0705,LOW_RISK,1,False,0.0915
prod_20001881,20001881,1000315,Jewelry & Accessories,4.43,7,20,23,3,0.0357,0.0833,0.0022,19,0.00014,282,0.013,0.007,NONE,False,False,0.0715,LOW_RISK,1,False,0.0916
prod_20004952,20004952,1000307,Computer & Office,4.14,7,21,22,2,0.0324,0.125,0.0018,18,0.000138,501,0.0146,0.015,NONE,False,False,0.0671,LOW_RISK,1,False,0.0916
prod_20004800,20004800,1000399,Sports & Entertainment,3.6,10,21,23,2,0.0238,0.1,0.0019,19,0.00014,714,0.0141,0.006,NONE,False,False,0.0715,LOW_RISK,1,False,0.0916
prod_20001567,20001567,1000136,Consumer Electronics,4.11,9,31,32,2,0.0338,0.1111,0.0014,25,0.000187,282,0.013,0.007,NONE,False,False,0.084,LOW_RISK,1,False,0.0916
prod_20000762,20000762,1000303,Consumer Electronics,3.33,3,7,7,1,0.0426,0.125,0.0033,7,6.8e-05,714,0.0141,0.006,NONE,False,False,0.0565,LOW_RISK,1,False,0.0916
prod_20004436,20004436,1000184,Home & Garden,4.0,1,4,4,1,0.0221,0.037,0.003,4,5.3e-05,714,0.0141,0.006,NONE,False,False,0.0558,LOW_RISK,1,False,0.0916
prod_20004822,20004822,1000061,Sports & Entertainment,3.89,9,26,28,2,0.0333,0.1,0.002,21,0.000171,282,0.013,0.007,NONE,False,False,0.0795,LOW_RISK,1,False,0.0916
prod_20001558,20001558,1000328,Sports & Entertainment,4.67,3,9,9,1,0.0638,0.25,0.0031,8,8.1e-05,714,0.0141,0.006,NONE,False,False,0.0651,LOW_RISK,1,False,0.0916
prod_20001938,20001938,1000133,Home & Garden,4.25,8,27,30,3,0.0433,0.1111,0.0017,20,0.000191,714,0.0141,0.006,NONE,False,False,0.0916,LOW_RISK,1,False,0.0917
prod_20003733,20003733,1000410,Sports & Entertainment,4.75,4,15,15,1,0.0464,0.1429,0.0009,14,0.000105,282,0.013,0.007,UNCERTIFIED_MED,False,True,0.0891,LOW_RISK,1,False,0.0917
prod_20001141,20001141,1000054,Consumer Electronics,4.0,1,5,5,1,0.066,0.25,0.0033,5,5.9e-05,714,0.0141,0.006,NONE,False,False,0.0581,LOW_RISK,1,False,0.0917
prod_20004461,20004461,1000098,Computer & Office,5.0,1,7,7,1,0.0453,0.1667,0.0034,7,6.7e-05,714,0.0141,0.006,NONE,False,False,0.0554,LOW_RISK,1,False,0.0917
prod_20001902,20001902,1000223,Computer & Office,4.0,3,13,13,1,0.0394,0.25,0.0023,12,9.5e-05,282,0.013,0.007,NONE,False,False,0.0625,LOW_RISK,1,False,0.0917
prod_20004793,20004793,1000426,Tools & Home Improvement,3.83,6,15,16,2,0.0345,0.1111,0.0027,13,0.000112,714,0.0141,0.006,NONE,False,False,0.0653,LOW_RISK,1,False,0.0917
prod_20001581,20001581,1000166,Tools & Home Improvement,5.0,3,13,13,1,0.0641,0.2,0.0015,11,0.0001,714,0.0141,0.006,NONE,False,False,0.0594,LOW_RISK,1,False,0.0917
prod_20002345,20002345,1000428,Tools & Home Improvement,5.0,3,6,6,1,0.0498,0.1111,0.0019,6,6.4e-05,282,0.013,0.007,NONE,False,False,0.0635,LOW_RISK,1,False,0.0917
prod_20004667,20004667,1000261,Home & Garden,5.0,2,5,5,1,0.0283,0.1,0.0033,5,5.7e-05,714,0.0141,0.006,CHOKE_CHILD,False,True,0.0646,LOW_RISK,1,False,0.0917
prod_20004048,20004048,1000103,Computer & Office,4.0,12,29,31,2,0.0344,0.0833,0.0012,23,0.000203,714,0.0141,0.006,NONE,False,False,0.0754,LOW_RISK,1,False,0.0918
prod_20002918,20002918,1000164,Tools & Home Improvement,4.22,9,33,36,2,0.0346,0.1,0.0017,25,0.000218,282,0.013,0.007,NONE,False,False,0.0964,LOW_RISK,1,False,0.0918
prod_20002110,20002110,1000067,Tools & Home Improvement,3.67,3,4,4,1,0.0517,0.0909,0.0015,4,5.5e-05,282,0.013,0.007,NONE,False,False,0.0599,LOW_RISK,1,False,0.0918
prod_20004186,20004186,1000013,Phones & Telecommunications,4.36,11,32,34,2,0.0274,0.0909,0.0019,25,0.000207,714,0.0141,0.006,NONE,False,False,0.0849,LOW_RISK,1,False,0.0918
prod_20002218,20002218,1000421,Automotive,4.25,4,10,11,2,0.0573,0.2,0.002,9,9.2e-05,282,0.013,0.007,NONE,False,False,0.068,LOW_RISK,1,False,0.0918
prod_20003580,20003580,1000384,Computer & Office,4.38,8,24,25,2,0.0442,0.1111,0.0009,19,0.000179,714,0.0141,0.006,NONE,False,False,0.123,LOW_RISK,1,False,0.0918
prod_20004947,20004947,1000481,Phones & Telecommunications,4.11,9,32,34,2,0.0375,0.1111,0.0017,23,0.000219,282,0.013,0.007,NONE,False,False,0.0684,LOW_RISK,1,False,0.0918
prod_20002331,20002331,1000226,Jewelry & Accessories,4.33,3,8,8,1,0.0215,0.0556,0.0031,8,7e-05,714,0.0141,0.006,NONE,False,False,0.055,LOW_RISK,1,False,0.0918
prod_20001206,20001206,1000003,Phones & Telecommunications,3.67,3,5,5,1,0.0727,0.25,0.0023,5,6.4e-05,714,0.0141,0.006,NONE,False,False,0.0486,LOW_RISK,1,False,0.0918
prod_20003370,20003370,1000377,Sports & Entertainment,3.5,2,7,7,1,0.0684,0.25,0.0025,7,7e-05,714,0.0141,0.006,CHOKE_CHILD,False,True,0.1577,MODERATE_RISK,1,False,0.0918
prod_20004770,20004770,1000398,Phones & Telecommunications,5.0,2,9,9,1,0.073,0.25,0.002,9,7.9e-05,714,0.0141,0.006,NONE,False,False,0.057,LOW_RISK,1,False,0.0919
prod_20004252,20004252,1000480,Automotive,5.0,1,3,3,1,0.0373,0.0588,0.003,3,4.9e-05,714,0.0141,0.006,NONE,False,False,0.0546,LOW_RISK,1,False,0.0919
prod_20001151,20001151,1000331,Sports & Entertainment,4.5,4,12,12,1,0.0464,0.1667,0.0031,11,9.2e-05,282,0.013,0.007,NONE,False,False,0.0648,LOW_RISK,1,False,0.0919
prod_20002609,20002609,1000082,Automotive,4.4,5,20,21,2,0.0453,0.2,0.0015,17,0.000138,282,0.013,0.007,NONE,False,False,0.0894,LOW_RISK,1,False,0.0919
prod_20004852,20004852,1000276,Tools & Home Improvement,4.5,2,8,8,1,0.041,0.1667,0.0036,8,7e-05,714,0.0141,0.006,NONE,False,False,0.0507,LOW_RISK,1,False,0.0919
prod_20000969,20000969,1000133,Automotive,3.67,6,17,18,2,0.0373,0.125,0.0015,15,0.000123,282,0.013,0.007,NONE,False,False,0.0756,LOW_RISK,1,False,0.0919
prod_20000970,20000970,1000076,Home & Garden,3.8,5,11,11,1,0.0442,0.2,0.0011,10,0.00012,282,0.013,0.007,NONE,False,False,0.0567,LOW_RISK,1,False,0.0919
prod_20004257,20004257,1000306,Consumer Electronics,4.0,3,12,12,1,0.0453,0.2,0.003,12,9.1e-05,282,0.013,0.007,NONE,False,False,0.0687,LOW_RISK,1,False,0.0919
prod_20003103,20003103,1000040,Tools & Home Improvement,4.25,4,15,15,1,0.0433,0.25,0.0027,13,0.000136,714,0.0141,0.006,NONE,False,False,0.0687,LOW_RISK,1,False,0.092
prod_20003477,20003477,1000042,Automotive,5.0,1,4,4,1,0.0337,0.0769,0.0032,4,5.4e-05,282,0.013,0.007,NONE,False,False,0.0926,LOW_RISK,1,False,0.092
prod_20001213,20001213,1000015,Jewelry & Accessories,5.0,1,6,6,1,0.065,0.125,0.0031,6,6.3e-05,714,0.0141,0.006,NONE,False,False,0.0619,LOW_RISK,1,False,0.092
prod_20003958,20003958,1000223,Tools & Home Improvement,4.4,5,24,25,2,0.0363,0.1667,0.0017,21,0.00015,282,0.013,0.007,NONE,False,False,0.072,LOW_RISK,1,False,0.092
prod_20003195,20003195,1000448,Consumer Electronics,3.86,7,21,21,1,0.0423,0.1429,0.0015,17,0.00014,282,0.013,0.007,CHOKE_CHILD,False,True,0.0719,LOW_RISK,1,False,0.092
prod_20004155,20004155,1000236,Consumer Electronics,4.33,3,4,5,2,0.0381,0.0714,0.0017,4,5.8e-05,714,0.0141,0.006,NONE,False,False,0.0554,LOW_RISK,1,False,0.0921
prod_20004734,20004734,1000050,Tools & Home Improvement,4.67,6,16,16,1,0.0548,0.1429,0.0008,14,0.000121,714,0.0141,0.006,NONE,False,False,0.0927,LOW_RISK,1,False,0.0921
prod_20003717,20003717,1000114,Jewelry & Accessories,4.0,3,19,19,1,0.0343,0.2,0.0021,18,0.000121,714,0.0141,0.006,NONE,False,False,0.0754,LOW_RISK,1,False,0.0922
prod_20004422,20004422,1000429,Tools & Home Improvement,4.18,11,35,36,2,0.0303,0.0833,0.0015,26,0.000213,282,0.013,0.007,NONE,False,False,0.089,LOW_RISK,1,False,0.0922
prod_20003947,20003947,1000449,Automotive,4.75,4,15,15,1,0.045,0.25,0.0022,14,0.000118,714,0.0141,0.006,NONE,False,False,0.0476,LOW_RISK,1,False,0.0922
prod_20004604,20004604,1000292,Automotive,4.0,1,3,3,1,0.0641,0.1667,0.003,3,4.9e-05,714,0.0141,0.006,NONE,False,False,0.0552,LOW_RISK,1,False,0.0922
prod_20003999,20003999,1000315,Phones & Telecommunications,5.0,1,3,3,1,0.0351,0.0769,0.0033,3,5e-05,714,0.0141,0.006,NONE,False,False,0.0504,LOW_RISK,1,False,0.0922
prod_20004314,20004314,1000229,Sports & Entertainment,4.75,4,14,14,1,0.0309,0.125,0.0027,14,9.8e-05,282,0.013,0.007,NONE,False,False,0.0531,LOW_RISK,1,False,0.0923
prod_20004303,20004303,1000065,Jewelry & Accessories,3.8,5,16,17,2,0.041,0.125,0.0023,15,0.000113,282,0.013,0.007,NONE,False,False,0.0658,LOW_RISK,1,False,0.0923
prod_20000817,20000817,1000294,Sports & Entertainment,4.75,4,13,13,1,0.0444,0.25,0.002,12,0.000111,282,0.013,0.007,NONE,False,False,0.0532,LOW_RISK,1,False,0.0923
prod_20001181,20001181,1000342,Tools & Home Improvement,5.0,4,16,16,1,0.0571,0.1667,0.0013,13,0.000121,714,0.0141,0.006,NONE,False,False,0.1255,LOW_RISK,1,False,0.0923
prod_20001726,20001726,1000375,Phones & Telecommunications,5.0,1,4,4,1,0.0481,0.1,0.003,4,5.3e-05,714,0.0141,0.006,NONE,False,False,0.058,LOW_RISK,1,False,0.0923
prod_20001984,20001984,1000225,Phones & Telecommunications,4.5,4,12,12,1,0.0561,0.25,0.0023,11,0.0001,282,0.013,0.007,NONE,False,False,0.0587,LOW_RISK,1,False,0.0923
prod_20003181,20003181,1000308,Phones & Telecommunications,5.0,2,6,6,1,0.0701,0.2,0.0014,6,6.6e-05,282,0.013,0.007,NONE,False,False,0.0469,LOW_RISK,1,False,0.0923
prod_20003275,20003275,1000328,Home & Garden,3.75,4,11,11,1,0.0385,0.1429,0.0036,10,8.9e-05,714,0.0141,0.006,NONE,False,False,0.0713,LOW_RISK,1,False,0.0923
prod_20002028,20002028,1000464,Consumer Electronics,4.4,10,33,34,2,0.0274,0.0909,0.0015,26,0.000195,714,0.0141,0.006,NONE,False,False,0.0777,LOW_RISK,1,False,0.0924
prod_20001109,20001109,1000493,Automotive,5.0,1,4,4,1,0.0365,0.1,0.0035,4,5.3e-05,714,0.0141,0.006,NONE,False,False,0.0452,LOW_RISK,1,False,0.0924
prod_20002093,20002093,1000453,Automotive,4.5,2,7,7,1,0.0644,0.2,0.0031,7,7.2e-05,282,0.013,0.007,NONE,False,False,0.052,LOW_RISK,1,False,0.0924
prod_20004234,20004234,1000392,Phones & Telecommunications,4.5,2,3,3,1,0.0414,0.1,0.0033,3,4.9e-05,282,0.013,0.007,NONE,False,False,0.0562,LOW_RISK,1,False,0.0924
prod_20002487,20002487,1000495,Consumer Electronics,4.0,4,17,17,1,0.0542,0.2,0.0025,16,0.000117,714,0.0141,0.006,CHOKE_CHILD,True,True,0.2618,MODERATE_RISK,1,False,0.0924
prod_20001280,20001280,1000418,Tools & Home Improvement,4.33,9,23,25,3,0.033,0.1,0.0021,19,0.000159,714,0.0141,0.006,ELEC_SHOCK,True,True,0.2385,MODERATE_RISK,1,False,0.0924
prod_20002045,20002045,1000051,Sports & Entertainment,4.0,2,9,9,1,0.0513,0.1667,0.0022,9,7.7e-05,501,0.0146,0.015,NONE,False,False,0.0569,LOW_RISK,1,False,0.0924
prod_20003796,20003796,1000015,Phones & Telecommunications,3.71,7,16,17,2,0.0334,0.1111,0.0024,15,0.000114,282,0.013,0.007,NONE,False,False,0.0728,LOW_RISK,1,False,0.0924
prod_20004194,20004194,1000375,Phones & Telecommunications,4.6,5,13,15,2,0.0426,0.1667,0.002,13,0.000105,282,0.013,0.007,NONE,False,False,0.0785,LOW_RISK,1,False,0.0925
prod_20004903,20004903,1000459,Home & Garden,4.11,9,29,31,3,0.0343,0.0833,0.0015,23,0.000179,714,0.0141,0.006,NONE,False,False,0.0876,LOW_RISK,1,False,0.0925
prod_20004694,20004694,1000336,Tools & Home Improvement,4.25,8,27,27,1,0.0436,0.1111,0.0011,19,0.000172,714,0.0141,0.006,NONE,False,False,0.1472,LOW_RISK,1,False,0.0925
prod_20001127,20001127,1000311,Home & Garden,3.67,9,23,25,2,0.0305,0.1,0.002,20,0.000161,714,0.0141,0.006,NONE,False,False,0.0747,LOW_RISK,1,False,0.0925
prod_20002282,20002282,1000050,Home & Garden,3.67,9,22,23,2,0.0356,0.1,0.0018,19,0.000145,714,0.0141,0.006,NONE,False,False,0.1082,LOW_RISK,1,False,0.0925
prod_20003766,20003766,1000092,Automotive,4.5,2,6,6,1,0.0645,0.2,0.0023,6,6.7e-05,501,0.0146,0.015,NONE,False,False,0.0481,LOW_RISK,1,False,0.0925
prod_20002378,20002378,1000319,Jewelry & Accessories,4.5,4,12,12,1,0.049,0.1667,0.0015,12,9.3e-05,501,0.0146,0.015,NONE,False,False,0.0535,LOW_RISK,1,False,0.0925
prod_20004443,20004443,1000320,Consumer Electronics,4.25,4,11,11,1,0.0524,0.2,0.0017,9,9.8e-05,501,0.0146,0.015,NONE,False,False,0.0658,LOW_RISK,1,False,0.0925
prod_20002054,20002054,1000480,Computer & Office,4.0,2,5,5,1,0.0738,0.2,0.0019,5,6.4e-05,282,0.013,0.007,NONE,False,False,0.0629,LOW_RISK,1,False,0.0925
prod_20003901,20003901,1000010,Computer & Office,3.75,4,6,6,1,0.056,0.1429,0.0008,6,6.6e-05,714,0.0141,0.006,NONE,False,False,0.059,LOW_RISK,1,False,0.0925
prod_20003992,20003992,1000049,Home & Garden,3.8,5,15,15,1,0.0644,0.2,0.0021,13,0.000123,714,0.0141,0.006,NONE,False,False,0.0795,LOW_RISK,1,False,0.0926
prod_20002307,20002307,1000473,Computer & Office,5.0,1,3,3,1,0.0338,0.0667,0.003,3,4.9e-05,714,0.0141,0.006,NONE,False,False,0.0513,LOW_RISK,1,False,0.0926
prod_20004362,20004362,1000370,Home & Garden,3.67,6,19,19,1,0.031,0.125,0.0022,18,0.000122,282,0.013,0.007,NONE,False,False,0.0663,LOW_RISK,1,False,0.0926
prod_20001907,20001907,1000181,Home & Garden,4.5,4,18,19,2,0.0449,0.1667,0.0023,17,0.000122,282,0.013,0.007,NONE,False,False,0.0666,LOW_RISK,1,False,0.0926
prod_20004414,20004414,1000243,Consumer Electronics,4.0,7,23,24,2,0.0283,0.1,0.0026,20,0.000144,282,0.013,0.007,NONE,False,False,0.1159,LOW_RISK,1,False,0.0926
prod_20003588,20003588,1000193,Computer & Office,4.64,11,22,23,2,0.0263,0.0833,0.0021,21,0.000141,714,0.0141,0.006,NONE,False,False,0.125,LOW_RISK,1,False,0.0926
prod_20003359,20003359,1000378,Consumer Electronics,4.0,2,4,4,1,0.033,0.0625,0.001,4,5.4e-05,282,0.013,0.007,NONE,False,False,0.0456,LOW_RISK,1,False,0.0926
prod_20002035,20002035,1000411,Home & Garden,4.5,2,8,8,1,0.0756,0.1667,0.0023,8,7.6e-05,282,0.013,0.007,NONE,False,False,0.0517,LOW_RISK,1,False,0.0927
prod_20003264,20003264,1000222,Computer & Office,4.0,10,23,27,3,0.0319,0.0833,0.0018,19,0.000164,714,0.0141,0.006,CHOKE_CHILD,True,True,0.2458,MODERATE_RISK,1,False,0.0927
prod_20001873,20001873,1000090,Automotive,4.56,9,31,33,3,0.0317,0.1,0.0018,24,0.000198,714,0.0141,0.006,NONE,False,False,0.0841,LOW_RISK,1,False,0.0927
prod_20000889,20000889,1000134,Jewelry & Accessories,4.56,9,32,35,2,0.0357,0.1111,0.0013,25,0.000211,714,0.0141,0.006,NONE,False,False,0.1023,LOW_RISK,1,False,0.0927
prod_20001606,20001606,1000399,Consumer Electronics,4.0,2,5,5,1,0.0188,0.04,0.0021,5,5.7e-05,714,0.0141,0.006,NONE,False,False,0.0513,LOW_RISK,1,False,0.0927
prod_20004704,20004704,1000267,Automotive,4.1,10,25,25,1,0.0329,0.0909,0.0011,21,0.000158,282,0.013,0.007,NONE,False,False,0.0731,LOW_RISK,1,False,0.0928
prod_20002625,20002625,1000024,Consumer Electronics,4.33,6,12,12,1,0.0272,0.125,0.0031,11,9e-05,282,0.013,0.007,NONE,False,False,0.0563,LOW_RISK,1,False,0.0928
prod_20002675,20002675,1000276,Automotive,4.6,5,17,18,2,0.0495,0.1429,0.0018,14,0.000125,282,0.013,0.007,NONE,False,False,0.0636,LOW_RISK,1,False,0.0929
prod_20001858,20001858,1000052,Sports & Entertainment,4.45,11,34,35,2,0.0296,0.0833,0.0018,25,0.000205,714,0.0141,0.006,NONE,False,False,0.0908,LOW_RISK,1,False,0.0929
prod_20002684,20002684,1000152,Consumer Electronics,5.0,3,8,8,1,0.0481,0.125,0.0017,8,7.4e-05,282,0.013,0.007,NONE,False,False,0.0519,LOW_RISK,1,False,0.0929
prod_20004892,20004892,1000414,Computer & Office,3.83,6,21,23,2,0.0396,0.125,0.0023,18,0.000144,714,0.0141,0.006,NONE,False,False,0.0784,LOW_RISK,1,False,0.0929
prod_20002731,20002731,1000142,Phones & Telecommunications,4.0,1,3,3,1,0.03,0.0769,0.0035,3,4.9e-05,714,0.0141,0.006,NONE,False,False,0.0482,LOW_RISK,1,False,0.0929
prod_20002866,20002866,1000240,Automotive,4.0,1,6,6,1,0.027,0.0455,0.0032,6,6.1e-05,282,0.013,0.007,NONE,False,False,0.0482,LOW_RISK,1,False,0.0929
prod_20001517,20001517,1000324,Sports & Entertainment,4.0,8,26,27,2,0.0407,0.1111,0.0017,19,0.000173,714,0.0141,0.006,NONE,False,False,0.0779,LOW_RISK,1,False,0.0929
prod_20002828,20002828,1000041,Consumer Electronics,3.78,9,25,26,2,0.04,0.1111,0.0015,20,0.00018,714,0.0141,0.006,NONE,False,False,0.0745,LOW_RISK,1,False,0.0929
prod_20004594,20004594,1000420,Jewelry & Accessories,4.0,3,6,6,1,0.0223,0.0714,0.0032,6,6.2e-05,282,0.013,0.007,NONE,False,False,0.052,LOW_RISK,1,False,0.0929
prod_20004788,20004788,1000495,Sports & Entertainment,3.75,4,14,14,1,0.0288,0.1667,0.0024,13,9.8e-05,714,0.0141,0.006,ELEC_SHOCK,True,True,0.2572,MODERATE_RISK,1,False,0.093
prod_20002673,20002673,1000018,Tools & Home Improvement,4.67,3,10,11,2,0.0472,0.125,0.0024,10,8.5e-05,282,0.013,0.007,UNCERTIFIED_MED,False,True,0.108,LOW_RISK,1,False,0.093
prod_20003803,20003803,1000005,Tools & Home Improvement,5.0,4,10,10,1,0.0391,0.125,0.0018,10,8.1e-05,501,0.0146,0.015,NONE,False,False,0.0607,LOW_RISK,1,False,0.093
prod_20002727,20002727,1000409,Sports & Entertainment,5.0,1,6,6,1,0.0427,0.125,0.0033,6,6.3e-05,714,0.0141,0.006,CHEM_TOXIC,True,True,0.256,MODERATE_RISK,1,False,0.093
prod_20002191,20002191,1000028,Home & Garden,4.0,2,6,6,1,0.0689,0.25,0.0031,6,6.4e-05,714,0.0141,0.006,NONE,False,False,0.0503,LOW_RISK,1,False,0.093
prod_20000883,20000883,1000242,Phones & Telecommunications,5.0,3,9,9,1,0.0315,0.1667,0.0028,9,7.5e-05,282,0.013,0.007,NONE,False,False,0.0547,LOW_RISK,1,False,0.093
prod_20001734,20001734,1000444,Computer & Office,3.5,2,5,5,1,0.0679,0.1667,0.0026,5,6e-05,714,0.0141,0.006,NONE,False,False,0.0417,LOW_RISK,1,False,0.0931
prod_20002379,20002379,1000390,Computer & Office,4.0,7,25,27,3,0.0391,0.1111,0.0015,20,0.00016,714,0.0141,0.006,NONE,False,False,0.1181,LOW_RISK,1,False,0.0931
prod_20002880,20002880,1000112,Consumer Electronics,4.67,9,26,27,2,0.036,0.0909,0.0013,22,0.000164,714,0.0141,0.006,NONE,False,False,0.1088,LOW_RISK,1,False,0.0931
prod_20004076,20004076,1000171,Consumer Electronics,4.5,6,26,26,1,0.0443,0.125,0.0018,20,0.000162,282,0.013,0.007,NONE,False,False,0.0633,LOW_RISK,1,False,0.0932
prod_20002805,20002805,1000143,Jewelry & Accessories,4.3,10,32,36,3,0.0349,0.0909,0.0016,24,0.000213,714,0.0141,0.006,NONE,False,False,0.1155,LOW_RISK,1,False,0.0932
prod_20004891,20004891,1000479,Computer & Office,3.5,2,5,5,1,0.0271,0.0667,0.0022,5,5.8e-05,714,0.0141,0.006,NONE,False,False,0.0573,LOW_RISK,1,False,0.0932
prod_20001251,20001251,1000100,Automotive,5.0,2,6,6,1,0.0637,0.1429,0.003,6,6.4e-05,714,0.0141,0.006,NONE,False,False,0.0443,LOW_RISK,1,False,0.0932
prod_20001890,20001890,1000440,Automotive,4.67,3,14,14,1,0.0566,0.25,0.0021,13,0.000102,714,0.0141,0.006,ELEC_SHOCK,False,True,0.0741,LOW_RISK,1,False,0.0932
prod_20002538,20002538,1000331,Computer & Office,4.38,8,31,32,2,0.0311,0.1111,0.0016,26,0.000188,714,0.0141,0.006,NONE,False,False,0.0818,LOW_RISK,1,False,0.0932
prod_20002893,20002893,1000089,Tools & Home Improvement,3.67,3,13,13,1,0.0341,0.125,0.0026,13,9.5e-05,714,0.0141,0.006,NONE,False,False,0.0558,LOW_RISK,1,False,0.0932
prod_20000795,20000795,1000195,Sports & Entertainment,3.5,4,8,8,1,0.0395,0.1111,0.0033,8,7.3e-05,714,0.0141,0.006,NONE,False,False,0.0542,LOW_RISK,1,False,0.0932
prod_20000851,20000851,1000453,Phones & Telecommunications,4.29,7,27,29,2,0.0358,0.1,0.0021,21,0.000168,282,0.013,0.007,NONE,False,False,0.0725,LOW_RISK,1,False,0.0933
prod_20004060,20004060,1000224,Sports & Entertainment,4.5,2,10,10,1,0.071,0.25,0.0028,9,8.8e-05,714,0.0141,0.006,NONE,False,False,0.0753,LOW_RISK,1,False,0.0933
prod_20001319,20001319,1000179,Phones & Telecommunications,4.0,3,14,14,1,0.0287,0.1111,0.0032,14,9.7e-05,282,0.013,0.007,NONE,False,False,0.0859,LOW_RISK,1,False,0.0933
prod_20001131,20001131,1000280,Tools & Home Improvement,3.67,3,12,12,1,0.049,0.125,0.0027,12,9.2e-05,714,0.0141,0.006,NONE,False,False,0.1536,MODERATE_RISK,1,False,0.0933
prod_20003593,20003593,1000334,Sports & Entertainment,4.0,1,3,3,1,0.0541,0.1429,0.003,3,5e-05,282,0.013,0.007,NONE,False,False,0.1341,LOW_RISK,1,False,0.0933
prod_20002185,20002185,1000352,Phones & Telecommunications,4.6,5,20,20,1,0.0291,0.1,0.0026,19,0.000126,714,0.0141,0.006,NONE,False,False,0.0647,LOW_RISK,1,False,0.0933
prod_20003618,20003618,1000082,Computer & Office,4.0,3,8,8,1,0.0763,0.1429,0.0012,8,7.8e-05,282,0.013,0.007,NONE,False,False,0.0622,LOW_RISK,1,False,0.0933
prod_20000928,20000928,1000226,Tools & Home Improvement,4.33,6,16,16,1,0.0565,0.1667,0.0013,14,0.000149,501,0.0146,0.015,NONE,False,False,0.066,LOW_RISK,1,False,0.0934
prod_20004386,20004386,1000487,Tools & Home Improvement,4.14,7,24,24,1,0.0459,0.125,0.0014,18,0.00016,282,0.013,0.007,NONE,False,False,0.0684,LOW_RISK,1,False,0.0934
prod_20002691,20002691,1000232,Phones & Telecommunications,4.0,3,11,11,1,0.0491,0.1429,0.0014,11,8.6e-05,501,0.0146,0.015,NONE,False,False,0.0616,LOW_RISK,1,False,0.0934
prod_20003982,20003982,1000169,Consumer Electronics,3.5,2,4,4,1,0.0322,0.0714,0.0021,4,5.5e-05,714,0.0141,0.006,NONE,False,False,0.0483,LOW_RISK,1,False,0.0934
prod_20002392,20002392,1000307,Home & Garden,4.0,3,5,5,1,0.0234,0.0476,0.0024,5,5.7e-05,282,0.013,0.007,NONE,False,False,0.0458,LOW_RISK,1,False,0.0934
prod_20004661,20004661,1000312,Phones & Telecommunications,4.0,2,3,3,1,0.0302,0.0476,0.002,3,4.9e-05,282,0.013,0.007,NONE,False,False,0.0851,LOW_RISK,1,False,0.0934
prod_20002059,20002059,1000214,Consumer Electronics,5.0,2,3,3,1,0.0306,0.0714,0.0026,3,4.9e-05,714,0.0141,0.006,NONE,False,False,0.0506,LOW_RISK,1,False,0.0935
prod_20001162,20001162,1000038,Computer & Office,4.71,7,17,19,2,0.037,0.1,0.0023,15,0.000123,282,0.013,0.007,NONE,False,False,0.0846,LOW_RISK,1,False,0.0935
prod_20001053,20001053,1000151,Automotive,3.75,4,15,15,1,0.0317,0.1667,0.0026,14,0.000103,714,0.0141,0.006,NONE,False,False,0.0648,LOW_RISK,1,False,0.0935
prod_20001069,20001069,1000067,Consumer Electronics,4.5,10,30,34,3,0.0308,0.0833,0.0017,24,0.000192,714,0.0141,0.006,NONE,False,False,0.0889,LOW_RISK,1,False,0.0935
prod_20001328,20001328,1000185,Phones & Telecommunications,4.5,4,7,7,1,0.0428,0.1111,0.0007,7,6.9e-05,282,0.013,0.007,CHEM_TOXIC,False,True,0.0968,LOW_RISK,1,False,0.0935
prod_20001755,20001755,1000082,Automotive,4.67,6,24,24,1,0.0438,0.125,0.0013,20,0.00015,714,0.0141,0.006,NONE,False,False,0.0802,LOW_RISK,1,False,0.0935
prod_20001073,20001073,1000313,Consumer Electronics,4.38,8,26,27,2,0.0258,0.1111,0.0018,23,0.000162,714,0.0141,0.006,NONE,False,False,0.0673,LOW_RISK,1,False,0.0935
prod_20004407,20004407,1000052,Computer & Office,4.5,4,20,20,1,0.0421,0.2,0.0017,18,0.000128,282,0.013,0.007,NONE,False,False,0.0743,LOW_RISK,1,False,0.0935
prod_20001807,20001807,1000110,Automotive,3.33,3,8,8,1,0.0439,0.1,0.0021,8,7.2e-05,714,0.0141,0.006,NONE,False,False,0.0428,LOW_RISK,1,False,0.0935
prod_20000912,20000912,1000319,Sports & Entertainment,4.0,7,19,19,1,0.0488,0.1429,0.0013,15,0.000145,714,0.0141,0.006,NONE,False,False,0.0759,LOW_RISK,1,False,0.0935
prod_20003461,20003461,1000399,Sports & Entertainment,4.67,9,19,21,2,0.0327,0.0833,0.002,16,0.000132,282,0.013,0.007,NONE,False,False,0.0723,LOW_RISK,1,False,0.0935
prod_20002970,20002970,1000322,Sports & Entertainment,4.38,8,27,30,3,0.0355,0.1,0.0017,23,0.000173,714,0.0141,0.006,NONE,False,False,0.091,LOW_RISK,1,False,0.0935
prod_20004773,20004773,1000241,Phones & Telecommunications,4.75,4,8,8,1,0.0651,0.25,0.0022,7,8.2e-05,282,0.013,0.007,NONE,False,False,0.063,LOW_RISK,1,False,0.0935
prod_20003838,20003838,1000135,Tools & Home Improvement,4.8,5,15,15,1,0.0286,0.0909,0.0027,15,0.000102,282,0.013,0.007,NONE,False,False,0.0671,LOW_RISK,1,False,0.0936
prod_20003696,20003696,1000107,Home & Garden,4.12,8,28,28,1,0.0377,0.1,0.0017,21,0.000175,282,0.013,0.007,NONE,False,False,0.1173,LOW_RISK,1,False,0.0936
prod_20003933,20003933,1000290,Tools & Home Improvement,5.0,2,7,7,1,0.0691,0.25,0.0025,7,7e-05,714,0.0141,0.006,CHEM_TOXIC,False,True,0.064,LOW_RISK,1,False,0.0936
prod_20000986,20000986,1000114,Automotive,3.83,6,14,15,2,0.0314,0.0833,0.0025,14,0.000103,714,0.0141,0.006,NONE,False,False,0.068,LOW_RISK,1,False,0.0936
prod_20003965,20003965,1000049,Computer & Office,4.0,3,8,8,1,0.0754,0.25,0.0017,7,7.8e-05,282,0.013,0.007,NONE,False,False,0.0578,LOW_RISK,1,False,0.0936
prod_20004112,20004112,1000361,Tools & Home Improvement,4.0,1,6,6,1,0.0633,0.2,0.0032,6,6.5e-05,282,0.013,0.007,UNCERTIFIED_MED,False,True,0.107,LOW_RISK,1,False,0.0936
prod_20003438,20003438,1000184,Tools & Home Improvement,4.5,2,13,13,1,0.0353,0.1429,0.0032,13,9.3e-05,714,0.0141,0.006,NONE,False,False,0.0659,LOW_RISK,1,False,0.0936
prod_20003848,20003848,1000047,Automotive,3.71,7,23,23,1,0.032,0.125,0.0019,20,0.000143,714,0.0141,0.006,NONE,False,False,0.0673,LOW_RISK,1,False,0.0936
prod_20004789,20004789,1000330,Computer & Office,3.8,5,17,17,1,0.0506,0.1667,0.0015,15,0.000121,282,0.013,0.007,NONE,False,False,0.0723,LOW_RISK,1,False,0.0936
prod_20004643,20004643,1000442,Computer & Office,4.5,6,13,14,2,0.0548,0.1667,0.0014,11,0.000116,714,0.0141,0.006,NONE,False,False,0.0526,LOW_RISK,1,False,0.0937
prod_20003056,20003056,1000199,Home & Garden,4.67,9,22,22,1,0.0368,0.1111,0.0014,18,0.000158,501,0.0146,0.015,NONE,False,False,0.1017,LOW_RISK,1,False,0.0937
prod_20001771,20001771,1000314,Jewelry & Accessories,4.0,1,3,3,1,0.0252,0.0435,0.003,3,4.9e-05,714,0.0141,0.006,NONE,False,False,0.0487,LOW_RISK,1,False,0.0937
prod_20004954,20004954,1000185,Home & Garden,4.0,4,9,9,1,0.0418,0.2,0.0035,9,7.9e-05,282,0.013,0.007,ELEC_SHOCK,False,True,0.0974,LOW_RISK,1,False,0.0937
prod_20003090,20003090,1000322,Consumer Electronics,4.25,4,14,14,1,0.0479,0.1667,0.0029,12,0.000103,714,0.0141,0.006,NONE,False,False,0.0674,LOW_RISK,1,False,0.0937
prod_20004873,20004873,1000260,Phones & Telecommunications,3.6,5,11,11,1,0.0428,0.2,0.003,10,0.0001,714,0.0141,0.006,NONE,False,False,0.0591,LOW_RISK,1,False,0.0937
prod_20002038,20002038,1000428,Home & Garden,5.0,2,7,7,1,0.0548,0.1429,0.0024,7,6.8e-05,282,0.013,0.007,NONE,False,False,0.053,LOW_RISK,1,False,0.0938
prod_20003753,20003753,1000042,Computer & Office,4.56,9,26,28,2,0.0373,0.1,0.0016,18,0.000171,282,0.013,0.007,NONE,False,False,0.1089,LOW_RISK,1,False,0.0938
prod_20003170,20003170,1000108,Consumer Electronics,4.5,6,21,21,1,0.04,0.1429,0.0019,17,0.000149,282,0.013,0.007,NONE,False,False,0.0758,LOW_RISK,1,False,0.0938
prod_20001185,20001185,1000131,Automotive,5.0,2,6,6,1,0.0666,0.1667,0.0018,6,6.5e-05,282,0.013,0.007,ELEC_SHOCK,True,True,0.3088,MODERATE_RISK,1,False,0.0938
prod_20001459,20001459,1000429,Computer & Office,4.4,5,14,16,2,0.0543,0.2,0.002,12,0.000117,714,0.0141,0.006,NONE,False,False,0.0661,LOW_RISK,1,False,0.0939
prod_20001669,20001669,1000077,Tools & Home Improvement,4.33,3,10,12,2,0.0395,0.0909,0.0028,10,9e-05,714,0.0141,0.006,ELEC_SHOCK,True,True,0.2541,MODERATE_RISK,1,False,0.0939
prod_20004070,20004070,1000477,Automotive,4.17,6,21,21,1,0.038,0.1667,0.0013,18,0.000134,282,0.013,0.007,NONE,False,False,0.0733,LOW_RISK,1,False,0.0939
prod_20002689,20002689,1000193,Home & Garden,4.2,10,28,30,2,0.0255,0.0667,0.0014,23,0.00017,714,0.0141,0.006,NONE,False,False,0.1283,LOW_RISK,1,False,0.0939
prod_20001301,20001301,1000241,Jewelry & Accessories,4.5,8,24,25,2,0.0296,0.1,0.0014,21,0.000153,501,0.0146,0.015,NONE,False,False,0.0804,LOW_RISK,1,False,0.0939
prod_20004315,20004315,1000293,Computer & Office,4.25,4,7,7,1,0.0649,0.25,0.0012,6,7.9e-05,714,0.0141,0.006,NONE,False,False,0.0525,LOW_RISK,1,False,0.094
prod_20002004,20002004,1000349,Automotive,4.0,5,16,17,2,0.0439,0.2,0.0022,15,0.00012,714,0.0141,0.006,NONE,False,False,0.0691,LOW_RISK,1,False,0.094
prod_20001533,20001533,1000352,Sports & Entertainment,4.5,6,24,24,1,0.032,0.1,0.002,22,0.000142,714,0.0141,0.006,NONE,False,False,0.0738,LOW_RISK,1,False,0.094
prod_20004473,20004473,1000162,Consumer Electronics,4.12,8,27,28,2,0.0335,0.125,0.0014,23,0.000168,714,0.0141,0.006,NONE,False,False,0.0896,LOW_RISK,1,False,0.094
prod_20004238,20004238,1000164,Jewelry & Accessories,4.5,8,19,20,2,0.0293,0.125,0.002,17,0.000131,501,0.0146,0.015,NONE,False,False,0.0803,LOW_RISK,1,False,0.094
prod_20001682,20001682,1000162,Computer & Office,4.0,4,17,19,2,0.0323,0.1111,0.0028,17,0.00012,714,0.0141,0.006,NONE,False,False,0.0763,LOW_RISK,1,False,0.094
prod_20002211,20002211,1000477,Sports & Entertainment,4.33,3,12,12,1,0.0519,0.25,0.0021,10,9.5e-05,282,0.013,0.007,NONE,False,False,0.0586,LOW_RISK,1,False,0.094
prod_20003678,20003678,1000493,Automotive,4.12,8,27,30,3,0.0338,0.1,0.0016,21,0.000177,282,0.013,0.007,NONE,False,False,0.0773,LOW_RISK,1,False,0.094
prod_20004965,20004965,1000038,Automotive,4.0,5,20,20,1,0.0335,0.2,0.0016,19,0.000129,282,0.013,0.007,NONE,False,False,0.0893,LOW_RISK,1,False,0.0941
prod_20001786,20001786,1000202,Consumer Electronics,4.33,9,31,33,3,0.0305,0.1,0.0018,24,0.000187,714,0.0141,0.006,NONE,False,False,0.0786,LOW_RISK,1,False,0.0941
prod_20003349,20003349,1000373,Home & Garden,4.0,5,20,20,1,0.034,0.1667,0.0023,18,0.00013,714,0.0141,0.006,NONE,False,False,0.0786,LOW_RISK,1,False,0.0941
prod_20003598,20003598,1000398,Tools & Home Improvement,4.27,11,32,33,2,0.032,0.0909,0.0011,23,0.000207,714,0.0141,0.006,NONE,False,False,0.0987,LOW_RISK,1,False,0.0941
prod_20004669,20004669,1000447,Home & Garden,4.33,6,14,15,2,0.0531,0.1667,0.0019,12,0.000117,714,0.0141,0.006,NONE,False,False,0.084,LOW_RISK,1,False,0.0941
prod_20004297,20004297,1000493,Automotive,4.0,6,14,14,1,0.0397,0.1111,0.0015,13,0.000101,501,0.0146,0.015,NONE,False,False,0.0587,LOW_RISK,1,False,0.0941
prod_20003656,20003656,1000055,Sports & Entertainment,4.0,1,4,4,1,0.0675,0.1667,0.0032,4,5.5e-05,714,0.0141,0.006,NONE,False,False,0.1113,LOW_RISK,1,False,0.0941
prod_20003182,20003182,1000143,Home & Garden,4.5,6,26,26,1,0.0444,0.125,0.0013,21,0.000159,282,0.013,0.007,NONE,False,False,0.1143,LOW_RISK,1,False,0.0941
prod_20002964,20002964,1000115,Sports & Entertainment,4.67,3,6,6,1,0.0291,0.0909,0.0034,6,6.3e-05,282,0.013,0.007,NONE,False,False,0.0603,LOW_RISK,1,False,0.0941
prod_20003724,20003724,1000450,Automotive,4.5,2,6,6,1,0.0281,0.0667,0.0032,6,6.2e-05,282,0.013,0.007,UNCERTIFIED_MED,True,True,0.2462,MODERATE_RISK,1,False,0.0941
prod_20001267,20001267,1000020,Home & Garden,4.67,3,8,8,1,0.0524,0.25,0.0024,7,7.8e-05,282,0.013,0.007,NONE,False,False,0.0563,LOW_RISK,1,False,0.0942
prod_20001927,20001927,1000401,Automotive,5.0,6,17,17,1,0.0317,0.1111,0.002,16,0.000111,282,0.013,0.007,NONE,False,False,0.0682,LOW_RISK,1,False,0.0942
prod_20002075,20002075,1000458,Home & Garden,4.25,4,12,12,1,0.0418,0.1429,0.0018,12,9.2e-05,501,0.0146,0.015,NONE,False,False,0.0627,LOW_RISK,1,False,0.0942
prod_20003745,20003745,1000316,Phones & Telecommunications,5.0,2,4,4,1,0.0522,0.1429,0.0016,4,5.4e-05,714,0.0141,0.006,NONE,False,False,0.1782,MODERATE_RISK,1,False,0.0942
prod_20002550,20002550,1000346,Home & Garden,3.5,2,7,7,1,0.043,0.125,0.0035,7,6.7e-05,714,0.0141,0.006,NONE,False,False,0.0429,LOW_RISK,1,False,0.0942
prod_20003544,20003544,1000392,Sports & Entertainment,4.5,4,17,17,1,0.0371,0.2,0.0019,16,0.000114,282,0.013,0.007,NONE,False,False,0.0695,LOW_RISK,1,False,0.0943
prod_20004214,20004214,1000075,Jewelry & Accessories,4.4,5,19,19,1,0.0528,0.2,0.0012,16,0.000143,714,0.0141,0.006,NONE,False,False,0.0663,LOW_RISK,1,False,0.0943
prod_20004201,20004201,1000497,Phones & Telecommunications,4.12,8,20,22,2,0.0404,0.125,0.0023,16,0.000146,282,0.013,0.007,CHEM_TOXIC,False,True,0.0698,LOW_RISK,1,False,0.0943
prod_20003981,20003981,1000289,Jewelry & Accessories,5.0,4,10,10,1,0.0412,0.125,0.0033,10,8.1e-05,714,0.0141,0.006,NONE,False,False,0.1034,LOW_RISK,1,False,0.0943
prod_20002387,20002387,1000382,Automotive,4.75,8,19,20,2,0.0432,0.1111,0.0019,14,0.000141,714,0.0141,0.006,NONE,False,False,0.0682,LOW_RISK,1,False,0.0944
prod_20004267,20004267,1000142,Phones & Telecommunications,4.33,3,9,9,1,0.0407,0.1667,0.0017,9,7.7e-05,501,0.0146,0.015,NONE,False,False,0.0548,LOW_RISK,1,False,0.0944
prod_20002983,20002983,1000029,Tools & Home Improvement,3.8,5,13,14,2,0.0394,0.1,0.0019,13,0.000103,714,0.0141,0.006,NONE,False,False,0.0584,LOW_RISK,1,False,0.0944
prod_20003600,20003600,1000277,Phones & Telecommunications,5.0,4,13,13,1,0.0312,0.0714,0.002,13,9.3e-05,714,0.0141,0.006,NONE,False,False,0.0549,LOW_RISK,1,False,0.0944
prod_20004499,20004499,1000071,Jewelry & Accessories,4.33,6,15,15,1,0.0555,0.1429,0.0009,12,0.000117,714,0.0141,0.006,NONE,False,False,0.0744,LOW_RISK,1,False,0.0944
prod_20001357,20001357,1000300,Home & Garden,3.75,4,6,6,1,0.0389,0.1667,0.0025,6,6.5e-05,282,0.013,0.007,NONE,False,False,0.0665,LOW_RISK,1,False,0.0944
prod_20004321,20004321,1000392,Phones & Telecommunications,3.5,2,5,5,1,0.042,0.1111,0.0029,5,5.9e-05,714,0.0141,0.006,NONE,False,False,0.0579,LOW_RISK,1,False,0.0944
prod_20002040,20002040,1000032,Phones & Telecommunications,4.0,6,18,19,2,0.0375,0.1667,0.0017,17,0.000128,282,0.013,0.007,NONE,False,False,0.0696,LOW_RISK,1,False,0.0944
prod_20003464,20003464,1000292,Home & Garden,3.5,2,7,7,1,0.0507,0.1667,0.0025,7,6.9e-05,714,0.0141,0.006,NONE,False,False,0.0599,LOW_RISK,1,False,0.0945
prod_20002092,20002092,1000389,Tools & Home Improvement,4.0,2,5,5,1,0.0253,0.0833,0.0035,5,5.8e-05,282,0.013,0.007,NONE,False,False,0.0384,LOW_RISK,1,False,0.0945
prod_20002835,20002835,1000126,Phones & Telecommunications,3.75,8,23,25,2,0.0337,0.0909,0.002,19,0.00015,714,0.0141,0.006,NONE,False,False,0.0705,LOW_RISK,1,False,0.0945
prod_20001351,20001351,1000476,Automotive,4.5,4,9,9,1,0.0518,0.2,0.0014,8,8.1e-05,501,0.0146,0.015,NONE,False,False,0.0606,LOW_RISK,1,False,0.0945
prod_20004527,20004527,1000075,Home & Garden,4.75,4,17,17,1,0.0386,0.1111,0.0025,16,0.000113,282,0.013,0.007,NONE,False,False,0.0667,LOW_RISK,1,False,0.0945
prod_20002123,20002123,1000041,Tools & Home Improvement,4.0,4,19,19,1,0.0443,0.2,0.0016,17,0.000123,714,0.0141,0.006,NONE,False,False,0.0645,LOW_RISK,1,False,0.0945
prod_20003272,20003272,1000323,Jewelry & Accessories,3.75,4,15,15,1,0.0548,0.2,0.0019,14,0.000109,282,0.013,0.007,NONE,False,False,0.0605,LOW_RISK,1,False,0.0945
prod_20003806,20003806,1000145,Home & Garden,5.0,1,4,4,1,0.0356,0.0667,0.0032,4,5.3e-05,714,0.0141,0.006,NONE,False,False,0.05,LOW_RISK,1,False,0.0945
prod_20004039,20004039,1000313,Automotive,4.5,4,10,11,2,0.0394,0.2,0.0023,9,8.5e-05,714,0.0141,0.006,NONE,False,False,0.0502,LOW_RISK,1,False,0.0945
prod_20004979,20004979,1000326,Phones & Telecommunications,4.3,10,30,32,3,0.0316,0.1,0.0018,22,0.000197,714,0.0141,0.006,NONE,False,False,0.0784,LOW_RISK,1,False,0.0945
prod_20003289,20003289,1000062,Consumer Electronics,4.38,8,27,27,1,0.0297,0.0833,0.0018,23,0.000158,714,0.0141,0.006,NONE,False,False,0.0698,LOW_RISK,1,False,0.0945
prod_20001787,20001787,1000099,Tools & Home Improvement,4.33,3,6,6,1,0.0428,0.1429,0.0026,6,6.4e-05,501,0.0146,0.015,NONE,False,False,0.0464,LOW_RISK,1,False,0.0946
prod_20002468,20002468,1000382,Jewelry & Accessories,3.83,6,20,21,2,0.0326,0.0909,0.0012,19,0.00013,282,0.013,0.007,NONE,False,False,0.0781,LOW_RISK,1,False,0.0946
prod_20001026,20001026,1000448,Automotive,4.33,3,15,15,1,0.0311,0.1111,0.0033,15,0.000102,714,0.0141,0.006,NONE,False,False,0.057,LOW_RISK,1,False,0.0946
prod_20001963,20001963,1000280,Consumer Electronics,4.0,2,3,3,1,0.0358,0.05,0.003,3,4.9e-05,714,0.0141,0.006,NONE,False,False,0.1483,LOW_RISK,1,False,0.0947
prod_20002183,20002183,1000341,Computer & Office,4.44,9,30,31,2,0.0299,0.0909,0.0017,26,0.000177,714,0.0141,0.006,NONE,False,False,0.0777,LOW_RISK,1,False,0.0947
prod_20000945,20000945,1000491,Jewelry & Accessories,3.62,8,19,20,2,0.031,0.1111,0.0021,17,0.000132,714,0.0141,0.006,UNCERTIFIED_MED,True,True,0.2376,MODERATE_RISK,1,False,0.0947
prod_20004475,20004475,1000326,Tools & Home Improvement,4.09,11,31,34,2,0.0301,0.0909,0.0016,23,0.000211,282,0.013,0.007,NONE,False,False,0.0826,LOW_RISK,1,False,0.0948
prod_20004462,20004462,1000136,Phones & Telecommunications,4.0,5,18,18,1,0.0399,0.2,0.0015,17,0.000122,282,0.013,0.007,NONE,False,False,0.0798,LOW_RISK,1,False,0.0948
prod_20002332,20002332,1000016,Computer & Office,4.67,3,9,9,1,0.0317,0.1,0.0036,9,7.5e-05,282,0.013,0.007,NONE,False,False,0.0526,LOW_RISK,1,False,0.0948
prod_20002180,20002180,1000279,Tools & Home Improvement,3.6,5,14,14,1,0.0493,0.1111,0.0015,11,0.000105,282,0.013,0.007,NONE,False,False,0.0621,LOW_RISK,1,False,0.0949
prod_20001440,20001440,1000040,Computer & Office,3.8,5,16,16,1,0.0496,0.1667,0.0025,13,0.000124,714,0.0141,0.006,NONE,False,False,0.0961,LOW_RISK,1,False,0.0949
prod_20002607,20002607,1000480,Tools & Home Improvement,3.5,6,13,13,1,0.0367,0.1111,0.0023,13,9.5e-05,714,0.0141,0.006,NONE,False,False,0.0667,LOW_RISK,1,False,0.0949
prod_20003072,20003072,1000121,Sports & Entertainment,3.67,3,11,11,1,0.0552,0.25,0.0018,10,9.2e-05,714,0.0141,0.006,NONE,False,False,0.0555,LOW_RISK,1,False,0.0949
prod_20003383,20003383,1000240,Sports & Entertainment,4.25,4,15,15,1,0.064,0.2,0.0015,12,0.000114,714,0.0141,0.006,NONE,False,False,0.0601,LOW_RISK,1,False,0.0949
prod_20003566,20003566,1000494,Sports & Entertainment,5.0,2,5,5,1,0.0384,0.0909,0.0028,5,5.9e-05,714,0.0141,0.006,NONE,False,False,0.0573,LOW_RISK,1,False,0.0949
prod_20004286,20004286,1000285,Home & Garden,4.5,8,27,27,1,0.039,0.125,0.0017,21,0.000185,714,0.0141,0.006,NONE,False,False,0.1224,LOW_RISK,1,False,0.0949
prod_20002068,20002068,1000472,Consumer Electronics,5.0,3,9,9,1,0.0607,0.125,0.0018,9,8.2e-05,714,0.0141,0.006,NONE,False,False,0.0541,LOW_RISK,1,False,0.0949
prod_20003139,20003139,1000361,Phones & Telecommunications,4.5,4,16,16,1,0.0423,0.1667,0.0031,15,0.000111,714,0.0141,0.006,ELEC_SHOCK,False,True,0.1168,LOW_RISK,1,False,0.095
prod_20003203,20003203,1000475,Tools & Home Improvement,4.14,7,26,26,1,0.0439,0.125,0.0017,19,0.000165,714,0.0141,0.006,NONE,False,False,0.1424,LOW_RISK,1,False,0.095
prod_20001582,20001582,1000391,Sports & Entertainment,4.0,6,22,22,1,0.0301,0.0769,0.0015,22,0.000133,714,0.0141,0.006,NONE,False,False,0.0709,LOW_RISK,1,False,0.095
prod_20003627,20003627,1000106,Phones & Telecommunications,4.25,4,10,11,2,0.033,0.1111,0.0033,10,8.5e-05,714,0.0141,0.006,NONE,False,False,0.0537,LOW_RISK,1,False,0.095
prod_20004542,20004542,1000201,Phones & Telecommunications,3.75,4,11,11,1,0.0257,0.0526,0.002,11,8.4e-05,714,0.0141,0.006,NONE,False,False,0.0437,LOW_RISK,1,False,0.095
prod_20002923,20002923,1000112,Home & Garden,4.67,3,13,13,1,0.0661,0.2,0.0018,11,0.000105,282,0.013,0.007,NONE,False,False,0.1025,LOW_RISK,1,False,0.095
prod_20004926,20004926,1000007,Computer & Office,4.2,5,21,21,1,0.0384,0.2,0.0017,19,0.000132,714,0.0141,0.006,NONE,False,False,0.1115,LOW_RISK,1,False,0.095
prod_20003500,20003500,1000496,Sports & Entertainment,4.4,5,11,12,2,0.0466,0.1429,0.0022,11,9.2e-05,714,0.0141,0.006,CHEM_TOXIC,False,True,0.0911,LOW_RISK,1,False,0.095
prod_20003117,20003117,1000469,Home & Garden,4.33,6,20,20,1,0.0339,0.1429,0.0023,17,0.000131,282,0.013,0.007,NONE,False,False,0.0776,LOW_RISK,1,False,0.095
prod_20002917,20002917,1000265,Jewelry & Accessories,4.14,7,20,21,2,0.0393,0.125,0.0022,15,0.000149,714,0.0141,0.006,NONE,False,False,0.0668,LOW_RISK,1,False,0.0951
prod_20003031,20003031,1000039,Consumer Electronics,5.0,1,6,6,1,0.0458,0.1111,0.003,6,6.2e-05,714,0.0141,0.006,NONE,False,False,0.064,LOW_RISK,1,False,0.0951
prod_20001399,20001399,1000481,Consumer Electronics,3.5,4,10,10,1,0.0469,0.1111,0.0024,10,8.2e-05,282,0.013,0.007,NONE,False,False,0.0372,LOW_RISK,1,False,0.0951
prod_20003064,20003064,1000166,Sports & Entertainment,4.67,3,10,10,1,0.043,0.1,0.0026,10,8.1e-05,501,0.0146,0.015,NONE,False,False,0.0532,LOW_RISK,1,False,0.0951
prod_20003302,20003302,1000050,Consumer Electronics,4.17,6,16,16,1,0.0435,0.125,0.0011,14,0.000115,501,0.0146,0.015,NONE,False,False,0.0918,LOW_RISK,1,False,0.0951
prod_20000839,20000839,1000162,Computer & Office,4.6,10,32,33,2,0.0358,0.1,0.0015,23,0.000205,714,0.0141,0.006,NONE,False,False,0.0861,LOW_RISK,1,False,0.0951
prod_20001997,20001997,1000294,Consumer Electronics,4.62,8,20,20,1,0.0216,0.0769,0.0019,19,0.000123,714,0.0141,0.006,NONE,False,False,0.065,LOW_RISK,1,False,0.0951
prod_20001783,20001783,1000157,Automotive,5.0,1,4,4,1,0.0338,0.0714,0.0033,4,5.4e-05,714,0.0141,0.006,UNCERTIFIED_MED,False,True,0.0516,LOW_RISK,1,False,0.0951
prod_20003592,20003592,1000239,Jewelry & Accessories,4.5,2,7,7,1,0.0477,0.2,0.0021,7,7e-05,501,0.0146,0.015,NONE,False,False,0.0455,LOW_RISK,1,False,0.0951
prod_20004530,20004530,1000223,Phones & Telecommunications,4.5,4,10,10,1,0.0676,0.2,0.0021,8,9.3e-05,282,0.013,0.007,NONE,False,False,0.056,LOW_RISK,1,False,0.0951
prod_20003782,20003782,1000262,Sports & Entertainment,4.0,10,29,31,2,0.0316,0.1,0.0018,24,0.000209,714,0.0141,0.006,NONE,False,False,0.0855,LOW_RISK,1,False,0.0952
prod_20003077,20003077,1000019,Home & Garden,4.25,4,16,16,1,0.031,0.1667,0.0028,15,0.000107,714,0.0141,0.006,CHOKE_CHILD,True,True,0.2365,MODERATE_RISK,1,False,0.0952
prod_20002001,20002001,1000115,Consumer Electronics,4.4,10,27,30,3,0.0359,0.1,0.0012,21,0.000184,714,0.0141,0.006,NONE,False,False,0.0853,LOW_RISK,1,False,0.0952
prod_20003212,20003212,1000328,Sports & Entertainment,4.0,1,4,4,1,0.0602,0.125,0.0033,4,5.6e-05,714,0.0141,0.006,NONE,False,False,0.0587,LOW_RISK,1,False,0.0952
prod_20001941,20001941,1000478,Computer & Office,4.5,2,5,5,1,0.0596,0.25,0.0026,5,6.3e-05,714,0.0141,0.006,NONE,False,False,0.0767,LOW_RISK,1,False,0.0952
prod_20001976,20001976,1000150,Jewelry & Accessories,3.67,3,13,13,1,0.0504,0.1429,0.0021,13,9.7e-05,714,0.0141,0.006,NONE,False,False,0.0674,LOW_RISK,1,False,0.0952
prod_20001096,20001096,1000254,Consumer Electronics,4.0,1,5,5,1,0.0255,0.0714,0.0035,5,5.8e-05,714,0.0141,0.006,NONE,False,False,0.0547,LOW_RISK,1,False,0.0953
prod_20001882,20001882,1000105,Tools & Home Improvement,4.14,7,19,20,2,0.0262,0.1,0.0025,17,0.000126,282,0.013,0.007,NONE,False,False,0.0734,LOW_RISK,1,False,0.0953
prod_20003028,20003028,1000087,Consumer Electronics,4.0,6,19,20,2,0.0394,0.1429,0.0022,18,0.000127,282,0.013,0.007,NONE,False,False,0.0703,LOW_RISK,1,False,0.0953
prod_20004564,20004564,1000334,Sports & Entertainment,5.0,2,6,6,1,0.0327,0.0909,0.0024,6,6.3e-05,282,0.013,0.007,NONE,False,False,0.1367,LOW_RISK,1,False,0.0953
prod_20002681,20002681,1000030,Tools & Home Improvement,4.33,3,9,9,1,0.0398,0.1429,0.0017,9,7.7e-05,501,0.0146,0.015,ELEC_SHOCK,False,True,0.1566,MODERATE_RISK,1,False,0.0953
prod_20001956,20001956,1000469,Tools & Home Improvement,4.5,4,10,10,1,0.0394,0.1429,0.0034,9,8.4e-05,282,0.013,0.007,NONE,False,False,0.0694,LOW_RISK,1,False,0.0954
prod_20001917,20001917,1000455,Phones & Telecommunications,4.5,2,7,7,1,0.0479,0.125,0.0035,7,6.8e-05,282,0.013,0.007,NONE,False,False,0.0519,LOW_RISK,1,False,0.0954
prod_20001604,20001604,1000328,Automotive,4.5,4,12,12,1,0.0442,0.1429,0.0021,12,9.1e-05,501,0.0146,0.015,NONE,False,False,0.0755,LOW_RISK,1,False,0.0954
prod_20004109,20004109,1000336,Phones & Telecommunications,4.4,5,20,21,2,0.048,0.1429,0.002,18,0.000139,714,0.0141,0.006,CHOKE_CHILD,False,True,0.1379,LOW_RISK,1,False,0.0954
prod_20003837,20003837,1000024,Automotive,4.11,9,32,35,2,0.0342,0.1,0.0016,25,0.000199,714,0.0141,0.006,NONE,False,False,0.0794,LOW_RISK,1,False,0.0954
prod_20001824,20001824,1000102,Home & Garden,5.0,1,4,4,1,0.0434,0.0833,0.003,4,5.4e-05,714,0.0141,0.006,NONE,False,False,0.0545,LOW_RISK,1,False,0.0954
prod_20001378,20001378,1000274,Consumer Electronics,4.0,2,7,7,1,0.0767,0.1429,0.0016,7,7.1e-05,282,0.013,0.007,NONE,False,False,0.0633,LOW_RISK,1,False,0.0954
prod_20001933,20001933,1000129,Computer & Office,4.5,4,17,18,2,0.0546,0.1667,0.0019,15,0.000121,282,0.013,0.007,NONE,False,False,0.0656,LOW_RISK,1,False,0.0955
prod_20002581,20002581,1000344,Sports & Entertainment,4.6,5,15,15,1,0.0398,0.1667,0.0018,14,0.000106,501,0.0146,0.015,NONE,False,False,0.0571,LOW_RISK,1,False,0.0955
prod_20002272,20002272,1000461,Home & Garden,5.0,2,7,7,1,0.0672,0.25,0.0022,7,6.9e-05,714,0.0141,0.006,CHOKE_CHILD,False,True,0.1884,MODERATE_RISK,1,False,0.0955
prod_20003949,20003949,1000365,Automotive,3.71,7,21,22,2,0.0317,0.0833,0.002,20,0.000134,714,0.0141,0.006,NONE,False,False,0.066,LOW_RISK,1,False,0.0955
prod_20003231,20003231,1000163,Automotive,4.33,9,24,25,2,0.0407,0.1111,0.0012,18,0.000195,714,0.0141,0.006,NONE,False,False,0.0802,LOW_RISK,1,False,0.0955
prod_20003812,20003812,1000100,Consumer Electronics,4.5,4,18,18,1,0.0588,0.2,0.0019,14,0.000127,282,0.013,0.007,NONE,False,False,0.0624,LOW_RISK,1,False,0.0955
prod_20002694,20002694,1000217,Computer & Office,4.0,9,27,27,1,0.039,0.1,0.0012,21,0.00017,714,0.0141,0.006,NONE,False,False,0.0763,LOW_RISK,1,False,0.0955
prod_20001645,20001645,1000279,Automotive,3.62,8,19,19,1,0.0309,0.1111,0.0016,17,0.000127,282,0.013,0.007,NONE,False,False,0.0643,LOW_RISK,1,False,0.0956
prod_20002813,20002813,1000033,Computer & Office,4.43,7,26,28,3,0.0333,0.1,0.0017,22,0.000163,714,0.0141,0.006,CHEM_TOXIC,False,True,0.2112,MODERATE_RISK,1,False,0.0956
prod_20002496,20002496,1000184,Sports & Entertainment,4.0,6,12,12,1,0.0315,0.1111,0.0033,11,9.2e-05,714,0.0141,0.006,NONE,False,False,0.0765,LOW_RISK,1,False,0.0956
prod_20004727,20004727,1000114,Computer & Office,4.0,4,10,10,1,0.0558,0.25,0.0015,9,9.1e-05,282,0.013,0.007,NONE,False,False,0.0622,LOW_RISK,1,False,0.0956
prod_20002927,20002927,1000080,Tools & Home Improvement,5.0,2,7,7,1,0.0514,0.1667,0.0016,7,6.9e-05,282,0.013,0.007,NONE,False,False,0.0569,LOW_RISK,1,False,0.0956
prod_20004766,20004766,1000083,Computer & Office,4.62,8,30,32,2,0.0351,0.1,0.0014,24,0.000187,714,0.0141,0.006,NONE,False,False,0.077,LOW_RISK,1,False,0.0956
prod_20003267,20003267,1000203,Jewelry & Accessories,4.5,8,24,25,2,0.0333,0.125,0.0017,21,0.000165,282,0.013,0.007,NONE,False,False,0.076,LOW_RISK,1,False,0.0956
prod_20004441,20004441,1000140,Jewelry & Accessories,4.67,3,8,8,1,0.022,0.0588,0.0023,8,7e-05,282,0.013,0.007,NONE,False,False,0.0507,LOW_RISK,1,False,0.0956
prod_20001000,20001000,1000029,Consumer Electronics,4.5,2,7,7,1,0.0458,0.2,0.0029,7,6.8e-05,282,0.013,0.007,NONE,False,False,0.0502,LOW_RISK,1,False,0.0956
prod_20001353,20001353,1000086,Consumer Electronics,4.0,3,9,9,1,0.0257,0.0714,0.0031,9,7.5e-05,282,0.013,0.007,NONE,False,False,0.056,LOW_RISK,1,False,0.0957
prod_20001931,20001931,1000248,Phones & Telecommunications,4.5,6,27,28,2,0.0455,0.125,0.0014,21,0.00017,714,0.0141,0.006,NONE,False,False,0.0919,LOW_RISK,1,False,0.0957
prod_20004563,20004563,1000232,Consumer Electronics,4.8,5,13,13,1,0.0477,0.2,0.0023,11,0.000104,714,0.0141,0.006,NONE,False,False,0.0695,LOW_RISK,1,False,0.0957
prod_20001600,20001600,1000469,Home & Garden,4.0,1,4,4,1,0.0312,0.0556,0.003,4,5.3e-05,282,0.013,0.007,NONE,False,False,0.0651,LOW_RISK,1,False,0.0957
prod_20001265,20001265,1000091,Computer & Office,4.25,4,16,16,1,0.0534,0.1667,0.001,14,0.000111,282,0.013,0.007,NONE,False,False,0.0605,LOW_RISK,1,False,0.0957
prod_20001621,20001621,1000204,Sports & Entertainment,4.5,2,5,5,1,0.0321,0.1111,0.0036,5,5.8e-05,714,0.0141,0.006,CHOKE_CHILD,False,True,0.1265,LOW_RISK,1,False,0.0957
prod_20003634,20003634,1000034,Automotive,4.22,9,30,33,2,0.0288,0.0909,0.0021,24,0.000188,714,0.0141,0.006,NONE,False,False,0.1069,LOW_RISK,1,False,0.0958
prod_20001322,20001322,1000145,Sports & Entertainment,4.67,6,20,21,2,0.0358,0.1111,0.0017,18,0.000133,282,0.013,0.007,NONE,False,False,0.0697,LOW_RISK,1,False,0.0958
prod_20004657,20004657,1000464,Phones & Telecommunications,4.17,6,15,16,2,0.0542,0.1667,0.0013,13,0.000119,282,0.013,0.007,NONE,False,False,0.0575,LOW_RISK,1,False,0.0958
prod_20000949,20000949,1000014,Sports & Entertainment,5.0,3,12,12,1,0.0411,0.1111,0.002,12,9.2e-05,282,0.013,0.007,NONE,False,False,0.0611,LOW_RISK,1,False,0.0958
prod_20001916,20001916,1000264,Phones & Telecommunications,4.17,6,20,21,2,0.0314,0.125,0.0025,17,0.00013,714,0.0141,0.006,NONE,False,False,0.0648,LOW_RISK,1,False,0.0958
prod_20003510,20003510,1000043,Home & Garden,3.5,2,5,5,1,0.0436,0.0909,0.0022,5,5.8e-05,714,0.0141,0.006,NONE,False,False,0.0537,LOW_RISK,1,False,0.0958
prod_20003657,20003657,1000102,Sports & Entertainment,4.0,4,10,10,1,0.0675,0.25,0.0013,9,9.2e-05,714,0.0141,0.006,NONE,False,False,0.0595,LOW_RISK,1,False,0.0958
prod_20004571,20004571,1000402,Computer & Office,3.75,4,9,9,1,0.0497,0.2,0.002,8,8.1e-05,282,0.013,0.007,NONE,False,False,0.0529,LOW_RISK,1,False,0.0958
prod_20004924,20004924,1000463,Sports & Entertainment,4.4,10,29,32,2,0.0329,0.1,0.0016,24,0.000211,282,0.013,0.007,NONE,False,False,0.066,LOW_RISK,1,False,0.0958
prod_20003522,20003522,1000146,Home & Garden,3.8,5,10,10,1,0.035,0.125,0.001,10,8.2e-05,714,0.0141,0.006,NONE,False,False,0.0539,LOW_RISK,1,False,0.0959
prod_20003721,20003721,1000464,Sports & Entertainment,4.5,2,3,3,1,0.0464,0.0909,0.0013,3,5e-05,714,0.0141,0.006,NONE,False,False,0.043,LOW_RISK,1,False,0.0959
prod_20002220,20002220,1000378,Jewelry & Accessories,4.0,8,24,24,1,0.0371,0.125,0.0012,18,0.000164,714,0.0141,0.006,NONE,False,False,0.0725,LOW_RISK,1,False,0.0959
prod_20002087,20002087,1000183,Automotive,4.0,1,6,6,1,0.0707,0.2,0.0032,6,6.4e-05,714,0.0141,0.006,NONE,False,False,0.042,LOW_RISK,1,False,0.0959
prod_20001489,20001489,1000231,Automotive,4.5,2,6,6,1,0.0435,0.1667,0.0034,6,6.3e-05,714,0.0141,0.006,NONE,False,False,0.0562,LOW_RISK,1,False,0.096
prod_20003917,20003917,1000396,Jewelry & Accessories,4.67,3,11,11,1,0.055,0.25,0.0014,10,8.8e-05,282,0.013,0.007,CHEM_TOXIC,False,True,0.055,LOW_RISK,1,False,0.096
prod_20003235,20003235,1000149,Sports & Entertainment,4.45,11,31,33,2,0.0313,0.0909,0.0017,23,0.000212,282,0.013,0.007,NONE,False,False,0.0839,LOW_RISK,1,False,0.096
prod_20004905,20004905,1000495,Jewelry & Accessories,4.11,9,24,25,2,0.041,0.1111,0.0015,18,0.000167,714,0.0141,0.006,CHEM_TOXIC,False,True,0.1467,LOW_RISK,1,False,0.096
prod_20004692,20004692,1000385,Phones & Telecommunications,4.27,11,29,31,2,0.0326,0.0909,0.0017,22,0.000204,282,0.013,0.007,NONE,False,False,0.0824,LOW_RISK,1,False,0.0961
prod_20004404,20004404,1000303,Computer & Office,4.75,4,13,13,1,0.0589,0.2,0.0017,11,0.000113,714,0.0141,0.006,NONE,False,False,0.0622,LOW_RISK,1,False,0.0961
prod_20004699,20004699,1000125,Automotive,5.0,5,16,16,1,0.0448,0.1667,0.0013,15,0.000111,714,0.0141,0.006,NONE,False,False,0.0699,LOW_RISK,1,False,0.0961
prod_20001572,20001572,1000098,Home & Garden,4.5,8,26,27,2,0.0336,0.1111,0.0017,23,0.000162,714,0.0141,0.006,NONE,False,False,0.0807,LOW_RISK,1,False,0.0961
prod_20002203,20002203,1000044,Home & Garden,4.25,4,14,14,1,0.0522,0.2,0.0012,12,0.000108,282,0.013,0.007,NONE,False,False,0.061,LOW_RISK,1,False,0.0962
prod_20003528,20003528,1000309,Computer & Office,5.0,2,5,5,1,0.0283,0.0909,0.0026,5,5.8e-05,714,0.0141,0.006,NONE,False,False,0.0632,LOW_RISK,1,False,0.0962
prod_20002936,20002936,1000012,Computer & Office,4.5,2,5,5,1,0.0346,0.1,0.0022,5,5.9e-05,501,0.0146,0.015,NONE,False,False,0.0346,LOW_RISK,1,False,0.0962
prod_20002053,20002053,1000230,Sports & Entertainment,4.0,1,4,4,1,0.0358,0.0556,0.003,4,5.3e-05,282,0.013,0.007,NONE,False,False,0.0497,LOW_RISK,1,False,0.0962
prod_20000860,20000860,1000279,Sports & Entertainment,4.5,4,13,13,1,0.0501,0.25,0.0014,11,0.000101,714,0.0141,0.006,NONE,False,False,0.0574,LOW_RISK,1,False,0.0963
prod_20002597,20002597,1000322,Sports & Entertainment,4.33,6,18,20,2,0.0489,0.1429,0.0018,14,0.000138,714,0.0141,0.006,NONE,False,False,0.0776,LOW_RISK,1,False,0.0963
prod_20001832,20001832,1000482,Automotive,3.75,8,16,17,2,0.0341,0.125,0.0019,15,0.000128,714,0.0141,0.006,NONE,False,False,0.0771,LOW_RISK,1,False,0.0963
prod_20001450,20001450,1000048,Phones & Telecommunications,5.0,4,10,10,1,0.0421,0.125,0.0013,10,8.4e-05,282,0.013,0.007,NONE,False,False,0.0558,LOW_RISK,1,False,0.0963
prod_20001964,20001964,1000004,Phones & Telecommunications,3.75,4,14,14,1,0.0315,0.125,0.0019,14,9.8e-05,282,0.013,0.007,NONE,False,False,0.1072,LOW_RISK,1,False,0.0963
prod_20001296,20001296,1000132,Computer & Office,4.0,6,13,14,2,0.0434,0.1429,0.0024,11,0.000106,714,0.0141,0.006,NONE,False,False,0.0556,LOW_RISK,1,False,0.0963
prod_20002969,20002969,1000078,Tools & Home Improvement,4.14,7,13,14,2,0.0353,0.125,0.002,12,0.000102,714,0.0141,0.006,CHEM_TOXIC,False,True,0.1409,LOW_RISK,1,False,0.0963
prod_20001229,20001229,1000281,Phones & Telecommunications,3.5,4,16,16,1,0.0323,0.1111,0.0015,16,0.000106,714,0.0141,0.006,NONE,False,False,0.0576,LOW_RISK,1,False,0.0963
prod_20002216,20002216,1000095,Sports & Entertainment,3.67,3,14,14,1,0.0653,0.2,0.0016,12,0.000104,714,0.0141,0.006,ELEC_SHOCK,False,True,0.0625,LOW_RISK,1,False,0.0963
prod_20002654,20002654,1000385,Sports & Entertainment,4.5,10,25,26,2,0.028,0.1,0.0021,20,0.000178,282,0.013,0.007,NONE,False,False,0.077,LOW_RISK,1,False,0.0964
prod_20003215,20003215,1000045,Tools & Home Improvement,4.0,2,9,9,1,0.0346,0.1667,0.0034,9,7.5e-05,714,0.0141,0.006,NONE,False,False,0.0424,LOW_RISK,1,False,0.0964
prod_20003418,20003418,1000475,Computer & Office,4.33,3,9,9,1,0.0374,0.1429,0.0034,9,7.6e-05,282,0.013,0.007,NONE,False,False,0.1336,LOW_RISK,1,False,0.0964
prod_20002868,20002868,1000496,Consumer Electronics,4.67,3,11,11,1,0.0692,0.1667,0.0028,11,9e-05,714,0.0141,0.006,NONE,False,False,0.0923,LOW_RISK,1,False,0.0964
prod_20001865,20001865,1000033,Tools & Home Improvement,4.5,6,26,26,1,0.0335,0.1111,0.0015,22,0.000154,282,0.013,0.007,NONE,False,False,0.2132,MODERATE_RISK,1,False,0.0965
prod_20001433,20001433,1000181,Tools & Home Improvement,4.44,9,27,28,2,0.026,0.0833,0.0016,24,0.000163,714,0.0141,0.006,NONE,False,False,0.0727,LOW_RISK,1,False,0.0965
prod_20002817,20002817,1000347,Automotive,4.5,8,11,12,2,0.0334,0.1111,0.0014,11,9.1e-05,282,0.013,0.007,NONE,False,False,0.0659,LOW_RISK,1,False,0.0965
prod_20004847,20004847,1000473,Tools & Home Improvement,5.0,4,12,12,1,0.0343,0.0909,0.0014,12,8.9e-05,282,0.013,0.007,NONE,False,False,0.0628,LOW_RISK,1,False,0.0965
prod_20002946,20002946,1000366,Automotive,4.0,2,4,4,1,0.0514,0.1111,0.0034,4,5.4e-05,714,0.0141,0.006,NONE,False,False,0.0534,LOW_RISK,1,False,0.0965
prod_20004805,20004805,1000189,Jewelry & Accessories,4.5,4,12,12,1,0.045,0.2,0.0025,11,9.3e-05,282,0.013,0.007,NONE,False,False,0.0563,LOW_RISK,1,False,0.0966
prod_20004081,20004081,1000036,Sports & Entertainment,3.8,5,10,10,1,0.0307,0.0714,0.0026,10,8e-05,714,0.0141,0.006,NONE,False,False,0.0517,LOW_RISK,1,False,0.0966
prod_20002269,20002269,1000033,Automotive,4.0,1,4,4,1,0.0634,0.1429,0.003,4,5.4e-05,714,0.0141,0.006,CHEM_TOXIC,True,True,0.2924,MODERATE_RISK,1,False,0.0966
prod_20004754,20004754,1000368,Jewelry & Accessories,4.0,1,5,5,1,0.0514,0.0909,0.0031,5,5.9e-05,714,0.0141,0.006,NONE,False,False,0.046,LOW_RISK,1,False,0.0966
prod_20002919,20002919,1000355,Jewelry & Accessories,4.6,5,9,10,2,0.0369,0.1111,0.002,9,8.1e-05,282,0.013,0.007,NONE,False,False,0.0542,LOW_RISK,1,False,0.0966
prod_20001886,20001886,1000261,Sports & Entertainment,4.0,6,20,20,1,0.0377,0.125,0.0011,18,0.000128,714,0.0141,0.006,NONE,False,False,0.0783,LOW_RISK,1,False,0.0966
prod_20002431,20002431,1000474,Automotive,4.22,9,25,25,1,0.0394,0.1,0.001,20,0.000165,714,0.0141,0.006,NONE,False,False,0.072,LOW_RISK,1,False,0.0966
prod_20003494,20003494,1000092,Automotive,3.67,3,5,5,1,0.0472,0.1111,0.0019,5,5.9e-05,714,0.0141,0.006,NONE,False,False,0.0497,LOW_RISK,1,False,0.0967
prod_20003228,20003228,1000255,Jewelry & Accessories,4.0,2,4,4,1,0.0661,0.1667,0.0015,4,5.5e-05,714,0.0141,0.006,NONE,False,False,0.0581,LOW_RISK,1,False,0.0967
prod_20001071,20001071,1000247,Jewelry & Accessories,4.5,2,4,4,1,0.0213,0.0357,0.0015,4,5.3e-05,714,0.0141,0.006,NONE,False,False,0.051,LOW_RISK,1,False,0.0967
prod_20001745,20001745,1000209,Jewelry & Accessories,5.0,2,9,9,1,0.0482,0.125,0.0024,9,7.7e-05,714,0.0141,0.006,NONE,False,False,0.1203,LOW_RISK,1,False,0.0967
prod_20002429,20002429,1000062,Home & Garden,4.33,3,9,9,1,0.0668,0.25,0.0025,8,8.3e-05,714,0.0141,0.006,NONE,False,False,0.0495,LOW_RISK,1,False,0.0967
prod_20004323,20004323,1000274,Home & Garden,4.6,10,25,26,2,0.0372,0.0833,0.0016,18,0.000162,714,0.0141,0.006,NONE,False,False,0.0779,LOW_RISK,1,False,0.0967
prod_20003251,20003251,1000155,Jewelry & Accessories,4.14,7,26,27,2,0.036,0.1111,0.002,21,0.000162,714,0.0141,0.006,NONE,False,False,0.1468,LOW_RISK,1,False,0.0967
prod_20002147,20002147,1000356,Computer & Office,3.75,4,13,13,1,0.0362,0.1,0.0026,13,9.3e-05,714,0.0141,0.006,NONE,False,False,0.1252,LOW_RISK,1,False,0.0967
prod_20004442,20004442,1000022,Automotive,3.67,3,8,8,1,0.0627,0.1429,0.0014,8,7.5e-05,282,0.013,0.007,CHOKE_CHILD,False,True,0.1237,LOW_RISK,1,False,0.0967
prod_20001428,20001428,1000184,Tools & Home Improvement,4.0,2,8,8,1,0.0696,0.25,0.0021,8,7.5e-05,714,0.0141,0.006,NONE,False,False,0.0631,LOW_RISK,1,False,0.0968
prod_20004632,20004632,1000149,Tools & Home Improvement,5.0,3,8,8,1,0.0624,0.2,0.0021,8,7.4e-05,714,0.0141,0.006,NONE,False,False,0.0577,LOW_RISK,1,False,0.0968
prod_20002425,20002425,1000339,Consumer Electronics,5.0,2,6,6,1,0.062,0.1429,0.0017,6,6.3e-05,714,0.0141,0.006,NONE,False,False,0.041,LOW_RISK,1,False,0.0968
prod_20001329,20001329,1000218,Automotive,4.29,7,17,17,1,0.0362,0.125,0.002,14,0.00012,501,0.0146,0.015,NONE,False,False,0.0611,LOW_RISK,1,False,0.0968
prod_20001336,20001336,1000203,Computer & Office,4.25,12,32,33,2,0.0324,0.0833,0.0012,23,0.000202,714,0.0141,0.006,ELEC_SHOCK,False,True,0.0974,LOW_RISK,1,False,0.0968
prod_20003743,20003743,1000223,Consumer Electronics,4.67,3,8,8,1,0.0266,0.0714,0.0032,8,7e-05,714,0.0141,0.006,NONE,False,False,0.0556,LOW_RISK,1,False,0.0969
prod_20004662,20004662,1000292,Sports & Entertainment,4.75,4,13,13,1,0.0518,0.1667,0.0014,13,9.7e-05,282,0.013,0.007,NONE,False,False,0.0658,LOW_RISK,1,False,0.0969
prod_20004623,20004623,1000006,Tools & Home Improvement,4.8,5,16,16,1,0.0252,0.0769,0.0022,16,0.000106,282,0.013,0.007,NONE,False,False,0.0889,LOW_RISK,1,False,0.0969
prod_20001776,20001776,1000238,Phones & Telecommunications,4.67,3,13,13,1,0.0353,0.125,0.0028,13,9.4e-05,282,0.013,0.007,NONE,False,False,0.0609,LOW_RISK,1,False,0.0969
prod_20003506,20003506,1000127,Phones & Telecommunications,4.4,5,16,16,1,0.0261,0.1667,0.0028,15,0.000109,714,0.0141,0.006,NONE,False,False,0.1073,LOW_RISK,1,False,0.0969
prod_20002532,20002532,1000380,Phones & Telecommunications,4.5,6,19,20,2,0.048,0.1667,0.0015,16,0.000151,714,0.0141,0.006,NONE,False,False,0.0756,LOW_RISK,1,False,0.0969
prod_20001644,20001644,1000275,Home & Garden,3.5,4,10,10,1,0.0377,0.1667,0.002,9,8.3e-05,282,0.013,0.007,NONE,False,False,0.0587,LOW_RISK,1,False,0.0969
prod_20003029,20003029,1000051,Computer & Office,4.25,4,8,8,1,0.0495,0.125,0.0017,8,7.4e-05,501,0.0146,0.015,NONE,False,False,0.0567,LOW_RISK,1,False,0.097
prod_20002636,20002636,1000025,Jewelry & Accessories,4.0,7,24,25,2,0.0323,0.1111,0.0015,22,0.00015,714,0.0141,0.006,NONE,False,False,0.1258,LOW_RISK,1,False,0.097
prod_20003961,20003961,1000102,Automotive,4.25,4,14,14,1,0.068,0.125,0.0014,13,0.000107,282,0.013,0.007,NONE,False,False,0.0638,LOW_RISK,1,False,0.097
prod_20003853,20003853,1000030,Home & Garden,4.4,5,11,11,1,0.0313,0.1429,0.0023,10,8.8e-05,501,0.0146,0.015,NONE,False,False,0.1635,MODERATE_RISK,1,False,0.097
prod_20003791,20003791,1000290,Tools & Home Improvement,4.5,2,5,5,1,0.0321,0.0714,0.0035,5,5.8e-05,714,0.0141,0.006,NONE,False,False,0.0615,LOW_RISK,1,False,0.097
prod_20003193,20003193,1000197,Automotive,4.36,11,34,36,2,0.0312,0.0909,0.0013,24,0.000206,714,0.0141,0.006,NONE,False,False,0.0801,LOW_RISK,1,False,0.097
prod_20003842,20003842,1000064,Tools & Home Improvement,5.0,3,8,8,1,0.0487,0.1429,0.0018,8,7.3e-05,714,0.0141,0.006,NONE,False,False,0.0591,LOW_RISK,1,False,0.097
prod_20004829,20004829,1000170,Phones & Telecommunications,4.5,2,4,4,1,0.0681,0.1429,0.0016,4,5.5e-05,282,0.013,0.007,NONE,False,False,0.0718,LOW_RISK,1,False,0.097
prod_20003284,20003284,1000284,Jewelry & Accessories,4.0,4,10,10,1,0.0379,0.0833,0.0021,10,8.3e-05,501,0.0146,0.015,NONE,False,False,0.0636,LOW_RISK,1,False,0.097
prod_20002408,20002408,1000057,Phones & Telecommunications,4.2,5,9,9,1,0.0444,0.2,0.0028,8,9.3e-05,714,0.0141,0.006,NONE,False,False,0.0457,LOW_RISK,1,False,0.097
prod_20001368,20001368,1000489,Automotive,3.8,5,13,13,1,0.036,0.125,0.0026,12,9.6e-05,714,0.0141,0.006,NONE,False,False,0.0687,LOW_RISK,1,False,0.0971
prod_20003106,20003106,1000312,Sports & Entertainment,3.5,2,5,5,1,0.0368,0.0833,0.0017,5,5.9e-05,714,0.0141,0.006,NONE,False,False,0.0867,LOW_RISK,1,False,0.0971
prod_20003993,20003993,1000053,Jewelry & Accessories,5.0,3,11,11,1,0.0497,0.1667,0.0014,11,8.7e-05,282,0.013,0.007,UNCERTIFIED_MED,True,True,0.2321,MODERATE_RISK,1,False,0.0971
prod_20001715,20001715,1000236,Computer & Office,4.11,9,24,25,2,0.0275,0.1111,0.0018,21,0.000163,714,0.0141,0.006,NONE,False,False,0.0749,LOW_RISK,1,False,0.0971
prod_20003529,20003529,1000219,Tools & Home Improvement,4.67,3,8,8,1,0.0471,0.1429,0.002,8,7.3e-05,501,0.0146,0.015,NONE,False,False,0.0518,LOW_RISK,1,False,0.0971
prod_20000805,20000805,1000410,Consumer Electronics,3.75,8,19,20,2,0.0367,0.1,0.0016,16,0.000134,282,0.013,0.007,CHEM_TOXIC,False,True,0.0998,LOW_RISK,1,False,0.0972
prod_20001033,20001033,1000359,Computer & Office,4.67,3,7,7,1,0.0578,0.2,0.0026,6,7.6e-05,714,0.0141,0.006,NONE,False,False,0.0493,LOW_RISK,1,False,0.0972
prod_20004096,20004096,1000224,Phones & Telecommunications,4.17,6,19,20,2,0.0449,0.1111,0.0023,16,0.000133,282,0.013,0.007,NONE,False,False,0.0826,LOW_RISK,1,False,0.0972
prod_20003777,20003777,1000042,Computer & Office,4.0,1,3,3,1,0.0396,0.0909,0.003,3,4.9e-05,714,0.0141,0.006,NONE,False,False,0.0918,LOW_RISK,1,False,0.0972
prod_20001668,20001668,1000485,Automotive,5.0,3,11,11,1,0.0333,0.0833,0.002,11,8.5e-05,282,0.013,0.007,CHEM_TOXIC,True,True,0.2872,MODERATE_RISK,1,False,0.0973
prod_20000881,20000881,1000049,Consumer Electronics,4.25,8,24,25,2,0.0336,0.1111,0.002,20,0.000161,282,0.013,0.007,NONE,False,False,0.0746,LOW_RISK,1,False,0.0973
prod_20004777,20004777,1000402,Computer & Office,5.0,2,10,10,1,0.0366,0.1429,0.0024,10,8e-05,282,0.013,0.007,NONE,False,False,0.0555,LOW_RISK,1,False,0.0973
prod_20004522,20004522,1000339,Tools & Home Improvement,4.75,4,10,10,1,0.0283,0.0909,0.0026,10,8e-05,282,0.013,0.007,NONE,False,False,0.0473,LOW_RISK,1,False,0.0973
prod_20001935,20001935,1000007,Phones & Telecommunications,3.75,4,15,15,1,0.047,0.1667,0.002,13,0.000105,282,0.013,0.007,UNCERTIFIED_MED,False,True,0.1083,LOW_RISK,1,False,0.0973
prod_20001011,20001011,1000002,Home & Garden,4.0,2,8,8,1,0.072,0.25,0.0014,8,7.5e-05,714,0.0141,0.006,CHOKE_CHILD,False,True,0.1216,LOW_RISK,1,False,0.0973
prod_20000856,20000856,1000000,Consumer Electronics,4.0,9,24,24,1,0.0309,0.1,0.0013,21,0.000152,714,0.0141,0.006,NONE,False,False,0.1386,LOW_RISK,1,False,0.0973
prod_20001628,20001628,1000343,Sports & Entertainment,4.36,11,21,22,2,0.03,0.0909,0.0019,18,0.000152,282,0.013,0.007,NONE,False,False,0.0817,LOW_RISK,1,False,0.0974
prod_20004881,20004881,1000008,Automotive,3.88,8,20,21,2,0.0375,0.125,0.0014,18,0.000139,714,0.0141,0.006,NONE,False,False,0.0644,LOW_RISK,1,False,0.0974
prod_20004157,20004157,1000494,Tools & Home Improvement,4.33,6,19,19,1,0.0284,0.1429,0.0023,18,0.000126,714,0.0141,0.006,NONE,False,False,0.0716,LOW_RISK,1,False,0.0974
prod_20004844,20004844,1000438,Home & Garden,4.67,6,17,18,2,0.0322,0.0909,0.0018,17,0.000115,282,0.013,0.007,NONE,False,False,0.0646,LOW_RISK,1,False,0.0974
prod_20002912,20002912,1000435,Jewelry & Accessories,4.62,8,22,23,2,0.0298,0.0909,0.0018,19,0.000145,714,0.0141,0.006,NONE,False,False,0.0709,LOW_RISK,1,False,0.0974
prod_20004006,20004006,1000140,Sports & Entertainment,5.0,3,11,11,1,0.0552,0.1429,0.0021,11,9e-05,282,0.013,0.007,NONE,False,False,0.0534,LOW_RISK,1,False,0.0974
prod_20002325,20002325,1000103,Automotive,4.8,5,12,12,1,0.0359,0.1667,0.0014,11,9.3e-05,714,0.0141,0.006,NONE,False,False,0.0592,LOW_RISK,1,False,0.0974
prod_20001564,20001564,1000410,Consumer Electronics,3.8,5,9,9,1,0.0575,0.2,0.0017,8,8.9e-05,714,0.0141,0.006,ELEC_SHOCK,False,True,0.0824,LOW_RISK,1,False,0.0974
prod_20004169,20004169,1000367,Home & Garden,4.33,6,21,21,1,0.0398,0.1667,0.0016,18,0.000145,714,0.0141,0.006,NONE,False,False,0.0623,LOW_RISK,1,False,0.0974
prod_20002824,20002824,1000114,Consumer Electronics,4.43,7,20,23,2,0.0321,0.1,0.0024,18,0.000138,714,0.0141,0.006,NONE,False,False,0.0749,LOW_RISK,1,False,0.0975
prod_20004738,20004738,1000131,Computer & Office,4.0,3,8,8,1,0.0578,0.25,0.0013,7,7.5e-05,714,0.0141,0.006,UNCERTIFIED_MED,True,True,0.3099,MODERATE_RISK,1,False,0.0975
prod_20001958,20001958,1000138,Automotive,4.0,2,8,8,1,0.0277,0.0588,0.0029,8,7.1e-05,714,0.0141,0.006,NONE,False,False,0.0523,LOW_RISK,1,False,0.0975
prod_20002052,20002052,1000327,Automotive,4.86,7,17,17,1,0.0456,0.125,0.0014,15,0.00012,282,0.013,0.007,NONE,False,False,0.0713,LOW_RISK,1,False,0.0975
prod_20002992,20002992,1000309,Automotive,5.0,3,10,10,1,0.0402,0.1429,0.0026,10,8.2e-05,714,0.0141,0.006,NONE,False,False,0.0681,LOW_RISK,1,False,0.0975
prod_20003455,20003455,1000306,Automotive,3.8,5,20,20,1,0.0359,0.1,0.0013,18,0.000127,714,0.0141,0.006,NONE,False,False,0.0752,LOW_RISK,1,False,0.0976
prod_20003260,20003260,1000430,Computer & Office,3.6,5,16,16,1,0.0251,0.0909,0.0019,16,0.000106,714,0.0141,0.006,NONE,False,False,0.06,LOW_RISK,1,False,0.0976
prod_20001468,20001468,1000246,Home & Garden,4.2,5,19,20,2,0.0328,0.125,0.0025,18,0.000128,714,0.0141,0.006,NONE,False,False,0.075,LOW_RISK,1,False,0.0976
prod_20001798,20001798,1000033,Computer & Office,4.22,9,25,26,2,0.0424,0.1111,0.0013,19,0.000174,714,0.0141,0.006,UNCERTIFIED_MED,False,True,0.2152,MODERATE_RISK,1,False,0.0977
prod_20002531,20002531,1000144,Tools & Home Improvement,4.5,2,7,7,1,0.0269,0.0909,0.0032,7,6.7e-05,282,0.013,0.007,NONE,False,False,0.0358,LOW_RISK,1,False,0.0977
prod_20003741,20003741,1000081,Tools & Home Improvement,4.6,5,14,14,1,0.05,0.2,0.0014,12,0.00011,714,0.0141,0.006,NONE,False,False,0.0674,LOW_RISK,1,False,0.0977
prod_20002159,20002159,1000155,Computer & Office,4.8,5,13,13,1,0.0388,0.125,0.0015,12,0.000107,282,0.013,0.007,CHOKE_CHILD,True,True,0.2549,MODERATE_RISK,1,False,0.0977
prod_20003393,20003393,1000380,Tools & Home Improvement,4.57,7,23,24,2,0.0397,0.125,0.0015,19,0.000152,282,0.013,0.007,NONE,False,False,0.0786,LOW_RISK,1,False,0.0977
prod_20003270,20003270,1000407,Phones & Telecommunications,4.6,5,15,15,1,0.0536,0.2,0.0013,13,0.000115,714,0.0141,0.006,NONE,False,False,0.062,LOW_RISK,1,False,0.0977
prod_20000828,20000828,1000244,Consumer Electronics,4.0,6,17,17,1,0.0458,0.1667,0.0022,15,0.000145,714,0.0141,0.006,NONE,False,False,0.0557,LOW_RISK,1,False,0.0977
prod_20004008,20004008,1000213,Sports & Entertainment,4.0,5,11,11,1,0.0405,0.125,0.0017,10,8.8e-05,501,0.0146,0.015,NONE,False,False,0.0565,LOW_RISK,1,False,0.0977
prod_20004545,20004545,1000188,Tools & Home Improvement,3.67,3,7,7,1,0.0441,0.125,0.0026,7,6.8e-05,282,0.013,0.007,NONE,False,False,0.0538,LOW_RISK,1,False,0.0977
prod_20001778,20001778,1000212,Sports & Entertainment,4.0,2,11,11,1,0.0614,0.25,0.002,11,8.9e-05,282,0.013,0.007,NONE,False,False,0.067,LOW_RISK,1,False,0.0977
prod_20001747,20001747,1000451,Automotive,4.5,2,10,10,1,0.0259,0.0769,0.0029,10,7.9e-05,282,0.013,0.007,NONE,False,False,0.0671,LOW_RISK,1,False,0.0978
prod_20002749,20002749,1000073,Computer & Office,4.25,4,9,9,1,0.0314,0.0909,0.0016,9,7.5e-05,501,0.0146,0.015,CHEM_TOXIC,True,True,0.2511,MODERATE_RISK,1,False,0.0978
prod_20001586,20001586,1000492,Jewelry & Accessories,4.1,10,32,34,2,0.0328,0.0909,0.0016,23,0.000201,714,0.0141,0.006,NONE,False,False,0.0891,LOW_RISK,1,False,0.0978
prod_20004495,20004495,1000262,Home & Garden,4.78,9,19,19,1,0.0321,0.0769,0.0017,18,0.000123,714,0.0141,0.006,NONE,False,False,0.0738,LOW_RISK,1,False,0.0978
prod_20003479,20003479,1000150,Tools & Home Improvement,4.2,5,17,18,2,0.0289,0.1,0.0026,17,0.000115,714,0.0141,0.006,NONE,False,False,0.0737,LOW_RISK,1,False,0.0978
prod_20001937,20001937,1000228,Tools & Home Improvement,4.38,8,29,31,2,0.0359,0.1111,0.0016,22,0.000184,714,0.0141,0.006,NONE,False,False,0.0915,LOW_RISK,1,False,0.0978
prod_20002608,20002608,1000357,Sports & Entertainment,4.57,7,24,24,1,0.0381,0.1111,0.0012,20,0.000147,282,0.013,0.007,NONE,False,False,0.0731,LOW_RISK,1,False,0.0979
prod_20001554,20001554,1000427,Computer & Office,3.5,4,10,10,1,0.0341,0.0833,0.0023,10,8.1e-05,282,0.013,0.007,NONE,False,False,0.0528,LOW_RISK,1,False,0.0979
prod_20002199,20002199,1000366,Sports & Entertainment,4.25,4,17,17,1,0.0378,0.1667,0.002,16,0.000114,282,0.013,0.007,NONE,False,False,0.0571,LOW_RISK,1,False,0.0979
prod_20001183,20001183,1000349,Tools & Home Improvement,3.8,5,16,16,1,0.0489,0.1667,0.0018,14,0.000114,714,0.0141,0.006,NONE,False,False,0.0688,LOW_RISK,1,False,0.0979
prod_20001114,20001114,1000130,Home & Garden,4.5,4,14,14,1,0.0198,0.0769,0.0023,14,9.6e-05,714,0.0141,0.006,NONE,False,False,0.0428,LOW_RISK,1,False,0.098
prod_20002492,20002492,1000271,Sports & Entertainment,4.2,5,14,14,1,0.0547,0.2,0.0019,11,0.00011,282,0.013,0.007,NONE,False,False,0.0767,LOW_RISK,1,False,0.098
prod_20001242,20001242,1000402,Home & Garden,4.25,4,13,13,1,0.036,0.1111,0.0016,13,9.5e-05,501,0.0146,0.015,NONE,False,False,0.0637,LOW_RISK,1,False,0.098
prod_20002072,20002072,1000053,Consumer Electronics,4.5,2,7,7,1,0.0331,0.0833,0.0032,7,6.7e-05,282,0.013,0.007,NONE,False,False,0.0987,LOW_RISK,1,False,0.0981
prod_20004772,20004772,1000156,Tools & Home Improvement,4.5,2,5,5,1,0.0314,0.0556,0.0012,5,5.9e-05,714,0.0141,0.006,NONE,False,False,0.0369,LOW_RISK,1,False,0.0981
prod_20000880,20000880,1000421,Jewelry & Accessories,4.0,1,6,6,1,0.0633,0.1429,0.0032,6,6.4e-05,714,0.0141,0.006,NONE,False,False,0.0515,LOW_RISK,1,False,0.0981
prod_20003918,20003918,1000138,Consumer Electronics,4.67,3,13,13,1,0.06,0.1667,0.0016,13,9.8e-05,282,0.013,0.007,NONE,False,False,0.0552,LOW_RISK,1,False,0.0981
prod_20003330,20003330,1000292,Automotive,4.36,11,30,32,2,0.0342,0.0909,0.0011,21,0.000195,714,0.0141,0.006,NONE,False,False,0.0885,LOW_RISK,1,False,0.0981
prod_20000820,20000820,1000357,Tools & Home Improvement,4.33,3,8,8,1,0.0288,0.0909,0.0009,8,7.1e-05,282,0.013,0.007,NONE,False,False,0.0588,LOW_RISK,1,False,0.0981
prod_20001619,20001619,1000381,Consumer Electronics,4.75,4,9,9,1,0.0343,0.125,0.0033,9,7.7e-05,714,0.0141,0.006,NONE,False,False,0.0576,LOW_RISK,1,False,0.0981
prod_20002008,20002008,1000331,Home & Garden,4.29,7,22,22,1,0.0389,0.1429,0.0017,19,0.000157,714,0.0141,0.006,NONE,False,False,0.0788,LOW_RISK,1,False,0.0982
prod_20002630,20002630,1000316,Home & Garden,4.75,4,13,13,1,0.0398,0.125,0.0025,13,9.5e-05,282,0.013,0.007,NONE,False,False,0.181,MODERATE_RISK,1,False,0.0982
prod_20003756,20003756,1000072,Automotive,3.67,3,11,11,1,0.0579,0.1667,0.0013,10,9e-05,282,0.013,0.007,NONE,False,False,0.169,MODERATE_RISK,1,False,0.0982
prod_20001115,20001115,1000061,Sports & Entertainment,4.33,6,17,17,1,0.0364,0.0769,0.0008,17,0.000113,714,0.0141,0.006,NONE,False,False,0.0726,LOW_RISK,1,False,0.0983
prod_20004605,20004605,1000315,Home & Garden,4.0,1,4,4,1,0.0508,0.125,0.0032,4,5.4e-05,714,0.0141,0.006,NONE,False,False,0.049,LOW_RISK,1,False,0.0983
prod_20003380,20003380,1000043,Computer & Office,4.67,3,6,6,1,0.0342,0.0769,0.0029,6,6.3e-05,282,0.013,0.007,NONE,False,False,0.0552,LOW_RISK,1,False,0.0983
prod_20004272,20004272,1000232,Phones & Telecommunications,4.33,3,4,4,1,0.029,0.0588,0.0019,4,5.3e-05,282,0.013,0.007,NONE,False,False,0.0526,LOW_RISK,1,False,0.0984
prod_20002502,20002502,1000096,Computer & Office,4.0,3,8,8,1,0.0199,0.0385,0.0014,8,7.1e-05,714,0.0141,0.006,NONE,False,False,0.0718,LOW_RISK,1,False,0.0984
prod_20004090,20004090,1000311,Sports & Entertainment,4.67,3,14,14,1,0.0392,0.2,0.0025,13,0.000102,714,0.0141,0.006,NONE,False,False,0.0652,LOW_RISK,1,False,0.0984
prod_20004213,20004213,1000209,Sports & Entertainment,4.0,4,15,15,1,0.0386,0.1667,0.0028,14,0.000106,714,0.0141,0.006,NONE,False,False,0.1241,LOW_RISK,1,False,0.0985
prod_20001224,20001224,1000094,Home & Garden,5.0,2,10,10,1,0.0449,0.1429,0.0022,10,8.2e-05,282,0.013,0.007,NONE,False,False,0.0948,LOW_RISK,1,False,0.0985
prod_20000778,20000778,1000046,Home & Garden,4.0,2,8,8,1,0.0226,0.0909,0.0033,8,7e-05,714,0.0141,0.006,NONE,False,False,0.0508,LOW_RISK,1,False,0.0985
prod_20003183,20003183,1000231,Jewelry & Accessories,4.0,4,14,14,1,0.0461,0.1667,0.0026,13,0.000103,714,0.0141,0.006,NONE,False,False,0.0686,LOW_RISK,1,False,0.0985
prod_20003565,20003565,1000375,Consumer Electronics,4.33,3,16,16,1,0.044,0.125,0.0017,16,0.000109,501,0.0146,0.015,NONE,False,False,0.0705,LOW_RISK,1,False,0.0985
prod_20002483,20002483,1000465,Tools & Home Improvement,4.6,5,14,14,1,0.0455,0.2,0.0018,13,0.00011,282,0.013,0.007,NONE,False,False,0.0621,LOW_RISK,1,False,0.0986
prod_20004929,20004929,1000292,Jewelry & Accessories,4.0,2,10,10,1,0.0451,0.2,0.0033,10,8.1e-05,714,0.0141,0.006,NONE,False,False,0.0632,LOW_RISK,1,False,0.0986
prod_20003346,20003346,1000325,Phones & Telecommunications,4.4,5,22,22,1,0.0315,0.1,0.0021,21,0.000134,282,0.013,0.007,NONE,False,False,0.0695,LOW_RISK,1,False,0.0986
prod_20002952,20002952,1000116,Home & Garden,4.71,7,21,21,1,0.0378,0.125,0.0015,18,0.000135,714,0.0141,0.006,NONE,False,False,0.064,LOW_RISK,1,False,0.0986
prod_20003258,20003258,1000402,Computer & Office,4.0,3,14,14,1,0.0651,0.2,0.0017,12,0.000108,714,0.0141,0.006,NONE,False,False,0.0605,LOW_RISK,1,False,0.0986
prod_20001884,20001884,1000367,Tools & Home Improvement,4.5,6,19,19,1,0.0468,0.1111,0.0013,17,0.000127,282,0.013,0.007,NONE,False,False,0.0636,LOW_RISK,1,False,0.0986
prod_20004966,20004966,1000284,Automotive,4.5,2,8,8,1,0.0246,0.0625,0.003,8,7e-05,714,0.0141,0.006,NONE,False,False,0.0623,LOW_RISK,1,False,0.0987
prod_20003053,20003053,1000054,Tools & Home Improvement,4.0,2,4,4,1,0.0323,0.0667,0.003,4,5.4e-05,714,0.0141,0.006,NONE,False,False,0.0584,LOW_RISK,1,False,0.0987
prod_20003162,20003162,1000085,Phones & Telecommunications,4.25,8,21,23,2,0.0438,0.1111,0.0014,17,0.000158,714,0.0141,0.006,ELEC_SHOCK,False,True,0.0799,LOW_RISK,1,False,0.0987
prod_20004504,20004504,1000215,Jewelry & Accessories,4.67,6,24,25,2,0.0368,0.1111,0.0018,20,0.000149,714,0.0141,0.006,NONE,False,False,0.086,LOW_RISK,1,False,0.0987
prod_20002383,20002383,1000479,Sports & Entertainment,4.33,3,4,4,1,0.0692,0.2,0.002,4,5.8e-05,714,0.0141,0.006,NONE,False,False,0.056,LOW_RISK,1,False,0.0987
prod_20003649,20003649,1000436,Phones & Telecommunications,4.67,3,9,9,1,0.0603,0.2,0.0013,9,7.9e-05,714,0.0141,0.006,NONE,False,False,0.0625,LOW_RISK,1,False,0.0987
prod_20000899,20000899,1000462,Consumer Electronics,4.0,4,16,17,2,0.038,0.125,0.0022,15,0.000114,282,0.013,0.007,NONE,False,False,0.0636,LOW_RISK,1,False,0.0988
prod_20002469,20002469,1000066,Sports & Entertainment,4.29,14,29,34,2,0.0289,0.0833,0.0014,24,0.0002,714,0.0141,0.006,NONE,False,False,0.0706,LOW_RISK,1,False,0.0988
prod_20002520,20002520,1000048,Tools & Home Improvement,4.0,5,15,16,2,0.0418,0.125,0.0018,13,0.000111,282,0.013,0.007,NONE,False,False,0.0627,LOW_RISK,1,False,0.0988
prod_20002752,20002752,1000086,Consumer Electronics,4.5,2,10,10,1,0.0484,0.25,0.0025,9,8.4e-05,714,0.0141,0.006,NONE,False,False,0.0594,LOW_RISK,1,False,0.0988
prod_20003997,20003997,1000419,Home & Garden,4.0,6,16,16,1,0.0544,0.1429,0.0014,12,0.000126,282,0.013,0.007,NONE,False,False,0.0699,LOW_RISK,1,False,0.0989
prod_20001492,20001492,1000025,Consumer Electronics,4.57,7,22,22,1,0.0419,0.125,0.0012,19,0.000157,714,0.0141,0.006,CHOKE_CHILD,True,True,0.2476,MODERATE_RISK,1,False,0.0989
prod_20003865,20003865,1000157,Phones & Telecommunications,4.5,2,7,7,1,0.0399,0.125,0.0034,7,6.9e-05,714,0.0141,0.006,NONE,False,False,0.0664,LOW_RISK,1,False,0.0989
prod_20003205,20003205,1000368,Automotive,4.6,5,17,17,1,0.0344,0.1429,0.0024,16,0.000116,714,0.0141,0.006,NONE,False,False,0.0636,LOW_RISK,1,False,0.0989
prod_20002142,20002142,1000484,Phones & Telecommunications,4.86,7,16,17,2,0.0337,0.0909,0.002,16,0.000115,714,0.0141,0.006,NONE,False,False,0.0672,LOW_RISK,1,False,0.0989
prod_20004622,20004622,1000199,Jewelry & Accessories,4.29,7,15,16,2,0.0287,0.1429,0.0021,13,0.000117,714,0.0141,0.006,UNCERTIFIED_MED,True,True,0.2361,MODERATE_RISK,1,False,0.0989
prod_20002998,20002998,1000236,Consumer Electronics,4.17,6,18,18,1,0.0392,0.1667,0.0016,16,0.000128,282,0.013,0.007,NONE,False,False,0.0712,LOW_RISK,1,False,0.0989
prod_20002062,20002062,1000185,Home & Garden,4.1,10,20,22,2,0.0255,0.0909,0.0022,17,0.000139,714,0.0141,0.006,CHOKE_CHILD,True,True,0.2405,MODERATE_RISK,1,False,0.0989
prod_20002132,20002132,1000058,Jewelry & Accessories,5.0,4,8,8,1,0.0331,0.1667,0.0018,8,7.3e-05,714,0.0141,0.006,NONE,False,False,0.0642,LOW_RISK,1,False,0.099
prod_20003316,20003316,1000420,Computer & Office,4.5,4,15,17,2,0.0563,0.1429,0.0018,15,0.000114,714,0.0141,0.006,NONE,False,False,0.0752,LOW_RISK,1,False,0.099
prod_20003446,20003446,1000038,Tools & Home Improvement,3.6,5,13,13,1,0.044,0.1429,0.002,11,9.9e-05,714,0.0141,0.006,NONE,False,False,0.0773,LOW_RISK,1,False,0.099
prod_20004397,20004397,1000239,Computer & Office,4.67,6,15,15,1,0.0444,0.1111,0.001,13,0.000109,714,0.0141,0.006,NONE,False,False,0.0565,LOW_RISK,1,False,0.099
prod_20001027,20001027,1000319,Consumer Electronics,4.2,5,15,15,1,0.0286,0.0769,0.0027,15,0.000103,282,0.013,0.007,NONE,False,False,0.0579,LOW_RISK,1,False,0.0991
prod_20000964,20000964,1000339,Tools & Home Improvement,4.4,5,5,5,1,0.0409,0.0909,0.001,5,5.8e-05,714,0.0141,0.006,NONE,False,False,0.0397,LOW_RISK,1,False,0.0991
prod_20003568,20003568,1000297,Phones & Telecommunications,5.0,3,11,11,1,0.0414,0.1667,0.0018,11,8.5e-05,282,0.013,0.007,NONE,False,False,0.054,LOW_RISK,1,False,0.0991
prod_20004427,20004427,1000403,Automotive,4.27,11,30,30,1,0.0312,0.0833,0.0015,21,0.000186,714,0.0141,0.006,NONE,False,False,0.1432,LOW_RISK,1,False,0.0992
prod_20003615,20003615,1000413,Computer & Office,4.5,6,20,21,2,0.0402,0.1,0.002,18,0.000134,714,0.0141,0.006,NONE,False,False,0.0797,LOW_RISK,1,False,0.0993
prod_20004335,20004335,1000335,Sports & Entertainment,5.0,3,7,7,1,0.0276,0.1,0.0021,7,6.6e-05,714,0.0141,0.006,NONE,False,False,0.0636,LOW_RISK,1,False,0.0993
prod_20000819,20000819,1000121,Tools & Home Improvement,4.25,4,14,15,2,0.044,0.1667,0.0021,13,0.000107,714,0.0141,0.006,NONE,False,False,0.0564,LOW_RISK,1,False,0.0993
prod_20003625,20003625,1000438,Sports & Entertainment,4.33,3,12,12,1,0.0553,0.1667,0.0027,12,9e-05,714,0.0141,0.006,NONE,False,False,0.0637,LOW_RISK,1,False,0.0993
prod_20003752,20003752,1000337,Consumer Electronics,4.67,3,10,10,1,0.0602,0.25,0.0017,9,8.6e-05,714,0.0141,0.006,NONE,False,False,0.0539,LOW_RISK,1,False,0.0993
prod_20002950,20002950,1000387,Consumer Electronics,4.33,9,26,27,2,0.0391,0.1111,0.0014,20,0.00018,282,0.013,0.007,NONE,False,False,0.0759,LOW_RISK,1,False,0.0994
prod_20004415,20004415,1000039,Consumer Electronics,4.0,7,19,21,2,0.0445,0.1111,0.0016,16,0.000137,714,0.0141,0.006,NONE,False,False,0.0779,LOW_RISK,1,False,0.0994
prod_20001266,20001266,1000374,Jewelry & Accessories,4.5,2,12,12,1,0.0683,0.2,0.0022,12,9.1e-05,714,0.0141,0.006,CHOKE_CHILD,False,True,0.097,LOW_RISK,1,False,0.0994
prod_20002643,20002643,1000226,Jewelry & Accessories,4.6,5,19,20,2,0.0411,0.125,0.0016,17,0.000131,714,0.0141,0.006,NONE,False,False,0.0706,LOW_RISK,1,False,0.0994
prod_20002682,20002682,1000321,Tools & Home Improvement,4.1,10,26,27,2,0.0327,0.0909,0.0017,20,0.000169,282,0.013,0.007,NONE,False,False,0.0735,LOW_RISK,1,False,0.0994
prod_20001330,20001330,1000437,Sports & Entertainment,4.4,5,21,21,1,0.0345,0.125,0.002,19,0.000132,282,0.013,0.007,NONE,False,False,0.0619,LOW_RISK,1,False,0.0994
prod_20002506,20002506,1000059,Jewelry & Accessories,4.0,4,12,12,1,0.0501,0.2,0.002,11,9.3e-05,282,0.013,0.007,CHOKE_CHILD,False,True,0.0617,LOW_RISK,1,False,0.0995
prod_20002700,20002700,1000476,Jewelry & Accessories,4.0,3,7,7,1,0.0433,0.2,0.0029,7,6.8e-05,714,0.0141,0.006,NONE,False,False,0.0594,LOW_RISK,1,False,0.0995
prod_20003035,20003035,1000272,Home & Garden,4.5,4,6,6,1,0.0308,0.0556,0.0026,6,6.3e-05,714,0.0141,0.006,NONE,False,False,0.0394,LOW_RISK,1,False,0.0995
prod_20001901,20001901,1000369,Jewelry & Accessories,4.67,3,5,5,1,0.037,0.1,0.0033,5,5.8e-05,714,0.0141,0.006,NONE,False,False,0.0484,LOW_RISK,1,False,0.0995
prod_20001443,20001443,1000136,Sports & Entertainment,4.0,1,4,4,1,0.0301,0.0714,0.003,4,5.3e-05,714,0.0141,0.006,NONE,False,False,0.0591,LOW_RISK,1,False,0.0996
prod_20001465,20001465,1000305,Jewelry & Accessories,4.75,4,11,11,1,0.071,0.1667,0.0017,9,9.7e-05,714,0.0141,0.006,NONE,False,False,0.0585,LOW_RISK,1,False,0.0996
prod_20003153,20003153,1000090,Tools & Home Improvement,4.5,6,21,21,1,0.0421,0.0909,0.0013,18,0.000134,282,0.013,0.007,NONE,False,False,0.0708,LOW_RISK,1,False,0.0996
prod_20002590,20002590,1000242,Sports & Entertainment,4.0,8,21,23,2,0.0339,0.1111,0.0022,19,0.000153,714,0.0141,0.006,NONE,False,False,0.0684,LOW_RISK,1,False,0.0997
prod_20001550,20001550,1000268,Jewelry & Accessories,4.38,8,26,27,2,0.0336,0.1,0.0018,21,0.000162,714,0.0141,0.006,NONE,False,False,0.0691,LOW_RISK,1,False,0.0997
prod_20000879,20000879,1000218,Phones & Telecommunications,4.0,4,17,17,1,0.0417,0.1667,0.0016,16,0.000113,714,0.0141,0.006,NONE,False,False,0.0632,LOW_RISK,1,False,0.0997
prod_20001118,20001118,1000023,Phones & Telecommunications,4.33,6,12,12,1,0.05,0.125,0.0015,11,9.3e-05,282,0.013,0.007,NONE,False,False,0.0617,LOW_RISK,1,False,0.0997
prod_20003454,20003454,1000268,Consumer Electronics,4.75,4,14,14,1,0.0583,0.2,0.0018,12,0.000105,714,0.0141,0.006,NONE,False,False,0.0593,LOW_RISK,1,False,0.0997
prod_20003375,20003375,1000235,Tools & Home Improvement,4.0,2,9,9,1,0.0434,0.2,0.003,9,7.7e-05,714,0.0141,0.006,NONE,False,False,0.1027,LOW_RISK,1,False,0.0997
prod_20004710,20004710,1000150,Computer & Office,4.4,5,19,20,2,0.0369,0.1429,0.0022,16,0.000129,714,0.0141,0.006,NONE,False,False,0.0876,LOW_RISK,1,False,0.0997
prod_20004877,20004877,1000184,Automotive,4.5,2,5,5,1,0.032,0.0526,0.0012,5,5.7e-05,714,0.0141,0.006,NONE,False,False,0.0584,LOW_RISK,1,False,0.0997
prod_20003929,20003929,1000301,Sports & Entertainment,4.6,5,12,12,1,0.0405,0.1667,0.0024,11,9.4e-05,714,0.0141,0.006,NONE,False,False,0.043,LOW_RISK,1,False,0.0998
prod_20004637,20004637,1000498,Automotive,4.5,4,14,14,1,0.0655,0.2,0.0016,12,0.000109,714,0.0141,0.006,NONE,False,False,0.0595,LOW_RISK,1,False,0.0998
prod_20002925,20002925,1000111,Automotive,4.57,7,14,15,2,0.0366,0.1111,0.0024,13,0.000107,714,0.0141,0.006,NONE,False,False,0.0716,LOW_RISK,1,False,0.0999
prod_20004740,20004740,1000353,Jewelry & Accessories,4.14,7,22,24,2,0.0321,0.1111,0.0023,20,0.000144,714,0.0141,0.006,NONE,False,False,0.0763,LOW_RISK,1,False,0.0999
prod_20003914,20003914,1000186,Jewelry & Accessories,4.33,3,8,8,1,0.0485,0.1667,0.0022,8,7.3e-05,282,0.013,0.007,NONE,False,False,0.057,LOW_RISK,1,False,0.0999
prod_20002283,20002283,1000435,Jewelry & Accessories,4.33,6,21,21,1,0.0371,0.1429,0.0017,19,0.000133,714,0.0141,0.006,NONE,False,False,0.0684,LOW_RISK,1,False,0.1
prod_20002564,20002564,1000008,Phones & Telecommunications,4.0,1,5,5,1,0.0379,0.0909,0.0032,5,5.8e-05,714,0.0141,0.006,NONE,False,False,0.0433,LOW_RISK,1,False,0.1
prod_20003776,20003776,1000167,Computer & Office,5.0,2,6,6,1,0.0356,0.1,0.0022,6,6.3e-05,714,0.0141,0.006,NONE,False,False,0.0526,LOW_RISK,1,False,0.1
prod_20001233,20001233,1000182,Computer & Office,4.29,7,19,21,2,0.0326,0.1111,0.0025,17,0.000131,714,0.0141,0.006,CHEM_TOXIC,False,True,0.1575,MODERATE_RISK,1,False,0.1
prod_20000953,20000953,1000209,Consumer Electronics,4.0,6,17,17,1,0.0344,0.1667,0.0021,15,0.000121,714,0.0141,0.006,CHEM_TOXIC,False,True,0.1255,LOW_RISK,1,False,0.1
prod_20003670,20003670,1000325,Computer & Office,4.17,6,18,19,2,0.0319,0.1111,0.0023,17,0.000121,282,0.013,0.007,NONE,False,False,0.059,LOW_RISK,1,False,0.1
prod_20000994,20000994,1000445,Computer & Office,4.0,2,10,10,1,0.0562,0.1667,0.0027,10,8.3e-05,282,0.013,0.007,NONE,False,False,0.1077,LOW_RISK,1,False,0.1001
prod_20002708,20002708,1000436,Sports & Entertainment,4.0,1,5,5,1,0.0338,0.1,0.0032,5,5.7e-05,282,0.013,0.007,NONE,False,False,0.0527,LOW_RISK,1,False,0.1001
prod_20002573,20002573,1000309,Automotive,4.5,4,12,12,1,0.0623,0.1667,0.0014,11,9.6e-05,714,0.0141,0.006,NONE,False,False,0.074,LOW_RISK,1,False,0.1001
prod_20003619,20003619,1000237,Phones & Telecommunications,4.33,3,10,10,1,0.0281,0.0588,0.0014,10,8e-05,282,0.013,0.007,NONE,False,False,0.0534,LOW_RISK,1,False,0.1001
prod_20003167,20003167,1000031,Automotive,4.8,5,14,14,1,0.0505,0.1429,0.0017,12,0.000104,714,0.0141,0.006,NONE,False,False,0.068,LOW_RISK,1,False,0.1001
prod_20003864,20003864,1000216,Computer & Office,4.67,3,12,12,1,0.0523,0.1667,0.0018,12,9.1e-05,282,0.013,0.007,NONE,False,False,0.0601,LOW_RISK,1,False,0.1001
prod_20004229,20004229,1000471,Tools & Home Improvement,4.0,1,4,4,1,0.0356,0.0714,0.003,4,5.3e-05,714,0.0141,0.006,NONE,False,False,0.1098,LOW_RISK,1,False,0.1001
prod_20001327,20001327,1000105,Tools & Home Improvement,4.14,7,24,26,2,0.0322,0.1,0.0022,20,0.000156,714,0.0141,0.006,NONE,False,False,0.0849,LOW_RISK,1,False,0.1001
prod_20001189,20001189,1000098,Tools & Home Improvement,4.0,2,11,11,1,0.0263,0.1,0.003,11,8.5e-05,714,0.0141,0.006,NONE,False,False,0.0619,LOW_RISK,1,False,0.1001
prod_20004122,20004122,1000190,Computer & Office,4.25,4,15,15,1,0.0436,0.1429,0.0016,14,0.000105,501,0.0146,0.015,CHOKE_CHILD,False,True,0.0654,LOW_RISK,1,False,0.1001
prod_20001085,20001085,1000329,Computer & Office,3.67,3,9,9,1,0.0353,0.1667,0.0019,9,7.7e-05,714,0.0141,0.006,ELEC_SHOCK,True,True,0.2509,MODERATE_RISK,1,False,0.1002
prod_20004452,20004452,1000042,Sports & Entertainment,4.0,3,14,14,1,0.0441,0.2,0.0014,13,0.000101,714,0.0141,0.006,CHOKE_CHILD,True,True,0.2394,MODERATE_RISK,1,False,0.1002
prod_20001120,20001120,1000002,Consumer Electronics,4.33,3,10,10,1,0.0684,0.2,0.0012,10,8.8e-05,714,0.0141,0.006,CHEM_TOXIC,False,True,0.1254,LOW_RISK,1,False,0.1002
prod_20003288,20003288,1000284,Jewelry & Accessories,4.5,4,16,18,2,0.0385,0.1429,0.0022,15,0.000116,282,0.013,0.007,NONE,False,False,0.0759,LOW_RISK,1,False,0.1002
prod_20003128,20003128,1000352,Tools & Home Improvement,4.5,8,23,23,1,0.0386,0.125,0.0013,20,0.000147,714,0.0141,0.006,NONE,False,False,0.0716,LOW_RISK,1,False,0.1003
prod_20002518,20002518,1000471,Phones & Telecommunications,4.33,3,7,7,1,0.0636,0.25,0.0016,7,7.1e-05,714,0.0141,0.006,NONE,False,False,0.1138,LOW_RISK,1,False,0.1003
prod_20002404,20002404,1000308,Automotive,4.0,3,6,6,1,0.046,0.1429,0.0026,6,6.3e-05,282,0.013,0.007,NONE,False,False,0.0479,LOW_RISK,1,False,0.1003
prod_20003266,20003266,1000017,Phones & Telecommunications,4.57,7,24,24,1,0.0353,0.1111,0.0018,20,0.00015,714,0.0141,0.006,NONE,False,False,0.0722,LOW_RISK,1,False,0.1004
prod_20004652,20004652,1000422,Jewelry & Accessories,4.5,2,7,7,1,0.0424,0.1667,0.002,7,6.6e-05,501,0.0146,0.015,NONE,False,False,0.0378,LOW_RISK,1,False,0.1004
prod_20003339,20003339,1000470,Tools & Home Improvement,4.75,4,9,9,1,0.0306,0.1429,0.0018,9,7.7e-05,282,0.013,0.007,NONE,False,False,0.0499,LOW_RISK,1,False,0.1004
prod_20003886,20003886,1000136,Home & Garden,4.38,8,18,20,2,0.0311,0.0909,0.0024,16,0.000127,714,0.0141,0.006,NONE,False,False,0.0703,LOW_RISK,1,False,0.1004
prod_20003610,20003610,1000256,Home & Garden,4.5,2,7,7,1,0.0396,0.0769,0.0027,7,6.8e-05,282,0.013,0.007,NONE,False,False,0.055,LOW_RISK,1,False,0.1004
prod_20004501,20004501,1000193,Consumer Electronics,4.5,4,10,10,1,0.0586,0.25,0.0022,9,8.8e-05,714,0.0141,0.006,UNCERTIFIED_MED,False,True,0.1141,LOW_RISK,1,False,0.1005
prod_20002991,20002991,1000221,Jewelry & Accessories,4.33,3,9,9,1,0.0285,0.1429,0.003,9,7.6e-05,714,0.0141,0.006,CHOKE_CHILD,False,True,0.0448,LOW_RISK,1,False,0.1005
prod_20004325,20004325,1000117,Automotive,4.0,4,17,17,1,0.055,0.1429,0.0019,15,0.00012,714,0.0141,0.006,NONE,False,False,0.0575,LOW_RISK,1,False,0.1005
prod_20004949,20004949,1000099,Computer & Office,3.75,4,11,11,1,0.0499,0.1429,0.0015,10,8.9e-05,282,0.013,0.007,NONE,False,False,0.0529,LOW_RISK,1,False,0.1005
prod_20001802,20001802,1000304,Phones & Telecommunications,4.0,3,7,7,1,0.0485,0.1667,0.0018,7,7.2e-05,282,0.013,0.007,NONE,False,False,0.0475,LOW_RISK,1,False,0.1006
prod_20001304,20001304,1000337,Automotive,4.0,2,6,6,1,0.0474,0.1667,0.0025,6,6.4e-05,714,0.0141,0.006,NONE,False,False,0.0496,LOW_RISK,1,False,0.1006
prod_20003504,20003504,1000010,Phones & Telecommunications,4.5,6,25,25,1,0.0354,0.1,0.0017,21,0.00015,714,0.0141,0.006,NONE,False,False,0.0784,LOW_RISK,1,False,0.1007
prod_20002030,20002030,1000088,Consumer Electronics,4.33,3,7,7,1,0.0586,0.1667,0.0028,7,7e-05,714,0.0141,0.006,NONE,False,False,0.0416,LOW_RISK,1,False,0.1007
prod_20003121,20003121,1000250,Automotive,4.0,1,7,7,1,0.0269,0.0909,0.0033,7,6.7e-05,714,0.0141,0.006,NONE,False,False,0.0507,LOW_RISK,1,False,0.1008
prod_20003736,20003736,1000264,Computer & Office,4.0,1,7,7,1,0.0427,0.0909,0.0033,7,6.7e-05,714,0.0141,0.006,NONE,False,False,0.0474,LOW_RISK,1,False,0.1008
prod_20000824,20000824,1000277,Automotive,4.2,5,12,12,1,0.0373,0.0833,0.0011,12,9.1e-05,714,0.0141,0.006,NONE,False,False,0.0593,LOW_RISK,1,False,0.1008
prod_20003303,20003303,1000018,Home & Garden,4.56,9,19,19,1,0.0301,0.0833,0.0018,16,0.000128,714,0.0141,0.006,NONE,False,False,0.1129,LOW_RISK,1,False,0.1008
prod_20002540,20002540,1000376,Automotive,4.0,2,5,5,1,0.0478,0.125,0.0025,5,5.9e-05,714,0.0141,0.006,NONE,False,False,0.0517,LOW_RISK,1,False,0.1008
prod_20001496,20001496,1000046,Computer & Office,4.0,8,20,21,2,0.0341,0.1111,0.0017,18,0.000137,282,0.013,0.007,NONE,False,False,0.064,LOW_RISK,1,False,0.1009
prod_20001766,20001766,1000029,Phones & Telecommunications,4.5,2,9,9,1,0.0564,0.2,0.0017,9,7.9e-05,282,0.013,0.007,NONE,False,False,0.0545,LOW_RISK,1,False,0.1009
prod_20002954,20002954,1000119,Jewelry & Accessories,3.75,4,8,8,1,0.0573,0.1429,0.0014,8,7.5e-05,714,0.0141,0.006,NONE,False,False,0.0454,LOW_RISK,1,False,0.1009
prod_20004683,20004683,1000400,Sports & Entertainment,4.5,4,12,12,1,0.0479,0.1429,0.0023,11,9.4e-05,282,0.013,0.007,NONE,False,False,0.0577,LOW_RISK,1,False,0.1009
prod_20004711,20004711,1000412,Computer & Office,4.5,8,20,20,1,0.0408,0.1111,0.0012,18,0.000136,282,0.013,0.007,NONE,False,False,0.0684,LOW_RISK,1,False,0.1009
prod_20003466,20003466,1000233,Automotive,4.5,2,4,4,1,0.0405,0.0833,0.0027,4,5.4e-05,282,0.013,0.007,NONE,False,False,0.0407,LOW_RISK,1,False,0.1009
prod_20004129,20004129,1000196,Jewelry & Accessories,3.67,3,7,7,1,0.0526,0.125,0.0016,7,6.9e-05,714,0.0141,0.006,NONE,False,False,0.0536,LOW_RISK,1,False,0.1009
prod_20002985,20002985,1000440,Sports & Entertainment,4.8,5,11,11,1,0.0465,0.1429,0.0021,11,8.9e-05,282,0.013,0.007,CHOKE_CHILD,False,True,0.0554,LOW_RISK,1,False,0.101
prod_20004628,20004628,1000199,Automotive,4.67,3,7,7,1,0.0417,0.1429,0.0032,7,6.7e-05,714,0.0141,0.006,NONE,False,False,0.0892,LOW_RISK,1,False,0.101
prod_20000760,20000760,1000048,Computer & Office,4.75,4,10,10,1,0.0432,0.1667,0.003,10,8.2e-05,714,0.0141,0.006,NONE,False,False,0.0608,LOW_RISK,1,False,0.101
prod_20002566,20002566,1000402,Computer & Office,4.5,4,10,10,1,0.0374,0.1,0.0021,10,8.2e-05,501,0.0146,0.015,NONE,False,False,0.0552,LOW_RISK,1,False,0.101
prod_20002534,20002534,1000204,Automotive,4.0,2,8,8,1,0.0625,0.2,0.0022,8,7.5e-05,714,0.0141,0.006,ELEC_SHOCK,True,True,0.2493,MODERATE_RISK,1,False,0.101
prod_20004686,20004686,1000246,Consumer Electronics,4.0,2,6,6,1,0.0443,0.1111,0.0031,6,6.4e-05,714,0.0141,0.006,NONE,False,False,0.0598,LOW_RISK,1,False,0.101
prod_20003921,20003921,1000015,Home & Garden,4.57,7,21,21,1,0.0381,0.125,0.0016,18,0.00014,714,0.0141,0.006,NONE,False,False,0.0742,LOW_RISK,1,False,0.1011
prod_20003055,20003055,1000334,Tools & Home Improvement,3.75,4,10,10,1,0.0453,0.1667,0.0018,10,8.3e-05,282,0.013,0.007,CHOKE_CHILD,False,True,0.1393,LOW_RISK,1,False,0.1011
prod_20003422,20003422,1000324,Home & Garden,4.0,7,23,24,2,0.0367,0.0833,0.0017,20,0.000147,714,0.0141,0.006,NONE,False,False,0.0859,LOW_RISK,1,False,0.1011
prod_20004202,20004202,1000123,Jewelry & Accessories,4.0,7,21,21,1,0.0282,0.1111,0.0018,19,0.000132,282,0.013,0.007,NONE,False,False,0.0705,LOW_RISK,1,False,0.1011
prod_20001551,20001551,1000078,Automotive,4.5,2,5,5,1,0.0549,0.1,0.0017,5,5.9e-05,714,0.0141,0.006,UNCERTIFIED_MED,False,True,0.1357,LOW_RISK,1,False,0.1012
prod_20002267,20002267,1000016,Consumer Electronics,4.33,3,14,14,1,0.0383,0.1429,0.0025,14,9.8e-05,282,0.013,0.007,NONE,False,False,0.057,LOW_RISK,1,False,0.1012
prod_20000770,20000770,1000054,Computer & Office,4.5,4,12,12,1,0.0294,0.1429,0.0022,11,9.1e-05,714,0.0141,0.006,NONE,False,False,0.0675,LOW_RISK,1,False,0.1013
prod_20001670,20001670,1000336,Computer & Office,4.0,6,14,14,1,0.0426,0.1667,0.0017,12,0.000108,282,0.013,0.007,UNCERTIFIED_MED,True,True,0.2533,MODERATE_RISK,1,False,0.1013
prod_20003553,20003553,1000295,Home & Garden,4.2,5,10,10,1,0.0387,0.1667,0.0016,9,0.000114,714,0.0141,0.006,NONE,False,False,0.0617,LOW_RISK,1,False,0.1013
prod_20002056,20002056,1000092,Jewelry & Accessories,4.5,2,5,5,1,0.0562,0.125,0.0021,5,6e-05,714,0.0141,0.006,NONE,False,False,0.047,LOW_RISK,1,False,0.1013
prod_20001017,20001017,1000372,Tools & Home Improvement,4.67,3,12,12,1,0.0277,0.0909,0.0016,12,8.8e-05,282,0.013,0.007,NONE,False,False,0.0598,LOW_RISK,1,False,0.1014
prod_20001792,20001792,1000458,Tools & Home Improvement,3.75,4,13,13,1,0.0424,0.1667,0.0016,12,9.6e-05,714,0.0141,0.006,NONE,False,False,0.0659,LOW_RISK,1,False,0.1014
prod_20003873,20003873,1000108,Computer & Office,4.5,4,14,14,1,0.0474,0.2,0.002,13,0.000102,714,0.0141,0.006,NONE,False,False,0.0677,LOW_RISK,1,False,0.1014
prod_20002627,20002627,1000346,Computer & Office,4.5,2,7,7,1,0.0409,0.125,0.0033,7,6.7e-05,714,0.0141,0.006,NONE,False,False,0.0429,LOW_RISK,1,False,0.1014
prod_20001721,20001721,1000211,Tools & Home Improvement,4.33,3,11,11,1,0.0582,0.2,0.0015,11,8.8e-05,282,0.013,0.007,UNCERTIFIED_MED,False,True,0.1437,LOW_RISK,1,False,0.1015
prod_20002530,20002530,1000441,Consumer Electronics,4.0,3,10,10,1,0.0608,0.2,0.0012,10,8.4e-05,714,0.0141,0.006,ELEC_SHOCK,True,True,0.2327,MODERATE_RISK,1,False,0.1015
prod_20002582,20002582,1000044,Computer & Office,4.4,5,13,13,1,0.0387,0.2,0.002,12,0.000103,282,0.013,0.007,NONE,False,False,0.0567,LOW_RISK,1,False,0.1015
prod_20001988,20001988,1000276,Sports & Entertainment,4.0,3,8,8,1,0.0521,0.2,0.0023,8,7.5e-05,714,0.0141,0.006,NONE,False,False,0.0618,LOW_RISK,1,False,0.1015
prod_20001393,20001393,1000003,Consumer Electronics,4.6,5,11,11,1,0.0291,0.125,0.0028,11,8.5e-05,714,0.0141,0.006,NONE,False,False,0.0555,LOW_RISK,1,False,0.1015
prod_20001800,20001800,1000192,Computer & Office,4.25,4,12,12,1,0.0495,0.2,0.0015,11,9.4e-05,714,0.0141,0.006,NONE,False,False,0.0672,LOW_RISK,1,False,0.1016
prod_20002144,20002144,1000041,Sports & Entertainment,4.4,5,13,13,1,0.0326,0.1429,0.002,12,9.5e-05,282,0.013,0.007,NONE,False,False,0.0601,LOW_RISK,1,False,0.1016
prod_20004281,20004281,1000416,Computer & Office,4.29,7,21,22,2,0.0284,0.1111,0.0017,19,0.000136,282,0.013,0.007,NONE,False,False,0.0798,LOW_RISK,1,False,0.1016
prod_20002711,20002711,1000078,Phones & Telecommunications,4.0,2,9,9,1,0.0466,0.2,0.002,9,7.7e-05,282,0.013,0.007,ELEC_SHOCK,False,True,0.1382,LOW_RISK,1,False,0.1017
prod_20002260,20002260,1000381,Phones & Telecommunications,3.67,3,10,10,1,0.051,0.1429,0.0018,10,8.4e-05,714,0.0141,0.006,NONE,False,False,0.0625,LOW_RISK,1,False,0.1017
prod_20001808,20001808,1000057,Tools & Home Improvement,4.5,6,22,23,2,0.033,0.1,0.0016,20,0.000144,282,0.013,0.007,NONE,False,False,0.0572,LOW_RISK,1,False,0.1018
prod_20002511,20002511,1000178,Phones & Telecommunications,3.67,3,10,10,1,0.0548,0.2,0.0017,10,8.4e-05,714,0.0141,0.006,NONE,False,False,0.0677,LOW_RISK,1,False,0.1018
prod_20002797,20002797,1000090,Consumer Electronics,4.5,4,15,16,2,0.0406,0.1429,0.0023,14,0.000108,714,0.0141,0.006,NONE,False,False,0.065,LOW_RISK,1,False,0.1018
prod_20003959,20003959,1000071,Home & Garden,4.33,6,14,15,2,0.0352,0.0769,0.0019,14,0.000105,714,0.0141,0.006,NONE,False,False,0.0703,LOW_RISK,1,False,0.1018
prod_20004786,20004786,1000217,Sports & Entertainment,4.0,5,13,13,1,0.0413,0.1667,0.0016,12,9.8e-05,282,0.013,0.007,NONE,False,False,0.0652,LOW_RISK,1,False,0.1018
prod_20000873,20000873,1000105,Home & Garden,4.25,8,16,16,1,0.026,0.0833,0.0025,16,0.000108,714,0.0141,0.006,NONE,False,False,0.0722,LOW_RISK,1,False,0.1018
prod_20003040,20003040,1000395,Sports & Entertainment,4.2,5,17,17,1,0.038,0.125,0.0024,16,0.000115,282,0.013,0.007,NONE,False,False,0.0637,LOW_RISK,1,False,0.1019
prod_20002204,20002204,1000454,Jewelry & Accessories,4.33,6,23,23,1,0.036,0.125,0.0017,20,0.000141,714,0.0141,0.006,NONE,False,False,0.065,LOW_RISK,1,False,0.102
prod_20000844,20000844,1000485,Sports & Entertainment,4.4,10,25,25,1,0.0297,0.0909,0.0017,20,0.000158,282,0.013,0.007,CHEM_TOXIC,False,True,0.1969,MODERATE_RISK,1,False,0.102
prod_20003871,20003871,1000135,Phones & Telecommunications,4.5,8,22,22,1,0.0386,0.1111,0.0013,18,0.000143,714,0.0141,0.006,NONE,False,False,0.0763,LOW_RISK,1,False,0.102
prod_20001524,20001524,1000394,Phones & Telecommunications,4.71,7,15,15,1,0.0365,0.1429,0.0025,13,0.000112,714,0.0141,0.006,UNCERTIFIED_MED,True,True,0.2558,MODERATE_RISK,1,False,0.1021
prod_20002953,20002953,1000383,Home & Garden,3.67,3,11,11,1,0.0567,0.1667,0.002,11,8.6e-05,714,0.0141,0.006,NONE,False,False,0.06,LOW_RISK,1,False,0.1021
prod_20004216,20004216,1000448,Jewelry & Accessories,4.67,3,10,10,1,0.0352,0.1667,0.0027,10,8.3e-05,714,0.0141,0.006,NONE,False,False,0.0518,LOW_RISK,1,False,0.1022
prod_20001636,20001636,1000350,Tools & Home Improvement,4.33,3,10,10,1,0.0468,0.1429,0.0026,10,8.1e-05,282,0.013,0.007,NONE,False,False,0.0481,LOW_RISK,1,False,0.1022
prod_20001955,20001955,1000349,Consumer Electronics,4.25,4,15,15,1,0.0411,0.1667,0.0026,14,0.000105,714,0.0141,0.006,NONE,False,False,0.0591,LOW_RISK,1,False,0.1022
prod_20001653,20001653,1000436,Tools & Home Improvement,4.0,4,6,6,1,0.0372,0.0909,0.0013,6,6.4e-05,282,0.013,0.007,NONE,False,False,0.0533,LOW_RISK,1,False,0.1022
prod_20004277,20004277,1000321,Consumer Electronics,4.5,2,4,4,1,0.0502,0.1429,0.0016,4,5.5e-05,714,0.0141,0.006,NONE,False,False,0.0429,LOW_RISK,1,False,0.1022
prod_20002005,20002005,1000028,Phones & Telecommunications,4.6,5,11,11,1,0.0356,0.1667,0.0018,10,9.2e-05,282,0.013,0.007,NONE,False,False,0.0553,LOW_RISK,1,False,0.1022
prod_20004950,20004950,1000113,Consumer Electronics,4.4,5,15,16,2,0.0414,0.1667,0.002,13,0.00011,714,0.0141,0.006,NONE,False,False,0.0709,LOW_RISK,1,False,0.1022
prod_20001699,20001699,1000486,Sports & Entertainment,4.25,4,8,8,1,0.0579,0.1667,0.0017,7,7.8e-05,282,0.013,0.007,NONE,False,False,0.0597,LOW_RISK,1,False,0.1022
prod_20004034,20004034,1000389,Home & Garden,4.67,3,9,9,1,0.0603,0.1667,0.0017,9,8e-05,714,0.0141,0.006,NONE,False,False,0.0463,LOW_RISK,1,False,0.1023
prod_20002247,20002247,1000006,Computer & Office,4.5,4,16,16,1,0.0443,0.2,0.0019,14,0.000112,714,0.0141,0.006,NONE,False,False,0.0895,LOW_RISK,1,False,0.1024
prod_20002100,20002100,1000167,Sports & Entertainment,4.5,4,13,13,1,0.0429,0.1667,0.0018,12,9.5e-05,282,0.013,0.007,NONE,False,False,0.066,LOW_RISK,1,False,0.1024
prod_20004688,20004688,1000393,Consumer Electronics,4.25,8,21,21,1,0.0393,0.0909,0.0013,18,0.000135,714,0.0141,0.006,NONE,False,False,0.0868,LOW_RISK,1,False,0.1024
prod_20003967,20003967,1000478,Tools & Home Improvement,4.0,2,9,9,1,0.0326,0.0833,0.0029,9,7.5e-05,714,0.0141,0.006,NONE,False,False,0.08,LOW_RISK,1,False,0.1025
prod_20002078,20002078,1000398,Phones & Telecommunications,4.5,2,9,9,1,0.0514,0.1111,0.0024,9,7.7e-05,282,0.013,0.007,NONE,False,False,0.0584,LOW_RISK,1,False,0.1025
prod_20001667,20001667,1000455,Consumer Electronics,3.83,6,17,17,1,0.0358,0.1111,0.0013,16,0.000116,714,0.0141,0.006,NONE,False,False,0.0657,LOW_RISK,1,False,0.1026
prod_20000884,20000884,1000401,Sports & Entertainment,4.6,5,16,16,1,0.0332,0.1429,0.0019,15,0.000109,714,0.0141,0.006,NONE,False,False,0.0716,LOW_RISK,1,False,0.1026
prod_20000940,20000940,1000101,Automotive,4.0,2,9,9,1,0.033,0.1111,0.0029,9,7.5e-05,282,0.013,0.007,NONE,False,False,0.126,LOW_RISK,1,False,0.1026
prod_20003415,20003415,1000437,Computer & Office,4.2,5,15,15,1,0.049,0.1429,0.0024,13,0.00011,714,0.0141,0.006,NONE,False,False,0.0513,LOW_RISK,1,False,0.1027
prod_20003640,20003640,1000497,Jewelry & Accessories,4.5,6,18,19,2,0.0449,0.125,0.0016,15,0.00013,714,0.0141,0.006,NONE,False,False,0.0679,LOW_RISK,1,False,0.1027
prod_20004205,20004205,1000258,Phones & Telecommunications,4.4,5,15,15,1,0.0361,0.1429,0.0027,14,0.000106,714,0.0141,0.006,NONE,False,False,0.0844,LOW_RISK,1,False,0.1027
prod_20004042,20004042,1000323,Consumer Electronics,4.5,4,10,10,1,0.0302,0.1429,0.0028,10,8.1e-05,714,0.0141,0.006,NONE,False,False,0.0547,LOW_RISK,1,False,0.1027
prod_20001896,20001896,1000071,Home & Garden,3.86,7,11,11,1,0.047,0.1111,0.0019,10,9.2e-05,714,0.0141,0.006,NONE,False,False,0.0661,LOW_RISK,1,False,0.1028
prod_20004611,20004611,1000204,Computer & Office,4.0,5,13,13,1,0.0551,0.1667,0.0014,12,0.000103,714,0.0141,0.006,ELEC_SHOCK,True,True,0.2516,MODERATE_RISK,1,False,0.1028
prod_20003166,20003166,1000248,Phones & Telecommunications,4.67,6,16,16,1,0.0257,0.1111,0.0023,15,0.000108,282,0.013,0.007,NONE,False,False,0.0617,LOW_RISK,1,False,0.1028
prod_20003911,20003911,1000155,Tools & Home Improvement,4.75,4,14,14,1,0.0379,0.1429,0.0021,13,9.9e-05,714,0.0141,0.006,NONE,False,False,0.1457,LOW_RISK,1,False,0.1028
prod_20000818,20000818,1000478,Computer & Office,4.83,6,13,13,1,0.0359,0.1,0.0019,13,9.8e-05,714,0.0141,0.006,NONE,False,False,0.0834,LOW_RISK,1,False,0.1029
prod_20002165,20002165,1000473,Computer & Office,3.83,6,16,16,1,0.0381,0.1111,0.0018,14,0.000112,714,0.0141,0.006,NONE,False,False,0.0643,LOW_RISK,1,False,0.1029
prod_20004010,20004010,1000061,Sports & Entertainment,4.5,2,7,7,1,0.0566,0.2,0.0023,7,7e-05,714,0.0141,0.006,NONE,False,False,0.0546,LOW_RISK,1,False,0.103
prod_20001199,20001199,1000044,Phones & Telecommunications,4.0,6,11,11,1,0.0488,0.125,0.0023,10,9.2e-05,282,0.013,0.007,NONE,False,False,0.0669,LOW_RISK,1,False,0.103
prod_20000835,20000835,1000051,Tools & Home Improvement,4.38,8,18,19,2,0.039,0.1111,0.0017,15,0.000128,714,0.0141,0.006,NONE,False,False,0.0671,LOW_RISK,1,False,0.103
prod_20002996,20002996,1000309,Home & Garden,4.5,2,9,9,1,0.0262,0.1111,0.0028,9,7.4e-05,282,0.013,0.007,NONE,False,False,0.0691,LOW_RISK,1,False,0.1031
prod_20003032,20003032,1000139,Computer & Office,4.5,2,4,4,1,0.0503,0.0769,0.0016,4,5.4e-05,714,0.0141,0.006,NONE,False,False,0.086,LOW_RISK,1,False,0.1031
prod_20004612,20004612,1000145,Automotive,4.17,6,13,13,1,0.0306,0.0769,0.0022,13,9.5e-05,282,0.013,0.007,NONE,False,False,0.0665,LOW_RISK,1,False,0.1031
prod_20003774,20003774,1000443,Tools & Home Improvement,4.5,2,7,7,1,0.0299,0.1111,0.0031,7,6.8e-05,714,0.0141,0.006,NONE,False,False,0.0442,LOW_RISK,1,False,0.1031
prod_20001308,20001308,1000055,Consumer Electronics,4.12,8,25,26,2,0.0381,0.1,0.0015,20,0.000163,714,0.0141,0.006,ELEC_SHOCK,True,True,0.2501,MODERATE_RISK,1,False,0.1031
prod_20002443,20002443,1000328,Computer & Office,5.0,2,11,11,1,0.0342,0.1111,0.0019,11,8.4e-05,714,0.0141,0.006,NONE,False,False,0.0675,LOW_RISK,1,False,0.1031
prod_20003061,20003061,1000154,Jewelry & Accessories,4.0,2,7,7,1,0.0364,0.1,0.0026,7,6.7e-05,282,0.013,0.007,NONE,False,False,0.0657,LOW_RISK,1,False,0.1031
prod_20002897,20002897,1000425,Computer & Office,4.5,4,13,13,1,0.056,0.1429,0.0014,13,9.7e-05,714,0.0141,0.006,NONE,False,False,0.06,LOW_RISK,1,False,0.1032
prod_20004075,20004075,1000215,Automotive,4.25,4,18,18,1,0.045,0.1429,0.0015,16,0.00012,714,0.0141,0.006,NONE,False,False,0.0878,LOW_RISK,1,False,0.1032
prod_20003811,20003811,1000416,Tools & Home Improvement,4.57,7,17,17,1,0.0281,0.1111,0.0021,16,0.000113,714,0.0141,0.006,NONE,False,False,0.0773,LOW_RISK,1,False,0.1032
prod_20000753,20000753,1000372,Automotive,4.4,5,16,16,1,0.0554,0.1667,0.0018,14,0.000124,282,0.013,0.007,NONE,False,False,0.0615,LOW_RISK,1,False,0.1033
prod_20003682,20003682,1000223,Tools & Home Improvement,4.67,3,10,10,1,0.0506,0.1667,0.002,9,8.3e-05,282,0.013,0.007,NONE,False,False,0.0562,LOW_RISK,1,False,0.1033
prod_20003980,20003980,1000304,Phones & Telecommunications,4.5,2,6,6,1,0.0281,0.0833,0.002,6,6.2e-05,282,0.013,0.007,NONE,False,False,0.0487,LOW_RISK,1,False,0.1033
prod_20003710,20003710,1000145,Phones & Telecommunications,4.17,6,15,15,1,0.0499,0.1429,0.0013,13,0.000127,714,0.0141,0.006,NONE,False,False,0.0653,LOW_RISK,1,False,0.1033
prod_20002394,20002394,1000098,Consumer Electronics,4.5,6,20,20,1,0.0361,0.1111,0.0016,17,0.000129,282,0.013,0.007,NONE,False,False,0.0683,LOW_RISK,1,False,0.1034
prod_20004230,20004230,1000466,Sports & Entertainment,4.75,4,16,16,1,0.0425,0.1667,0.0021,15,0.00011,714,0.0141,0.006,NONE,False,False,0.0621,LOW_RISK,1,False,0.1034
prod_20004016,20004016,1000256,Home & Garden,4.57,7,17,17,1,0.0351,0.1429,0.0019,16,0.000117,714,0.0141,0.006,NONE,False,False,0.0675,LOW_RISK,1,False,0.1034
prod_20003636,20003636,1000036,Computer & Office,4.0,3,7,7,1,0.0483,0.1667,0.0022,7,6.9e-05,714,0.0141,0.006,NONE,False,False,0.0536,LOW_RISK,1,False,0.1035
prod_20001243,20001243,1000378,Sports & Entertainment,3.67,3,9,9,1,0.0331,0.1111,0.002,9,7.5e-05,282,0.013,0.007,NONE,False,False,0.0523,LOW_RISK,1,False,0.1035
prod_20000838,20000838,1000491,Jewelry & Accessories,4.67,3,11,11,1,0.0296,0.1111,0.0026,11,8.5e-05,714,0.0141,0.006,ELEC_SHOCK,False,True,0.0933,LOW_RISK,1,False,0.1036
prod_20001833,20001833,1000125,Computer & Office,4.0,3,8,8,1,0.0493,0.125,0.0019,8,7.4e-05,282,0.013,0.007,NONE,False,False,0.0613,LOW_RISK,1,False,0.1036
prod_20001903,20001903,1000070,Sports & Entertainment,4.43,7,20,22,2,0.043,0.1111,0.0015,16,0.000142,714,0.0141,0.006,NONE,False,False,0.1121,LOW_RISK,1,False,0.1037
prod_20004084,20004084,1000370,Consumer Electronics,4.67,3,9,9,1,0.0395,0.0769,0.0012,9,7.7e-05,282,0.013,0.007,NONE,False,False,0.0546,LOW_RISK,1,False,0.1038
prod_20002725,20002725,1000341,Jewelry & Accessories,4.75,4,13,13,1,0.0422,0.1111,0.0016,13,9.6e-05,714,0.0141,0.006,NONE,False,False,0.063,LOW_RISK,1,False,0.1038
prod_20003490,20003490,1000075,Jewelry & Accessories,4.0,4,12,12,1,0.0426,0.1667,0.0014,11,9.1e-05,714,0.0141,0.006,NONE,False,False,0.0741,LOW_RISK,1,False,0.1038
prod_20002712,20002712,1000156,Tools & Home Improvement,4.75,4,11,11,1,0.042,0.1429,0.0013,11,8.7e-05,714,0.0141,0.006,NONE,False,False,0.0469,LOW_RISK,1,False,0.1039
prod_20004358,20004358,1000287,Computer & Office,4.67,3,10,10,1,0.0309,0.0769,0.0019,10,8.1e-05,282,0.013,0.007,ELEC_SHOCK,False,True,0.0622,LOW_RISK,1,False,0.1039
prod_20004022,20004022,1000401,Automotive,4.0,2,10,10,1,0.0452,0.1667,0.0025,10,8e-05,282,0.013,0.007,NONE,False,False,0.0597,LOW_RISK,1,False,0.1039
prod_20002604,20002604,1000161,Phones & Telecommunications,4.0,2,10,10,1,0.0418,0.1667,0.0027,10,8e-05,714,0.0141,0.006,NONE,False,False,0.0534,LOW_RISK,1,False,0.1039
prod_20002732,20002732,1000362,Consumer Electronics,4.5,2,7,7,1,0.0483,0.0833,0.0017,7,6.8e-05,282,0.013,0.007,NONE,False,False,0.1272,LOW_RISK,1,False,0.104
prod_20003282,20003282,1000465,Computer & Office,4.5,2,9,9,1,0.0331,0.1667,0.0021,9,7.5e-05,282,0.013,0.007,NONE,False,False,0.0542,LOW_RISK,1,False,0.104
prod_20003045,20003045,1000420,Home & Garden,4.0,6,16,16,1,0.035,0.125,0.0013,14,0.000113,282,0.013,0.007,NONE,False,False,0.0642,LOW_RISK,1,False,0.1041
prod_20003697,20003697,1000295,Consumer Electronics,4.4,5,19,20,2,0.036,0.0909,0.0023,19,0.000125,714,0.0141,0.006,NONE,False,False,0.0704,LOW_RISK,1,False,0.1041
prod_20002634,20002634,1000136,Computer & Office,4.2,5,17,17,1,0.0433,0.1667,0.0023,15,0.000124,714,0.0141,0.006,NONE,False,False,0.0673,LOW_RISK,1,False,0.1041
prod_20002395,20002395,1000408,Automotive,4.33,3,11,11,1,0.0481,0.1429,0.0019,11,8.7e-05,282,0.013,0.007,NONE,False,False,0.0825,LOW_RISK,1,False,0.1042
prod_20004631,20004631,1000106,Tools & Home Improvement,4.33,6,20,21,2,0.0388,0.0909,0.0014,19,0.000132,714,0.0141,0.006,NONE,False,False,0.0675,LOW_RISK,1,False,0.1043
prod_20000863,20000863,1000231,Phones & Telecommunications,4.5,8,20,21,2,0.0363,0.0833,0.0015,19,0.000134,282,0.013,0.007,NONE,False,False,0.0759,LOW_RISK,1,False,0.1043
prod_20003885,20003885,1000458,Consumer Electronics,4.0,4,14,14,1,0.0428,0.1429,0.0021,12,0.000105,714,0.0141,0.006,NONE,False,False,0.0668,LOW_RISK,1,False,0.1043
prod_20002304,20002304,1000267,Phones & Telecommunications,4.5,6,15,15,1,0.0277,0.0714,0.0013,15,0.000102,714,0.0141,0.006,NONE,False,False,0.068,LOW_RISK,1,False,0.1044
prod_20004061,20004061,1000192,Phones & Telecommunications,4.0,6,13,13,1,0.0338,0.1,0.002,13,9.7e-05,282,0.013,0.007,NONE,False,False,0.0642,LOW_RISK,1,False,0.1044
prod_20003190,20003190,1000313,Phones & Telecommunications,4.17,6,19,20,2,0.0358,0.1,0.0018,19,0.000127,714,0.0141,0.006,NONE,False,False,0.067,LOW_RISK,1,False,0.1045
prod_20001363,20001363,1000476,Sports & Entertainment,4.67,3,7,7,1,0.0305,0.0909,0.0023,7,6.7e-05,282,0.013,0.007,NONE,False,False,0.0577,LOW_RISK,1,False,0.1046
prod_20002466,20002466,1000114,Home & Garden,3.67,3,10,10,1,0.0358,0.0909,0.002,10,7.9e-05,714,0.0141,0.006,NONE,False,False,0.0634,LOW_RISK,1,False,0.1046
prod_20001729,20001729,1000362,Sports & Entertainment,4.0,4,12,12,1,0.0381,0.0909,0.0018,12,9e-05,282,0.013,0.007,NONE,False,False,0.1307,LOW_RISK,1,False,0.1046
prod_20004000,20004000,1000074,Consumer Electronics,4.5,2,9,9,1,0.0459,0.1429,0.0026,9,7.6e-05,714,0.0141,0.006,NONE,False,False,0.0653,LOW_RISK,1,False,0.1047
prod_20004031,20004031,1000081,Home & Garden,4.67,3,11,11,1,0.0569,0.2,0.0019,11,8.8e-05,714,0.0141,0.006,NONE,False,False,0.0606,LOW_RISK,1,False,0.1047
prod_20001365,20001365,1000208,Phones & Telecommunications,4.75,4,10,10,1,0.0528,0.125,0.0019,10,8.4e-05,714,0.0141,0.006,NONE,False,False,0.064,LOW_RISK,1,False,0.1047
prod_20004565,20004565,1000394,Consumer Electronics,4.0,5,6,6,1,0.0282,0.0833,0.0018,6,6.3e-05,714,0.0141,0.006,NONE,False,False,0.1327,LOW_RISK,1,False,0.1047
prod_20003412,20003412,1000420,Sports & Entertainment,4.5,2,7,7,1,0.0362,0.0909,0.0025,7,6.7e-05,282,0.013,0.007,NONE,False,False,0.0527,LOW_RISK,1,False,0.1048
prod_20002206,20002206,1000083,Sports & Entertainment,4.33,3,6,6,1,0.0374,0.0909,0.002,6,6.3e-05,282,0.013,0.007,NONE,False,False,0.051,LOW_RISK,1,False,0.1048
prod_20002645,20002645,1000331,Tools & Home Improvement,4.0,3,10,10,1,0.0394,0.1667,0.0021,10,8.1e-05,282,0.013,0.007,NONE,False,False,0.0658,LOW_RISK,1,False,0.1048
prod_20002639,20002639,1000021,Phones & Telecommunications,4.5,6,18,18,1,0.0298,0.1429,0.0015,16,0.000118,714,0.0141,0.006,NONE,False,False,0.066,LOW_RISK,1,False,0.1049
prod_20003321,20003321,1000168,Phones & Telecommunications,4.5,4,15,15,1,0.052,0.1429,0.0014,14,0.000109,282,0.013,0.007,NONE,False,False,0.0627,LOW_RISK,1,False,0.105
prod_20001491,20001491,1000164,Consumer Electronics,4.0,2,8,8,1,0.0448,0.1111,0.0023,8,7.3e-05,282,0.013,0.007,NONE,False,False,0.071,LOW_RISK,1,False,0.105
prod_20003389,20003389,1000222,Consumer Electronics,4.67,6,13,13,1,0.0398,0.0833,0.0022,13,9.7e-05,714,0.0141,0.006,NONE,False,False,0.098,LOW_RISK,1,False,0.1051
prod_20002819,20002819,1000480,Sports & Entertainment,4.0,3,8,8,1,0.0519,0.1429,0.002,8,7.4e-05,714,0.0141,0.006,NONE,False,False,0.0594,LOW_RISK,1,False,0.1052
prod_20004682,20004682,1000240,Sports & Entertainment,4.67,3,7,7,1,0.0363,0.0667,0.0016,7,6.7e-05,282,0.013,0.007,NONE,False,False,0.0487,LOW_RISK,1,False,0.1052
prod_20002266,20002266,1000021,Home & Garden,4.5,2,6,6,1,0.0275,0.0667,0.0017,6,6.2e-05,714,0.0141,0.006,NONE,False,False,0.0495,LOW_RISK,1,False,0.1053
prod_20002422,20002422,1000450,Computer & Office,4.44,9,20,20,1,0.0341,0.1,0.0016,18,0.000131,282,0.013,0.007,ELEC_SHOCK,True,True,0.2541,MODERATE_RISK,1,False,0.1053
prod_20003373,20003373,1000456,Jewelry & Accessories,4.33,3,16,16,1,0.0276,0.1,0.0023,16,0.000105,282,0.013,0.007,NONE,False,False,0.0663,LOW_RISK,1,False,0.1054
prod_20002916,20002916,1000451,Tools & Home Improvement,4.33,6,17,17,1,0.0352,0.125,0.0013,16,0.000116,282,0.013,0.007,NONE,False,False,0.0746,LOW_RISK,1,False,0.1054
prod_20002509,20002509,1000252,Phones & Telecommunications,4.25,4,11,11,1,0.0428,0.0833,0.0025,11,8.8e-05,714,0.0141,0.006,NONE,False,False,0.052,LOW_RISK,1,False,0.1055
prod_20000759,20000759,1000498,Phones & Telecommunications,4.5,2,10,10,1,0.0536,0.1429,0.0019,10,8.2e-05,282,0.013,0.007,NONE,False,False,0.058,LOW_RISK,1,False,0.1056
prod_20004149,20004149,1000292,Sports & Entertainment,4.0,5,11,11,1,0.0323,0.125,0.0024,10,8.7e-05,282,0.013,0.007,NONE,False,False,0.0639,LOW_RISK,1,False,0.1056
prod_20004986,20004986,1000486,Consumer Electronics,4.5,4,13,13,1,0.0399,0.1111,0.002,13,9.7e-05,282,0.013,0.007,NONE,False,False,0.0625,LOW_RISK,1,False,0.1057
prod_20004724,20004724,1000459,Sports & Entertainment,4.5,2,7,7,1,0.0277,0.0667,0.0022,7,6.7e-05,714,0.0141,0.006,NONE,False,False,0.0513,LOW_RISK,1,False,0.1057
prod_20003814,20003814,1000215,Phones & Telecommunications,4.0,6,20,20,1,0.0349,0.1111,0.0017,19,0.000126,714,0.0141,0.006,NONE,False,False,0.0786,LOW_RISK,1,False,0.1057
prod_20004320,20004320,1000399,Tools & Home Improvement,4.25,4,9,9,1,0.0288,0.0588,0.0018,9,7.6e-05,714,0.0141,0.006,NONE,False,False,0.0552,LOW_RISK,1,False,0.1058
prod_20002400,20002400,1000337,Computer & Office,4.25,4,15,15,1,0.0269,0.0769,0.0023,15,0.000101,714,0.0141,0.006,NONE,False,False,0.0616,LOW_RISK,1,False,0.1058
prod_20002432,20002432,1000046,Home & Garden,4.5,2,8,8,1,0.0467,0.1111,0.0021,8,7.2e-05,282,0.013,0.007,NONE,False,False,0.054,LOW_RISK,1,False,0.1058
prod_20003094,20003094,1000064,Phones & Telecommunications,4.67,3,10,10,1,0.0353,0.0769,0.0023,10,8e-05,282,0.013,0.007,NONE,False,False,0.0648,LOW_RISK,1,False,0.1058
prod_20003427,20003427,1000482,Tools & Home Improvement,4.0,2,9,9,1,0.0395,0.1429,0.002,9,7.6e-05,282,0.013,0.007,NONE,False,False,0.0689,LOW_RISK,1,False,0.106
prod_20004752,20004752,1000249,Automotive,4.67,3,9,9,1,0.044,0.1111,0.0023,9,7.7e-05,282,0.013,0.007,CHOKE_CHILD,True,True,0.2346,MODERATE_RISK,1,False,0.1061
prod_20001238,20001238,1000299,Computer & Office,4.33,6,17,17,1,0.038,0.0909,0.0017,16,0.000116,282,0.013,0.007,NONE,False,False,0.0725,LOW_RISK,1,False,0.1061
prod_20001245,20001245,1000347,Tools & Home Improvement,4.0,4,14,14,1,0.0373,0.125,0.0017,14,9.9e-05,714,0.0141,0.006,NONE,False,False,0.0696,LOW_RISK,1,False,0.1063
prod_20003114,20003114,1000287,Jewelry & Accessories,4.33,6,19,19,1,0.0346,0.1,0.0014,18,0.000122,282,0.013,0.007,NONE,False,False,0.0675,LOW_RISK,1,False,0.1064
prod_20003907,20003907,1000419,Consumer Electronics,4.5,2,6,6,1,0.0434,0.0909,0.0017,6,6.4e-05,714,0.0141,0.006,NONE,False,False,0.0586,LOW_RISK,1,False,0.1065
prod_20001608,20001608,1000476,Phones & Telecommunications,4.67,3,10,10,1,0.0593,0.1429,0.0019,10,8.4e-05,714,0.0141,0.006,NONE,False,False,0.0626,LOW_RISK,1,False,0.1065
prod_20003758,20003758,1000039,Jewelry & Accessories,4.4,5,16,16,1,0.0292,0.0769,0.0023,16,0.000107,282,0.013,0.007,NONE,False,False,0.0733,LOW_RISK,1,False,0.1066
prod_20004908,20004908,1000243,Jewelry & Accessories,4.17,6,17,17,1,0.0387,0.0909,0.0013,16,0.000117,714,0.0141,0.006,NONE,False,False,0.1117,LOW_RISK,1,False,0.1068
prod_20002343,20002343,1000164,Consumer Electronics,4.5,2,11,11,1,0.0523,0.1111,0.002,11,8.7e-05,282,0.013,0.007,NONE,False,False,0.0724,LOW_RISK,1,False,0.1068
prod_20001029,20001029,1000428,Consumer Electronics,4.0,4,15,15,1,0.0426,0.1111,0.0021,14,0.000105,282,0.013,0.007,NONE,False,False,0.064,LOW_RISK,1,False,0.1069
prod_20003084,20003084,1000012,Home & Garden,4.2,5,14,14,1,0.0318,0.1,0.0013,14,9.7e-05,714,0.0141,0.006,NONE,False,False,0.0484,LOW_RISK,1,False,0.1069
prod_20002358,20002358,1000011,Tools & Home Improvement,4.25,4,9,9,1,0.028,0.1111,0.0025,9,7.6e-05,714,0.0141,0.006,CHOKE_CHILD,False,True,0.0833,LOW_RISK,1,False,0.107
prod_20001337,20001337,1000060,Home & Garden,4.33,3,10,10,1,0.0446,0.1667,0.0022,10,8.1e-05,714,0.0141,0.006,NONE,False,False,0.0648,LOW_RISK,1,False,0.1072
prod_20001074,20001074,1000450,Computer & Office,4.67,6,17,17,1,0.0357,0.1,0.0015,15,0.000114,714,0.0141,0.006,UNCERTIFIED_MED,False,True,0.1361,LOW_RISK,1,False,0.1073
prod_20004919,20004919,1000363,Jewelry & Accessories,4.5,2,10,10,1,0.0366,0.1667,0.0023,10,8.1e-05,714,0.0141,0.006,NONE,False,False,0.0546,LOW_RISK,1,False,0.1073
prod_20004850,20004850,1000157,Computer & Office,4.25,4,9,9,1,0.038,0.1429,0.0022,9,7.8e-05,714,0.0141,0.006,NONE,False,False,0.0571,LOW_RISK,1,False,0.1074
prod_20001173,20001173,1000112,Computer & Office,4.0,3,8,8,1,0.038,0.1,0.0018,8,7.2e-05,282,0.013,0.007,NONE,False,False,0.0971,LOW_RISK,1,False,0.1076
prod_20004607,20004607,1000293,Jewelry & Accessories,4.43,7,16,16,1,0.0421,0.1429,0.0021,14,0.000119,282,0.013,0.007,NONE,False,False,0.0655,LOW_RISK,1,False,0.1078
prod_20001724,20001724,1000046,Automotive,4.0,3,9,9,1,0.0371,0.125,0.002,9,7.7e-05,282,0.013,0.007,NONE,False,False,0.0539,LOW_RISK,1,False,0.1079
prod_20002194,20002194,1000275,Jewelry & Accessories,4.4,5,16,16,1,0.0358,0.1429,0.0022,15,0.000109,714,0.0141,0.006,NONE,False,False,0.0611,LOW_RISK,1,False,0.108
prod_20001591,20001591,1000153,Home & Garden,4.5,6,16,16,1,0.0339,0.125,0.0017,14,0.000114,282,0.013,0.007,NONE,False,False,0.0727,LOW_RISK,1,False,0.1081
prod_20004885,20004885,1000265,Computer & Office,4.33,3,6,6,1,0.0373,0.1111,0.0016,6,6.4e-05,714,0.0141,0.006,NONE,False,False,0.0556,LOW_RISK,1,False,0.1081
prod_20004980,20004980,1000159,Phones & Telecommunications,4.17,6,16,16,1,0.0327,0.1111,0.0022,14,0.00011,714,0.0141,0.006,CHOKE_CHILD,True,True,0.2382,MODERATE_RISK,1,False,0.1082
prod_20004975,20004975,1000071,Sports & Entertainment,4.25,4,11,11,1,0.0405,0.1429,0.0022,11,8.6e-05,714,0.0141,0.006,NONE,False,False,0.0617,LOW_RISK,1,False,0.1083
prod_20001272,20001272,1000240,Jewelry & Accessories,4.5,4,9,9,1,0.0399,0.1111,0.0013,9,7.7e-05,714,0.0141,0.006,NONE,False,False,0.0505,LOW_RISK,1,False,0.1083
prod_20002659,20002659,1000367,Phones & Telecommunications,4.29,7,15,15,1,0.042,0.1111,0.0013,13,0.000107,714,0.0141,0.006,NONE,False,False,0.0708,LOW_RISK,1,False,0.1087
prod_20004431,20004431,1000394,Tools & Home Improvement,4.4,5,14,14,1,0.0423,0.1429,0.0015,13,0.000103,714,0.0141,0.006,NONE,False,False,0.1381,LOW_RISK,1,False,0.1087
prod_20004212,20004212,1000160,Phones & Telecommunications,4.67,3,10,10,1,0.0466,0.125,0.0019,10,8.3e-05,714,0.0141,0.006,NONE,False,False,0.0597,LOW_RISK,1,False,0.1089
prod_20002214,20002214,1000089,Jewelry & Accessories,4.25,4,15,15,1,0.0348,0.0909,0.002,15,0.000103,714,0.0141,0.006,NONE,False,False,0.0573,LOW_RISK,1,False,0.1096
prod_20002995,20002995,1000228,Phones & Telecommunications,4.4,5,10,10,1,0.0367,0.1111,0.0025,10,8.2e-05,714,0.0141,0.006,NONE,False,False,0.0652,LOW_RISK,1,False,0.1114
